K,N,abs_err,config_failed,config_id,experiment,lambda,n,r,regime,task_id,z_obs,z_star
2,14,3.326183142249306e-07,False,1,H1,0.060482744584236144,6.0,1.3585979199113825,abundance,1,7.5331549250682786,7.533155257686593
2,14,3.3474405203293145e-07,False,1,H1,0.060482744584236144,5.0,1.1973680290593638,abundance,2,6.466844407569331,6.466844742313383
3,10,5.554916526762099e-10,False,2,H1,0.9100456466373241,5.0,1.2860643052769538,scarcity,1,4.558072002848231,4.558072003403723
3,10,1.696222806657488e-08,False,2,H1,0.9100456466373241,7.0,0.9503859378955671,scarcity,2,5.4419279796340545,5.441927996596283
3,10,1.751771458493296e-08,False,2,H1,0.9100456466373241,6.0,0.6281136326755459,scarcity,3,1.751771458493296e-08,0.0
5,40,1.3866420900399135e-08,False,3,H1,0.05,3.0,1.3276311719925822,abundance,1,4.620370008887466,4.620369995021045
5,40,1.2047415509641723e-08,False,3,H1,0.05,7.0,1.054584787015835,abundance,2,8.50015330327155,8.500153291224134
5,40,1.253162817960174e-08,False,3,H1,0.05,6.0,0.9434141988273311,abundance,3,7.441513660725244,7.441513648193616
5,40,1.3314760849425511e-08,False,3,H1,0.05,5.0,0.7272387217847769,abundance,4,6.303000424535389,6.303000411220628
5,40,1.4408672477372875e-08,False,3,H1,0.05,4.0,0.5638172561041753,abundance,5,5.164922346378157,5.164922331969485
5,10,2.9657720723719194e-09,False,4,H1,0.9644840903521367,2.0,1.3931211213221977,scarcity,1,1.5945085740471638,1.5945085710813918
5,10,1.7737979973730944e-09,False,4,H1,0.9644840903521367,6.0,1.278383497073762,scarcity,2,5.438739620194481,5.438739618420683
5,10,1.1980975767045265e-08,False,4,H1,0.9644840903521367,6.0,0.9667210037270342,scarcity,3,2.9667517985160163,2.966751810496992
5,10,7.242340208760065e-09,False,4,H1,0.9644840903521367,4.0,0.6946387078519676,scarcity,4,7.242340208760065e-09,0.0
5,10,7.319243194238704e-16,False,4,H1,0.9644840903521367,2.0,0.5438037657872288,scarcity,5,7.319243194238704e-16,0.0
5,43,1.222249856880353e-08,False,5,H1,0.05,6.0,0.9695558112758079,abundance,1,7.455933879318583,7.455933867096085
5,43,1.2334408161507326e-08,False,5,H1,0.05,6.0,0.8704597060348689,abundance,2,7.398920909763798,7.39892089742939
5,43,1.2049472530861749e-08,False,5,H1,0.05,7.0,0.8258253581381519,abundance,3,8.37095222978995,8.370952217740477
5,43,1.2623315726045803e-08,False,5,H1,0.05,6.0,0.6894713590842857,abundance,4,7.2743094267071235,7.274309414083808
5,43,1.3878858062810195e-08,False,5,H1,0.05,4.0,0.6299215053354716,abundance,5,5.225434890541423,5.225434876662565
5,14,2.7573157090898803e-09,False,6,H1,1.0506371151523413,3.0,1.3326781960578375,scarcity,1,2.3424503481553316,2.3424503509126473
5,14,2.7614257547270427e-09,False,6,H1,1.0506371151523413,3.0,1.332259801395201,scarcity,2,2.341708070992633,2.3417080737540585
5,14,3.195344433493119e-09,False,6,H1,1.0506371151523413,5.0,1.304764357496802,scarcity,3,4.290341526915736,4.29034153011108
5,14,5.671489056169321e-09,False,6,H1,1.0506371151523413,6.0,1.2002651020022492,scarcity,4,5.025500039550714,5.025500045222203
5,14,1.4385584317585609e-08,False,6,H1,1.0506371151523413,7.0,0.8123666413820411,scarcity,5,1.4385584317585609e-08,0.0
3,22,1.1837800073521976e-08,False,7,H1,0.05,7.0,0.6999082024751083,abundance,1,8.28240407210115,8.28240406026335
3,22,1.613448219472957e-08,False,7,H1,0.05,3.0,0.6397524836093098,abundance,2,4.233839978205743,4.233839962071261
3,22,1.691480910892551e-08,False,7,H1,0.05,3.0,0.5073622697510055,abundance,3,4.106726409033953,4.1067263921191435
4,10,1.5916159057383084e-08,False,8,H1,0.9578022639696496,6.0,1.280729031021968,scarcity,1,5.456392093333653,5.456392109249812
4,10,4.0552756708223114e-08,False,8,H1,0.9578022639696496,5.0,1.0687411959528936,scarcity,2,3.9221692274372995,3.922169267990056
4,10,5.646862466512914e-08,False,8,H1,0.9578022639696496,4.0,0.95891577553834,scarcity,3,0.621438679229046,0.6214386227604214
4,10,6.6922299599455116e-40,False,8,H1,0.9578022639696496,6.0,0.6397969981276574,scarcity,4,6.6922299599455116e-40,0.0
3,23,2.3582374275576967e-08,False,9,H1,0.05,6.0,1.2649988574160256,abundance,1,7.59523768139149,7.595237704973864
3,23,2.3710309271507413e-08,False,9,H1,0.05,5.0,1.1347183200005908,abundance,2,6.538526283258926,6.538526306969235
3,23,2.379348718051233e-08,False,9,H1,0.05,4.0,1.0652361064811888,abundance,3,5.505426714316211,5.505426738109698
2,5,8.088485881074803e-08,False,10,H1,0.530813569488625,5.0,0.9367173892323624,scarcity,1,4.865852603116008,4.865852684000867
2,5,8.087836428360973e-08,False,10,H1,0.530813569488625,6.0,0.5308178345679394,scarcity,2,0.13414739688399174,0.13414731600562746
3,19,5.650421019964824e-08,False,11,H1,0.05,3.0,0.7813838920219965,abundance,1,4.3414576817748625,4.341457738279073
3,19,5.6785658841818076e-08,False,11,H1,0.05,4.0,0.7339394858653407,abundance,2,5.307923161876098,5.307923218661757
3,19,5.823078730315956e-08,False,11,H1,0.05,7.0,0.558302741689066,abundance,3,8.159527048194485,8.159527106425273
5,10,1.470116561819168e-08,False,12,H1,0.7180287568365915,4.0,1.3140203846660348,scarcity,1,3.9068584853738413,3.906858500075007
5,10,1.7485296766039937e-08,False,12,H1,0.7180287568365915,5.0,1.1643135403273877,scarcity,2,4.762223810866417,4.762223828351714
5,10,3.283811023102601e-08,False,12,H1,0.7180287568365915,2.0,0.9063868614400705,scarcity,3,1.3309176387351704,1.3309176715732807
5,10,6.50245714869015e-08,False,12,H1,0.7180287568365915,5.0,0.6669729199077039,scarcity,4,6.50245714869015e-08,0.0
5,10,3.151928889144668e-33,False,12,H1,0.7180287568365915,5.0,0.5227120731338605,scarcity,5,3.151928889144668e-33,0.0
5,38,2.7400930413534752e-08,False,13,H1,0.05,6.0,1.196320375077736,abundance,1,7.566144678689943,7.566144706090873
5,38,2.765358253498107e-08,False,13,H1,0.05,6.0,1.0010447751033635,abundance,2,7.472769041414684,7.472769069068266
5,38,2.7744587960398803e-08,False,13,H1,0.05,6.0,0.9461562755740307,abundance,3,7.4430458757761455,7.4430459035207335
5,38,2.7865507234992037e-08,False,13,H1,0.05,4.0,0.8810212260964825,abundance,4,5.405316138102897,5.405316165968404
5,38,2.8519016481709514e-08,False,13,H1,0.05,6.0,0.6523121027131684,abundance,5,7.244376345771304,7.24437637429032
2,5,2.905165441546842e-08,False,14,H1,0.7590820291399171,6.0,0.8618126105533904,scarcity,1,4.999999970948346,5.0
2,5,2.905165469482695e-08,False,14,H1,0.7590820291399171,5.0,0.587649919316101,scarcity,2,2.905165469482695e-08,0.0
3,30,1.2643901925457612e-08,False,15,H1,0.05,7.0,1.4691763773477238,abundance,1,8.672904493114167,8.672904480470265
3,30,1.53892614207507e-08,False,15,H1,0.05,4.0,1.1997071338107497,abundance,2,5.567619774011597,5.567619758622335
3,30,1.3399663600921485e-08,False,15,H1,0.05,7.0,0.7658699614595196,abundance,3,8.330737776881985,8.330737763482322
3,10,2.1677237782569136e-10,False,16,H1,0.7560489302747041,6.0,1.4026023965438417,scarcity,1,5.921774899400235,5.921774899617008
3,10,3.0829355956996096e-08,False,16,H1,0.7560489302747041,6.0,0.772241561845159,scarcity,2,4.078225069553642,4.078225100382998
3,10,3.10461239235249e-08,False,16,H1,0.7560489302747041,4.0,0.5963909621534993,scarcity,3,3.10461239235249e-08,0.0
4,26,3.462727082848005e-08,False,17,H1,0.05,3.0,1.3566142840923754,abundance,1,4.631585739962661,4.631585774589932
4,26,3.47577486792261e-08,False,17,H1,0.05,6.0,1.25851952983521,abundance,2,7.59256414273127,7.5925641774890185
4,26,3.4792081216039605e-08,False,17,H1,0.05,3.0,1.2194629559509367,abundance,3,4.576138417696744,4.576138452488825
4,26,3.614419785691325e-08,False,17,H1,0.05,6.0,0.6767727829392317,abundance,4,7.264280504790688,7.264280540934886
4,9,1.2839612928416955e-08,False,18,H1,0.5415600376922388,3.0,1.1498466015548199,scarcity,1,3.058096067082833,3.058096079922446
4,9,1.6869742935909926e-08,False,18,H1,0.5415600376922388,5.0,0.9158074021706096,scarcity,2,4.815231507083604,4.815231523953347
4,9,9.947914270114211e-08,False,18,H1,0.5415600376922388,2.0,0.5844443211398891,scarcity,3,0.7320256367120228,0.7320257361911655
4,9,1.2884211419983416e-07,False,18,H1,0.5415600376922388,5.0,0.5416141738618925,scarcity,4,0.3946467891215407,0.3946466602794265
2,11,2.0446810822249972e-07,False,19,H1,0.05,3.0,1.087644572177712,abundance,1,4.516342587354979,4.516342791823087
2,11,2.1295463259463077e-07,False,19,H1,0.05,5.0,0.6034029677225516,abundance,2,6.202031499354467,6.2020317123090996
2,6,6.6810779131287745e-09,False,20,H1,0.845849402656311,3.0,1.0810611397003949,scarcity,1,2.3600723989120165,2.3600723922309386
2,6,6.68109212398349e-09,False,20,H1,0.845849402656311,7.0,0.8468698045348371,scarcity,2,3.639927601087982,3.6399276077690743
3,17,3.3412072664162906e-08,False,21,H1,0.05,2.0,1.2827352272502863,abundance,1,3.6024838346035306,3.6024838680156033
3,17,3.3896335960292845e-08,False,21,H1,0.05,2.0,0.9823034369429002,abundance,2,3.4628176322976807,3.4628176661940167
3,17,3.541313375876598e-08,False,21,H1,0.05,7.0,0.5827299999224386,abundance,3,8.182995826406751,8.182995861819885
4,10,3.3292630874370843e-09,False,22,H1,0.8306109491534627,4.0,1.0206724024715377,scarcity,1,3.2625929758543117,3.2625929725250487
4,10,4.402749276266604e-09,False,22,H1,0.8306109491534627,4.0,0.9734894010569538,scarcity,2,3.119916388800703,3.119916384397954
4,10,4.283782129022029e-08,False,22,H1,0.8306109491534627,7.0,0.8315689973425522,scarcity,3,3.6174906002400236,3.617490643077845
4,10,3.510496147932359e-08,False,22,H1,0.8306109491534627,2.0,0.7669756630918936,scarcity,4,3.510496147932359e-08,0.0
4,24,1.7970210208773096e-08,False,23,H1,0.05,3.0,1.3961607718397668,abundance,1,4.646494452931762,4.646494470901972
4,24,1.8211304464443856e-08,False,23,H1,0.05,2.0,1.0540361435390495,abundance,2,3.499880128646919,3.4998801468582235
4,24,1.8958231429166972e-08,False,23,H1,0.05,4.0,0.6402490889986108,abundance,3,5.2342607946018305,5.234260813560062
4,24,1.9057984523840332e-08,False,23,H1,0.05,6.0,0.6085757411354435,abundance,4,7.206683590526509,7.206683609584494
2,2,2.908923590894119e-08,False,24,H1,1.2173113041816366,3.0,1.268647491917657,scarcity,1,1.4169980013108028,1.4169980304000387
2,2,2.9083951691433185e-08,False,24,H1,1.2173113041816366,3.0,1.2269946142868826,scarcity,2,0.5830019986891974,0.5830019696052458
4,37,1.3778955754162325e-08,False,25,H1,0.05,5.0,1.3297897431324133,abundance,1,6.6212140511864765,6.621214037407521
4,37,1.2951945294048528e-08,False,25,H1,0.05,7.0,1.0548524693914834,abundance,2,8.500286516783925,8.50028650383198
4,37,1.3166053136615119e-08,False,25,H1,0.05,7.0,0.8709222838624388,abundance,3,8.399202732768869,8.399202719602815
4,37,1.8038433857725522e-08,False,25,H1,0.05,3.0,0.5374125561761798,abundance,4,4.138543966525627,4.138543948487193
5,13,4.464824066019446e-09,False,26,H1,0.6642518682649013,3.0,1.4360435700489633,scarcity,1,3.075026645558646,3.07502665002347
5,13,7.087993747489918e-09,False,26,H1,0.6642518682649013,3.0,1.0150571292317145,scarcity,2,2.680784923017693,2.6807849301056867
5,13,2.4135760057220068e-08,False,26,H1,0.6642518682649013,7.0,0.7559650905676027,scarcity,3,6.010002557118289,6.010002581254049
5,13,3.5814594845362535e-08,False,26,H1,0.6642518682649013,5.0,0.6646078175820181,scarcity,4,1.2341858742426912,1.2341858384280964
5,13,6.26818422767494e-11,False,26,H1,0.6642518682649013,3.0,0.544910619392329,scarcity,5,6.26818422767494e-11,0.0
5,38,1.1292911494820146e-08,False,27,H1,0.05,7.0,1.393446639697863,abundance,1,8.645485363521448,8.645485352228537
5,38,1.4754048205389836e-08,False,27,H1,0.05,2.0,1.3907924908785247,abundance,2,3.6444965766568296,3.6444965619027814
5,38,1.135589933198844e-08,False,27,H1,0.05,7.0,1.272012432110988,abundance,3,8.598115665270178,8.59811565391428
5,38,1.53141725967032e-08,False,27,H1,0.05,2.0,1.018858360386449,abundance,4,3.4820477277475694,3.482047712433397
5,38,1.2147397754347367e-08,False,27,H1,0.05,6.0,0.815929051830793,abundance,5,7.3645332813433875,7.36453326919599
3,7,6.030164811932082e-09,False,28,H1,1.2440954113655862,4.0,1.4368131505337791,scarcity,1,3.0675313357635576,3.067531329733393
3,7,7.020691139558721e-09,False,28,H1,1.2440954113655862,7.0,1.246789611349026,scarcity,2,3.9324686632485575,3.9324686702692486
3,7,9.878851756865133e-10,False,28,H1,1.2440954113655862,2.0,0.7624605159228647,scarcity,3,9.878851756865133e-10,0.0
2,7,7.718920347343783e-08,False,29,H1,0.05,2.0,0.6792683081577391,abundance,1,3.266267284495302,3.2662673616845055
2,7,7.745225660826804e-08,False,29,H1,0.05,2.0,0.653284316624494,abundance,2,3.245182714397438,3.2451827918496945
5,11,6.253643825004929e-09,False,30,H1,1.1868651519327882,6.0,1.4718264260609675,scarcity,1,5.2866412471105,5.286641253364144
5,11,2.030788515128279e-08,False,30,H1,1.1868651519327882,7.0,1.2774048382411776,scarcity,2,5.7133587263279715,5.713358746635857
5,11,2.6561527669361008e-08,False,30,H1,1.1868651519327882,2.0,1.0007411862023423,scarcity,3,2.6561527669361008e-08,0.0
5,11,2.8027703875816274e-27,False,30,H1,1.1868651519327882,3.0,0.6438975025512508,scarcity,4,2.8027703875816274e-27,0.0
5,11,2.7180467595749213e-37,False,30,H1,1.1868651519327882,3.0,0.5139362877082015,scarcity,5,2.7180467595749213e-37,0.0
3,11,1.3611740712349274e-07,False,31,H1,0.05879206376502971,3.0,1.1942624356428864,abundance,1,4.480397560289855,4.4803976964072625
3,11,1.374606295456715e-07,False,31,H1,0.05879206376502971,2.0,1.0063299316206331,abundance,2,3.389929875749195,3.3899300132098245
3,11,1.4306816575881953e-07,False,31,H1,0.05879206376502971,2.0,0.6218325046285311,abundance,3,3.129672147314731,3.1296722903828966
4,16,5.110223355586641e-10,False,32,H1,0.6154876533531156,4.0,1.2389840039155418,scarcity,1,4.006464012524978,4.006464013036
4,16,3.798716896596943e-10,False,32,H1,0.6154876533531156,3.0,1.2154071296158016,scarcity,2,2.9871902766688976,2.9871902770487693
4,16,4.441686485279206e-08,False,32,H1,0.6154876533531156,7.0,0.6310577515573133,scarcity,3,5.161468659189616,5.161468703606481
4,16,4.530466268803934e-08,False,32,H1,0.6154876533531156,6.0,0.6237538036503446,scarcity,4,3.844877051616509,3.8448770063118465
2,20,1.7182455458453205e-08,False,33,H1,0.05,4.0,1.1628642127635824,abundance,1,5.55133465146443,5.551334668646885
2,20,1.7394011564419998e-08,False,33,H1,0.05,7.0,0.9885840453515333,abundance,2,8.466174682326352,8.466174699720364
3,7,5.604205099984938e-09,False,34,H1,0.7982844417606688,5.0,1.1339751116810852,scarcity,1,4.56686256111708,4.566862566721285
3,7,7.034159477115054e-09,False,34,H1,0.7982844417606688,3.0,1.0551980423268246,scarcity,2,2.4331374262443104,2.43313743327847
3,7,1.2638609661230114e-08,False,34,H1,0.7982844417606688,7.0,0.5248594913862563,scarcity,3,1.2638609661230114e-08,0.0
5,24,5.956636073278787e-09,False,35,H1,0.20209631612709858,6.0,1.4330232216002112,abundance,1,6.9033891690329545,6.903389174989591
5,24,6.047668144049112e-09,False,35,H1,0.20209631612709858,2.0,1.3043609156129707,abundance,2,2.84818883047493,2.8481888365225982
5,24,6.0806613078057126e-09,False,35,H1,0.20209631612709858,6.0,1.2847634492521873,abundance,3,6.8392192175107756,6.839219223591437
5,24,6.297821819600813e-09,False,35,H1,0.20209631612709858,4.0,1.0960425532343727,abundance,4,4.743450613516505,4.743450619814327
5,24,6.512643313527633e-09,False,35,H1,0.20209631612709858,2.0,0.9673816015552915,abundance,5,2.6657521385694007,2.665752145082044
5,11,1.3146106425665494e-10,False,36,H1,1.0141497390285261,5.0,1.3677389537760112,scarcity,1,4.473164992203494,4.473164992072033
5,11,2.1952633599831017e-08,False,36,H1,1.0141497390285261,2.0,1.1060158207000108,scarcity,2,0.7992630408048956,0.799263018852262
5,11,4.869063152668218e-09,False,36,H1,1.0141497390285261,3.0,1.1031071573387257,scarcity,3,1.7831759870755768,1.7831759822065136
5,11,2.6953160148224242e-08,False,36,H1,1.0141497390285261,6.0,1.0307695905990535,scarcity,4,3.9443959799160324,3.9443960068691926
5,11,1.5810814282030934e-21,False,36,H1,1.0141497390285261,3.0,0.7326407419664337,scarcity,5,1.5810814282030934e-21,0.0
5,32,1.3906200635460664e-08,False,37,H1,0.05,2.0,1.3674906317523248,abundance,1,3.6357305960750352,3.6357305821688346
5,32,1.2377801894558615e-08,False,37,H1,0.05,4.0,1.2460142802434464,abundance,2,5.587363446884817,5.587363434507015
5,32,1.1230692820163313e-08,False,37,H1,0.05,7.0,0.9538968820762997,abundance,3,8.447346151209722,8.447346139979029
5,32,1.2976146379628517e-08,False,37,H1,0.05,4.0,0.7478395629513581,abundance,4,5.317983122180583,5.3179831092044365
5,32,1.4988957186545804e-08,False,37,H1,0.05,2.0,0.7366623629975811,abundance,5,3.309909865083197,3.3099098500942397
4,9,9.314510940328091e-09,False,38,H1,0.8103316459836103,7.0,1.3246641904563412,scarcity,1,6.772713203978151,6.772713213292662
4,9,1.4242978796374928e-08,False,38,H1,0.8103316459836103,2.0,1.0944336637564518,scarcity,2,1.4759448796635706,1.4759448939065494
4,9,2.062003190417272e-08,False,38,H1,0.8103316459836103,7.0,0.8103346739240744,scarcity,3,0.7513419162621533,0.7513418956421214
4,9,9.61248198485626e-11,False,38,H1,0.8103316459836103,2.0,0.6461732441926983,scarcity,4,9.61248198485626e-11,0.0
5,23,1.7485533021499577e-08,False,39,H1,0.10089618161696459,7.0,0.6746414709358527,abundance,1,7.869046716315114,7.869046733800647
5,23,1.758448053834627e-08,False,39,H1,0.10089618161696459,5.0,0.6536133951920586,abundance,2,5.85037719215048,5.850377209734961
5,23,1.778804348262497e-08,False,39,H1,0.10089618161696459,2.0,0.615490063665355,abundance,3,2.814642946023454,2.8146429638114974
5,23,1.820234851734881e-08,False,39,H1,0.10089618161696459,2.0,0.5553954091642601,abundance,4,2.75255204712159,2.7525520653239384
5,23,1.849240405249475e-08,False,39,H1,0.10089618161696459,3.0,0.52114801633644,abundance,5,3.7133810088365524,3.7133810273289565
3,12,2.8376252458883755e-09,False,40,H1,0.8075680636390536,5.0,1.00452623702223,scarcity,1,4.294482026568882,4.294482023731256
3,12,9.539135703562351e-09,False,40,H1,0.8075680636390536,5.0,0.8936304568320282,scarcity,2,3.8805226068225913,3.8805225972834556
3,12,1.2379213654156729e-08,False,40,H1,0.8075680636390536,6.0,0.8179910969520494,scarcity,3,3.824995366608526,3.82499537898774
