sp_id,experiment_id,block,block_id,method_family,method_variant,method,architecture,dynamic_id,fitness_id,rounding_id,world_seed,method_seed,train_seed,N,K,load_ratio,geometry_id,R,mean_degree,min_degree,lambda2,num_components,diameter,success,matching_valid,coverage,social_cost,social_regret,normalized_regret,cost_gap,makespan_proxy,convergence_time,timeout,messages,bytes,runtime_cpu_s,runtime_wall_s,oracle_solve_time_s,oracle_lookup_time_s,method_online_time_s,closure_runtime_s,memory_peak,epsilon_ne_1,epsilon_ne_2,fractionality,switches,potential_violations,occupancy_error,training_steps,training_converged,config_hash,world_hash,git_hash,timestamp_utc,assigned_count,bytes_to_epsilon_solution,closure_applied,closure_messages,closure_regret_delta,closure_success,closure_type,closure_vs_preclosure_regret_delta,continuous_converged,continuous_equilibrium_reached,continuous_normalized_regret,continuous_objective,continuous_timeout,equilibrium_residual,equilibrium_residual_id,final_success,final_vs_continuous_regret_delta,global_strong_closure,largest_negative_delta,maximum_cardinality,median_potential_delta,messages_to_epsilon_solution,observed_poa_ratio,oracle_j,oracle_social_cost,p01_potential_delta,p95_individual_cost,preclosure_coverage,preclosure_matching_valid,preclosure_normalized_regret,preclosure_objective,price_of_integrality,simulation_end_time_s,state_change,time_to_epsilon_duration_s,time_to_epsilon_observed,time_to_epsilon_solution
SP0-v1.1,SP0_PROTOCOL_v1_smoke,smoke_nominal,smoke_nominal,classic,HUN,HUN,centralized,,,EXACT,9000,,,8,8,1.0,G-UNI,6.791152466024171,7.0,7,7.999999999999991,1,1.0,True,True,1.0,1.584333169770187,-2.220446049250313e-16,0.0,-2.220446049250313e-16,0.5064351645327043,0.0,False,64,2048,9.09995287656784e-06,9.09995287656784e-06,9.09995287656784e-06,4.00003045797348e-07,9.09995287656784e-06,0.0,0.0009765625,0.0,0.0,0.0,0,0,0.0,,,d404ad18c2a2f505,ca2ddee5cb1a7e79,72418e13f1be,2026-07-11T21:28:21.576701+00:00,8,2048.0,False,0,0.0,True,EXACT,0.0,,,0.0,1.5843331697701872,,,,True,0.0,False,0.0,True,0.0,64.0,1.0,1.5843331697701872,1.5843331697701872,0.0,0.4241989682970836,,,,,1.0,,,0.0,True,0.0
SP0-v1.1,SP0_PROTOCOL_v1_smoke,smoke_nominal,smoke_nominal,classic,GRD,GRD,distributed_global,,,POLICY,9000,,,8,8,1.0,G-UNI,6.791152466024171,7.0,7,7.999999999999991,1,1.0,True,True,1.0,1.7307321827525592,0.146399012982372,0.00182998766227965,0.146399012982372,0.5312297475986173,0.0,False,8,256,0.00010400009341537952,0.00010400009341537952,0.0,0.0,0.00010400009341537952,0.0,0.0009765625,0.0,0.03377840972217694,0.0,0,0,0.0,,,d404ad18c2a2f505,ca2ddee5cb1a7e79,72418e13f1be,2026-07-11T21:28:21.576701+00:00,8,256.0,False,0,0.00182998766227965,True,POLICY,0.00182998766227965,,,0.0,1.5843331697701872,,,,True,0.00182998766227965,False,0.0,True,0.0,8.0,1.0566486607434562,1.5843331697701872,1.5843331697701872,0.0,0.49636698990573114,,,,,1.0566486607434562,,,0.0,True,0.0
SP0-v1.1,SP0_PROTOCOL_v1_smoke,smoke_nominal,smoke_nominal,classic,EPS-AUCTION,EPS-AUCTION,distributed_global,,,POLICY,9000,,,8,8,1.0,G-UNI,6.791152466024171,7.0,7,7.999999999999991,1,1.0,True,True,1.0,1.584333169770187,-2.220446049250313e-16,0.0,-2.220446049250313e-16,0.5064351645327043,0.0,False,300,9600,0.0004962000530213118,0.0004962000530213118,0.0,0.0,0.0004962000530213118,0.0,0.0009765625,0.0,0.0,0.0,0,0,0.0,,,d404ad18c2a2f505,ca2ddee5cb1a7e79,72418e13f1be,2026-07-11T21:28:21.576701+00:00,8,9600.0,False,0,0.0,True,POLICY,0.0,,,0.0,1.5843331697701872,,,,True,0.0,False,0.0,True,0.0,300.0,1.0,1.5843331697701872,1.5843331697701872,0.0,0.4241989682970836,,,,,1.0,,,0.0,True,0.0
SP0-v1.1,SP0_PROTOCOL_v1_smoke,smoke_nominal,smoke_nominal,population,REP,REP,distributed_global,REP,LIN,QR1,9000,,,8,8,1.0,G-UNI,6.791152466024171,7.0,7,7.999999999999991,1,1.0,True,True,1.0,1.6047475675107392,0.02041439774055198,0.0002551799717568998,0.02041439774055198,0.5312297475986173,,True,3368,107776,0.013475799933075905,0.013475799933075905,0.0,0.0,0.013475799933075905,0.0003217000048607588,0.00152587890625,0.0,0.019525114370978702,0.8222752775784952,4,0,0.0,,,d404ad18c2a2f505,ca2ddee5cb1a7e79,72418e13f1be,2026-07-11T21:28:21.576701+00:00,8,107776.0,True,8,-0.7708431389052197,True,QR1,-0.7708431389052197,False,False,0.15854465524472677,14.267905589348327,True,0.041187955030075836,replicator_support_conditioned_vector_field,True,-0.15828947527296988,False,0.0,True,0.005742837180505722,3368.0,1.0078992902228499,1.5843331697701872,1.5843331697701872,0.004852385378782648,0.440315447289927,0.25,False,0.7710983188769767,63.27219867992832,0.1706028081106255,6.0,0.0020638293840799793,6.0,True,6.0
SP0-v1.1,SP0_PROTOCOL_v1_smoke,smoke_nominal,smoke_nominal,population,SMI,SMI,distributed_global,SMI,ASYM,QR1,9000,,,8,8,1.0,G-UNI,6.791152466024171,7.0,7,7.999999999999991,1,1.0,True,True,1.0,1.6047475675107392,0.02041439774055198,0.0002551799717568998,0.02041439774055198,0.5312297475986173,,True,3368,107776,0.02134870004374534,0.02134870004374534,0.0,0.0,0.02134870004374534,0.0003692000173032284,0.00152587890625,0.0,0.019525114370978702,0.6800155446964131,7,14,0.0,,,d404ad18c2a2f505,ca2ddee5cb1a7e79,72418e13f1be,2026-07-11T21:28:21.576701+00:00,8,107776.0,True,8,-0.6648636078836825,True,QR1,-0.6648636078836825,False,False,0.20400954172972258,17.90509650814799,True,0.0706210421315291,smith_vector_field,True,-0.20375436175796569,False,-0.005111102516107913,True,0.002994093963580635,3368.0,1.0078992902228499,1.5843331697701872,1.5843331697701872,-0.005094827542749627,0.440315447289927,0.5,False,0.6651187878554394,54.79383619820534,0.13778017829150502,6.0,0.0035750553849117073,6.0,True,6.0
SP0-v1.1,SP0_PROTOCOL_v1_smoke,smoke_nominal,smoke_nominal,population,BNN,BNN,distributed_global,BNN,MC,QR1,9000,,,8,8,1.0,G-UNI,6.791152466024171,7.0,7,7.999999999999991,1,1.0,True,True,1.0,1.6047475675107392,0.02041439774055198,0.0002551799717568998,0.02041439774055198,0.5312297475986173,,True,3368,107776,0.022442399989813566,0.022442399989813566,0.0,0.0,0.022442399989813566,0.0006251999875530601,0.00152587890625,0.0,0.019525114370978702,0.6098778723659948,0,60,0.0,,,d404ad18c2a2f505,ca2ddee5cb1a7e79,72418e13f1be,2026-07-11T21:28:21.576701+00:00,8,107776.0,True,8,-0.8799406554061157,True,QR1,-0.8799406554061157,False,False,0.3463197222608487,29.28991095063808,True,0.0775493901212138,bnn_excess_payoff_vector_field,True,-0.3460645422890918,False,-0.02607711792191747,True,-0.018424569221925147,3368.0,1.0078992902228499,1.5843331697701872,1.5843331697701872,-0.025829768927502474,0.440315447289927,0.0,True,0.8801958353778726,72.0,0.08599389980893517,6.0,0.003943498444735627,6.0,True,6.0
SP0-v1.1,SP0_PROTOCOL_v1_smoke,smoke_nominal,smoke_nominal,population,LOG,LOG,distributed_global,LOG,SIG,REPAIR,9000,,,8,8,1.0,G-UNI,6.791152466024171,7.0,7,7.999999999999991,1,1.0,True,True,1.0,1.5852224531397605,0.0008892833695732794,1.1116042119665992e-05,0.0008892833695732794,0.5312297475986173,,True,3368,107776,0.03064519993495196,0.03064519993495196,0.0,0.0,0.03064519993495196,0.00014460005331784487,0.00152587890625,0.0,0.0008892833695735014,0.8022713187652342,9,0,0.0,,,d404ad18c2a2f505,ca2ddee5cb1a7e79,72418e13f1be,2026-07-11T21:28:21.576701+00:00,8,107776.0,True,8,-0.5551288025027531,True,REPAIR,-0.5551288025027531,False,False,0.11260236092145237,10.592522043486376,True,0.008010758229950898,target_logit_fixed_point,True,-0.11259124487933271,False,0.0,True,0.004100494466474203,3368.0,1.0003441055433469,1.5843331697701872,1.5843331697701872,0.0009722239309044411,0.440315447289927,0.625,False,0.5551399185448728,45.99552665336001,0.2230077668553884,6.0,0.00042158938117681233,6.0,True,6.0
SP0-v1.1,SP0_PROTOCOL_v1_smoke,smoke_nominal,smoke_nominal,population,PROJ,PROJ,distributed_global,PROJ,QUAD,QR1,9000,,,8,8,1.0,G-UNI,6.791152466024171,7.0,7,7.999999999999991,1,1.0,True,True,1.0,1.6047475675107392,0.02041439774055198,0.0002551799717568998,0.02041439774055198,0.5312297475986173,,True,3368,107776,0.03362769994419068,0.03362769994419068,0.0,0.0,0.03362769994419068,0.0003731000469997525,0.00152587890625,0.0,0.019525114370978702,0.6330534154245573,8,0,0.0,,,d404ad18c2a2f505,ca2ddee5cb1a7e79,72418e13f1be,2026-07-11T21:28:21.576701+00:00,8,107776.0,True,8,-0.43943181060919284,True,QR1,-0.43943181060919284,False,False,0.20577699295769442,18.04649260638574,True,0.10660360952628345,projection_gradient_mapping,True,-0.20552181298593752,False,0.0,True,0.006945076270659989,3368.0,1.0078992902228499,1.5843331697701872,1.5843331697701872,0.0030583386083277175,0.440315447289927,0.625,False,0.43968699058094973,36.75929241624617,0.13675733487211408,6.0,0.005348261845209756,6.0,True,6.0
SP0-v1.1,SP0_PROTOCOL_v1_smoke,smoke_nominal,smoke_nominal,population,IBR,IBR,distributed_global,IBR,LIN,QR1,9000,,,8,8,1.0,G-UNI,6.791152466024171,7.0,7,7.999999999999991,1,1.0,True,True,1.0,1.6047475675107392,0.02041439774055198,0.0002551799717568998,0.02041439774055198,0.5312297475986173,,True,3368,107776,0.019827799987979233,0.019827799987979233,0.0,0.0,0.019827799987979233,0.0003538000164553523,0.00152587890625,0.0,0.019525114370978702,0.6070790353522365,390,26,0.0,,,d404ad18c2a2f505,ca2ddee5cb1a7e79,72418e13f1be,2026-07-11T21:28:21.576701+00:00,8,107776.0,True,8,-0.897852063728711,True,QR1,-0.897852063728711,False,False,0.017857952640446352,3.0129693810058953,True,0.9878265031860601,inertial_best_response_fixed_point,True,-0.017602772668689454,False,-2.04124877767872,True,0.14182360312281184,3368.0,1.0078992902228499,1.5843331697701872,1.5843331697701872,-1.9347218151563,0.440315447289927,0.5,False,0.8981072437004679,73.43291266580762,0.6490823428256087,6.0,0.2999999999758085,6.0,True,6.0
SP0-v1.1,SP0_PROTOCOL_v1_smoke,smoke_nominal,smoke_nominal,population,GPC,GPC,distributed_global,GPC,LIN,QR1,9000,,,8,8,1.0,G-UNI,6.791152466024171,7.0,7,7.999999999999991,1,1.0,True,True,1.0,1.6047475675107392,0.02041439774055198,0.0002551799717568998,0.02041439774055198,0.5312297475986173,,True,3368,107776,0.017532599973492324,0.017532599973492324,0.0,0.0,0.017532599973492324,0.0007788999937474728,0.00152587890625,0.0,0.019525114370978702,0.680015544696413,7,0,0.0,,,d404ad18c2a2f505,ca2ddee5cb1a7e79,72418e13f1be,2026-07-11T21:28:21.576701+00:00,8,107776.0,True,8,-0.6648636078836825,True,QR1,-0.6648636078836825,False,False,0.2040095417297227,17.905096508148002,True,0.07062104213152906,generalized_pairwise_vector_field,True,-0.2037543617579658,False,0.0,True,0.00861220411899577,3368.0,1.0078992902228499,1.5843331697701872,1.5843331697701872,0.003399973000519374,0.440315447289927,0.5,False,0.6651187878554394,54.79383619820534,0.13778017829150496,6.0,0.0035750553849117073,6.0,True,6.0
SP0-v1.1,SP0_PROTOCOL_v1_smoke,smoke_nominal,smoke_nominal,population,HYB,HYB,distributed_global,HYB,ASYM,QR2,9000,,,8,8,1.0,G-UNI,6.791152466024171,7.0,7,7.999999999999991,1,1.0,True,True,1.0,1.584333169770187,-2.220446049250313e-16,0.0,-2.220446049250313e-16,0.5064351645327043,,True,3376,108032,0.02531599998474121,0.02531599998474121,0.0,0.0,0.02531599998474121,0.004349699942395091,0.00152587890625,0.0,0.0,0.7033158452876972,7,15,0.0,,,d404ad18c2a2f505,ca2ddee5cb1a7e79,72418e13f1be,2026-07-11T21:28:21.576701+00:00,8,108032.0,True,16,-0.6651187878554394,True,QR2,-0.6651187878554394,False,False,0.2037248497853698,17.882321152599772,True,0.0831434223172682,hybrid_smith_phase_vector_field,True,-0.2037248497853698,False,-0.008228866698154036,True,0.0017843997513025123,3376.0,1.0,1.5843331697701872,1.5843331697701872,-0.007812765448424557,0.4241989682970836,0.5,False,0.6651187878554394,54.79383619820534,0.13686522694347716,6.0,0.0042182732298301495,6.0,True,6.0
SP0-v1.1,SP0_PROTOCOL_v1_smoke,smoke_nominal,smoke_nominal,data_driven_debug,IPPO-GNN,IPPO-GNN,distributed_local,,,DEBUG_UNTRAINED_POLICY_REPAIR,9000,,15001,8,8,1.0,G-UNI,6.791152466024171,7.0,7,7.999999999999991,1,1.0,True,True,1.0,2.109260417632976,0.5249272478627889,0.006561590598284861,0.5249272478627889,0.5900662423796976,2.0,False,112,3584,0.0061457998817786574,0.0061457998817786574,0.0,0.0,0.0061457998817786574,0.0003613000735640526,0.0009765625,0.0,0.519993588806728,0.0,5,0,,0,False,d404ad18c2a2f505,ca2ddee5cb1a7e79,72418e13f1be,2026-07-11T21:28:21.576701+00:00,8,3584.0,True,0,-1.0242865160181622,True,DEBUG_UNTRAINED_POLICY_REPAIR,-1.0242865160181622,,,0.0,1.5843331697701872,,,,True,0.006561590598284861,False,0.0,True,0.0,112.0,1.2031190304729433,1.5843331697701872,1.5843331697701872,0.0,0.5708425122932083,0.25,False,1.030848106616447,84.05218169908595,1.2031190304729433,0.2,,0.2,True,0.2
SP0-v1.1,SP0_PROTOCOL_v1_smoke,smoke_nominal,smoke_nominal,data_driven_debug,MAPPO-GNN,MAPPO-GNN,distributed_local,,,DEBUG_UNTRAINED_POLICY_REPAIR,9000,,15002,8,8,1.0,G-UNI,6.791152466024171,7.0,7,7.999999999999991,1,1.0,True,True,1.0,1.7394220892294538,0.15508891945926662,0.0019386114932408327,0.15508891945926662,0.5312297475986173,2.0,False,112,3584,0.003963900031521916,0.003963900031521916,0.0,0.0,0.003963900031521916,0.0002114999806508422,0.0009765625,0.0,0.13467452171871463,0.0,0,0,,0,False,d404ad18c2a2f505,ca2ddee5cb1a7e79,72418e13f1be,2026-07-11T21:28:21.576701+00:00,8,3584.0,True,0,-0.8782572238846318,True,DEBUG_UNTRAINED_POLICY_REPAIR,-0.8782572238846318,,,0.0,1.5843331697701872,,,,True,0.0019386114932408327,False,0.0,True,0.0,112.0,1.06001119409579,1.5843331697701872,1.5843331697701872,0.0,0.49636698990573114,0.0,True,0.8801958353778726,72.0,1.06001119409579,0.2,,0.2,True,0.2
SP0-v1.1,SP0_PROTOCOL_v1_smoke,smoke_cross,smoke_cross,classic,HUN,HUN,centralized,,,EXACT,9000,,,8,8,1.0,G-X,6.671094820722279,7.0,7,7.999999999999991,1,1.0,True,True,1.0,1.7641884181877354,-4.440892098500626e-16,0.0,-4.440892098500626e-16,0.5694167018526369,0.0,False,64,2048,1.0699965059757233e-05,1.0699965059757233e-05,1.0699965059757233e-05,4.00003045797348e-07,1.0699965059757233e-05,0.0,0.0009765625,0.0,0.0,0.0,0,0,0.0,,,d404ad18c2a2f505,02d90b41443a40da,72418e13f1be,2026-07-11T21:28:21.576701+00:00,8,2048.0,False,0,0.0,True,EXACT,0.0,,,0.0,1.7641884181877359,,,,True,0.0,False,0.0,True,0.0,64.0,0.9999999999999999,1.7641884181877359,1.7641884181877359,0.0,0.45647718264124426,,,,,0.9999999999999999,,,0.0,True,0.0
SP0-v1.1,SP0_PROTOCOL_v1_smoke,smoke_cross,smoke_cross,classic,GRD,GRD,distributed_global,,,POLICY,9000,,,8,8,1.0,G-X,6.671094820722279,7.0,7,7.999999999999991,1,1.0,True,True,1.0,1.8647795445844344,0.10059112639669854,0.0012573890799587317,0.10059112639669854,0.5694167018526369,0.0,False,8,256,8.340005297213793e-05,8.340005297213793e-05,0.0,0.0,8.340005297213793e-05,0.0,0.0009765625,0.0,0.06819606649797993,0.0,0,0,0.0,,,d404ad18c2a2f505,02d90b41443a40da,72418e13f1be,2026-07-11T21:28:21.576701+00:00,8,256.0,False,0,0.0012573890799587317,True,POLICY,0.0012573890799587317,,,0.0,1.7641884181877359,,,,True,0.0012573890799587317,False,0.0,True,0.0,8.0,1.036390835637264,1.7641884181877359,1.7641884181877359,0.0,0.47163441269917017,,,,,1.036390835637264,,,0.0,True,0.0
SP0-v1.1,SP0_PROTOCOL_v1_smoke,smoke_cross,smoke_cross,classic,EPS-AUCTION,EPS-AUCTION,distributed_global,,,POLICY,9000,,,8,8,1.0,G-X,6.671094820722279,7.0,7,7.999999999999991,1,1.0,True,True,1.0,1.7641884181877354,-4.440892098500626e-16,0.0,-4.440892098500626e-16,0.5694167018526369,0.0,False,228,7296,0.0007380999159067869,0.0007380999159067869,0.0,0.0,0.0007380999159067869,0.0,0.0009765625,0.0,0.0,0.0,0,0,0.0,,,d404ad18c2a2f505,02d90b41443a40da,72418e13f1be,2026-07-11T21:28:21.576701+00:00,8,7296.0,False,0,0.0,True,POLICY,0.0,,,0.0,1.7641884181877359,,,,True,0.0,False,0.0,True,0.0,228.0,0.9999999999999999,1.7641884181877359,1.7641884181877359,0.0,0.45647718264124426,,,,,0.9999999999999999,,,0.0,True,0.0
SP0-v1.1,SP0_PROTOCOL_v1_smoke,smoke_cross,smoke_cross,population,REP,REP,distributed_global,REP,LIN,QR1,9000,,,8,8,1.0,G-X,6.671094820722279,7.0,7,7.999999999999991,1,1.0,True,True,1.0,1.7965834780864545,0.0323950598987186,0.00040493824873398255,0.0323950598987186,0.5694167018526369,,True,3368,107776,0.015879700076766312,0.015879700076766312,0.0,0.0,0.015879700076766312,0.0004800999304279685,0.00152587890625,0.0,0.029117254064565445,0.8152484389331869,2,0,0.0,,,d404ad18c2a2f505,02d90b41443a40da,72418e13f1be,2026-07-11T21:28:21.576701+00:00,8,107776.0,True,8,-0.654586978583168,True,QR1,-0.654586978583168,False,False,0.16815361289657277,15.216477449913558,True,0.03881996779813148,replicator_support_conditioned_vector_field,True,-0.1677486746478388,False,0.0,True,0.005913046213360085,3368.0,1.0117195556155167,1.7641884181877359,1.7641884181877359,0.004911223914333371,0.46768857255300433,0.25,True,0.654991916831902,54.163541764739904,0.17245320302908088,6.0,0.0019440253065607926,6.0,True,6.0
SP0-v1.1,SP0_PROTOCOL_v1_smoke,smoke_cross,smoke_cross,population,SMI,SMI,distributed_global,SMI,ASYM,QR1,9000,,,8,8,1.0,G-X,6.671094820722279,7.0,7,7.999999999999991,1,1.0,True,True,1.0,1.7965834780864545,0.0323950598987186,0.00040493824873398255,0.0323950598987186,0.5694167018526369,,True,3368,107776,0.02064879995305091,0.02064879995305091,0.0,0.0,0.02064879995305091,0.00036639999598264694,0.00152587890625,0.0,0.029117254064565445,0.6483000749566242,6,22,0.0,,,d404ad18c2a2f505,02d90b41443a40da,72418e13f1be,2026-07-11T21:28:21.576701+00:00,8,107776.0,True,8,-0.21439772992867098,True,QR1,-0.21439772992867098,False,False,0.22650246790809808,19.88438585083558,True,0.07856718457513226,smith_vector_field,True,-0.2260975296593641,False,-0.011432792528545122,True,0.0021935796317404943,3368.0,1.0117195556155167,1.7641884181877359,1.7641884181877359,-0.011241180100263959,0.46768857255300433,0.75,True,0.21480266817740495,18.94840187238013,0.1339078629393626,6.0,0.003984375195757228,6.0,True,6.0
SP0-v1.1,SP0_PROTOCOL_v1_smoke,smoke_cross,smoke_cross,population,BNN,BNN,distributed_global,BNN,MC,QR1,9000,,,8,8,1.0,G-X,6.671094820722279,7.0,7,7.999999999999991,1,1.0,True,True,1.0,1.939977150189368,0.17578873200163203,0.0021973591500204005,0.17578873200163203,0.6117627489660046,,True,3368,107776,0.024584800004959106,0.024584800004959106,0.0,0.0,0.024584800004959106,0.00041850004345178604,0.00152587890625,0.0,0.08290931086383857,0.5816550655135704,0,60,0.0,,,d404ad18c2a2f505,02d90b41443a40da,72418e13f1be,2026-07-11T21:28:21.576701+00:00,8,107776.0,True,8,-0.875750285622633,True,QR1,-0.875750285622633,False,False,0.37040633105225856,31.39669490236842,True,0.07733857894700708,bnn_excess_payoff_vector_field,True,-0.36820897190223817,False,-0.028052390248768155,True,-0.019506141703399926,3368.0,1.063595061336985,1.7641884181877359,1.7641884181877359,-0.027740721970021864,0.5514069652833244,0.0,True,0.8779476447726534,72.0,0.090749292761171,6.0,0.00389769285515007,6.0,True,6.0
SP0-v1.1,SP0_PROTOCOL_v1_smoke,smoke_cross,smoke_cross,population,LOG,LOG,distributed_global,LOG,SIG,REPAIR,9000,,,8,8,1.0,G-X,6.671094820722279,7.0,7,7.999999999999991,1,1.0,True,True,1.0,1.767466224021889,0.003277805834153158,4.0972572926914475e-05,0.003277805834153158,0.5694167018526369,,True,3368,107776,0.027232400025241077,0.027232400025241077,0.0,0.0,0.027232400025241077,8.439994417130947e-05,0.00152587890625,0.0,0.003277805834153602,0.7817178707638318,10,0,0.0,,,d404ad18c2a2f505,02d90b41443a40da,72418e13f1be,2026-07-11T21:28:21.576701+00:00,8,107776.0,True,8,-0.44485064575093825,True,REPAIR,-0.44485064575093825,False,False,0.11870969197207977,11.260963775954117,True,0.009168696482831917,target_logit_fixed_point,True,-0.11866871939915286,False,0.0,True,0.0037574437360601287,3368.0,1.0011858112900647,1.7641884181877359,1.7641884181877359,0.0009127331867680688,0.45647718264124426,0.75,False,0.44489161832386515,37.35551788409695,0.22571359597761567,6.0,0.00048251731125098507,6.0,True,6.0
SP0-v1.1,SP0_PROTOCOL_v1_smoke,smoke_cross,smoke_cross,population,PROJ,PROJ,distributed_global,PROJ,QUAD,QR1,9000,,,8,8,1.0,G-X,6.671094820722279,7.0,7,7.999999999999991,1,1.0,True,True,1.0,1.7965834780864545,0.0323950598987186,0.00040493824873398255,0.0323950598987186,0.5694167018526369,,True,3368,107776,0.033907299977727234,0.033907299977727234,0.0,0.0,0.033907299977727234,0.000264100031927228,0.00152587890625,0.0,0.029117254064565445,0.597574176045955,6,0,0.0,,,d404ad18c2a2f505,02d90b41443a40da,72418e13f1be,2026-07-11T21:28:21.576701+00:00,8,107776.0,True,8,-0.21439772992867098,True,QR1,-0.21439772992867098,False,False,0.23494261093400945,20.559597292908492,True,0.08745860528510674,projection_gradient_mapping,True,-0.23453767268527548,False,0.0,True,0.009163143581130573,3368.0,1.0117195556155167,1.7641884181877359,1.7641884181877359,0.00273555335397053,0.46768857255300433,0.75,True,0.21480266817740495,18.94840187238013,0.12971408696053535,6.0,0.004443103221962175,6.0,True,6.0
SP0-v1.1,SP0_PROTOCOL_v1_smoke,smoke_cross,smoke_cross,population,IBR,IBR,distributed_global,IBR,LIN,QR1,9000,,,8,8,1.0,G-X,6.671094820722279,7.0,7,7.999999999999991,1,1.0,True,True,1.0,1.767466224021889,0.003277805834153158,4.0972572926914475e-05,0.003277805834153158,0.5694167018526369,,True,3368,107776,0.013110500061884522,0.013110500061884522,0.0,0.0,0.013110500061884522,0.0003504999913275242,0.00152587890625,0.0,0.003277805834153602,0.641880413835094,388,26,0.0,,,d404ad18c2a2f505,02d90b41443a40da,72418e13f1be,2026-07-11T21:28:21.576701+00:00,8,107776.0,True,8,-1.123694264911947,True,QR1,-1.123694264911947,False,False,0.06768327005192615,7.178850022341828,True,0.9825098630356078,inertial_best_response_fixed_point,True,-0.06764229747899923,False,-1.8830605279584358,True,0.19578108594246246,3368.0,1.0011858112900647,1.7641884181877359,1.7641884181877359,-1.8187415834860048,0.45647718264124426,0.375,False,1.123735237484874,91.66300741697766,0.33836862351823493,6.0,0.29997512782880775,6.0,True,6.0
SP0-v1.1,SP0_PROTOCOL_v1_smoke,smoke_cross,smoke_cross,population,GPC,GPC,distributed_global,GPC,LIN,QR1,9000,,,8,8,1.0,G-X,6.671094820722279,7.0,7,7.999999999999991,1,1.0,True,True,1.0,1.7965834780864545,0.0323950598987186,0.00040493824873398255,0.0323950598987186,0.5694167018526369,,True,3368,107776,0.015971099957823753,0.015971099957823753,0.0,0.0,0.015971099957823753,0.0003034999826923013,0.00152587890625,0.0,0.029117254064565445,0.6483000749566242,6,0,0.0,,,d404ad18c2a2f505,02d90b41443a40da,72418e13f1be,2026-07-11T21:28:21.576701+00:00,8,107776.0,True,8,-0.21439772992867098,True,QR1,-0.21439772992867098,False,False,0.22650246790809808,19.88438585083558,True,0.07856718457513226,generalized_pairwise_vector_field,True,-0.2260975296593641,False,0.0,True,0.008800450165554974,3368.0,1.0117195556155167,1.7641884181877359,1.7641884181877359,0.0036621534018373004,0.46768857255300433,0.75,True,0.21480266817740495,18.94840187238013,0.1339078629393626,6.0,0.003984375195757228,6.0,True,6.0
SP0-v1.1,SP0_PROTOCOL_v1_smoke,smoke_cross,smoke_cross,population,HYB,HYB,distributed_global,HYB,ASYM,QR2,9000,,,8,8,1.0,G-X,6.671094820722279,7.0,7,7.999999999999991,1,1.0,True,True,1.0,1.7641884181877354,-4.440892098500626e-16,0.0,-4.440892098500626e-16,0.5694167018526369,,True,3376,108032,0.022334599983878434,0.022334599983878434,0.0,0.0,0.022334599983878434,0.003240099991671741,0.00152587890625,0.0,0.0,0.6791866520154854,6,31,0.0,,,d404ad18c2a2f505,02d90b41443a40da,72418e13f1be,2026-07-11T21:28:21.576701+00:00,8,108032.0,True,16,-0.21480266817740495,True,QR2,-0.21480266817740495,False,False,0.22562843318506873,19.814463072993235,True,0.09536347586461191,hybrid_smith_phase_vector_field,True,-0.22562843318506873,False,-0.01189862820305354,True,-0.00010771109874729845,3376.0,0.9999999999999999,1.7641884181877359,1.7641884181877359,-0.011653785822697804,0.45647718264124426,0.75,True,0.21480266817740495,18.94840187238013,0.13280133186689164,6.0,0.004837764649389731,6.0,True,6.0
SP0-v1.1,SP0_PROTOCOL_v1_smoke,smoke_cross,smoke_cross,data_driven_debug,IPPO-GNN,IPPO-GNN,distributed_local,,,DEBUG_UNTRAINED_POLICY_REPAIR,9000,,15001,8,8,1.0,G-X,6.671094820722279,7.0,7,7.999999999999991,1,1.0,True,True,1.0,2.53294677765001,0.7687583594622742,0.009609479493278427,0.7687583594622742,0.5928495987954462,2.0,False,112,3584,0.00464780000038445,0.00464780000038445,0.0,0.0,0.00464780000038445,0.00030499999411404133,0.0009765625,0.0,0.5126593013649505,0.0,6,0,,0,False,d404ad18c2a2f505,02d90b41443a40da,72418e13f1be,2026-07-11T21:28:21.576701+00:00,8,3584.0,True,0,-1.1382779877225315,True,DEBUG_UNTRAINED_POLICY_REPAIR,-1.1382779877225315,,,0.0,1.7641884181877359,,,,True,0.009609479493278427,False,0.0,True,0.0,112.0,1.2781135882069463,1.7641884181877359,1.7641884181877359,0.0,0.5726516939634448,0.25,False,1.14788746721581,93.59518579545252,1.2781135882069463,0.2,,0.2,True,0.2
SP0-v1.1,SP0_PROTOCOL_v1_smoke,smoke_cross,smoke_cross,data_driven_debug,MAPPO-GNN,MAPPO-GNN,distributed_local,,,DEBUG_UNTRAINED_POLICY_REPAIR,9000,,15002,8,8,1.0,G-X,6.671094820722279,7.0,7,7.999999999999991,1,1.0,True,True,1.0,1.939977150189368,0.17578873200163203,0.0021973591500204005,0.17578873200163203,0.6117627489660046,2.0,False,112,3584,0.004010200034826994,0.004010200034826994,0.0,0.0,0.004010200034826994,0.00018440000712871552,0.0009765625,0.0,0.08290931086383857,0.0,0,0,,0,False,d404ad18c2a2f505,02d90b41443a40da,72418e13f1be,2026-07-11T21:28:21.576701+00:00,8,3584.0,True,0,-0.875750285622633,True,DEBUG_UNTRAINED_POLICY_REPAIR,-0.875750285622633,,,0.0,1.7641884181877359,,,,True,0.0021973591500204005,False,0.0,True,0.0,112.0,1.063595061336985,1.7641884181877359,1.7641884181877359,0.0,0.5514069652833244,0.0,True,0.8779476447726534,72.0,1.063595061336985,0.2,,0.2,True,0.2
SP0-v1.1,SP0_PROTOCOL_v1_smoke,smoke_tie,smoke_tie,classic,HUN,HUN,centralized,,,EXACT,9000,,,8,8,1.0,G-TIE,3.5384969743411485,7.0,7,7.999999999999991,1,1.0,True,True,1.0,0.5287653631085495,0.0,0.0,0.0,0.07764512359018887,0.0,False,64,2048,1.0199961252510548e-05,1.0199961252510548e-05,1.0199961252510548e-05,4.00003045797348e-07,1.0199961252510548e-05,0.0,0.0009765625,0.0,0.0,0.0,0,0,0.0,,,d404ad18c2a2f505,6f99c3649f5e2ae9,72418e13f1be,2026-07-11T21:28:21.576701+00:00,8,2048.0,False,0,0.0,True,EXACT,0.0,,,0.0,0.5287653631085495,,,,True,0.0,False,0.0,True,0.0,64.0,1.0,0.5287653631085495,0.5287653631085495,0.0,0.07731670304327462,,,,,1.0,,,0.0,True,0.0
SP0-v1.1,SP0_PROTOCOL_v1_smoke,smoke_tie,smoke_tie,classic,GRD,GRD,distributed_global,,,POLICY,9000,,,8,8,1.0,G-TIE,3.5384969743411485,7.0,7,7.999999999999991,1,1.0,True,True,1.0,0.7653695017254143,0.2366041386168648,0.00295755173271081,0.2366041386168648,0.3313585183721495,0.0,False,8,256,9.890005458146334e-05,9.890005458146334e-05,0.0,0.0,9.890005458146334e-05,0.0,0.0009765625,0.0,0.029934242956005774,0.0,0,0,0.0,,,d404ad18c2a2f505,6f99c3649f5e2ae9,72418e13f1be,2026-07-11T21:28:21.576701+00:00,8,256.0,False,0,0.00295755173271081,True,POLICY,0.00295755173271081,,,0.0,0.5287653631085495,,,,True,0.00295755173271081,False,0.0,True,0.0,8.0,1.1547681183303111,0.5287653631085495,0.5287653631085495,0.0,0.2427173724469043,,,,,1.1547681183303111,,,0.0,True,0.0
SP0-v1.1,SP0_PROTOCOL_v1_smoke,smoke_tie,smoke_tie,classic,EPS-AUCTION,EPS-AUCTION,distributed_global,,,POLICY,9000,,,8,8,1.0,G-TIE,3.5384969743411485,7.0,7,7.999999999999991,1,1.0,True,True,1.0,0.5287653631085495,0.0,0.0,0.0,0.07764512359018887,0.0,False,20,640,0.00015259999781847,0.00015259999781847,0.0,0.0,0.00015259999781847,0.0,0.0009765625,0.0,0.0,0.0,0,0,0.0,,,d404ad18c2a2f505,6f99c3649f5e2ae9,72418e13f1be,2026-07-11T21:28:21.576701+00:00,8,640.0,False,0,0.0,True,POLICY,0.0,,,0.0,0.5287653631085495,,,,True,0.0,False,0.0,True,0.0,20.0,1.0,0.5287653631085495,0.5287653631085495,0.0,0.07731670304327462,,,,,1.0,,,0.0,True,0.0
SP0-v1.1,SP0_PROTOCOL_v1_smoke,smoke_tie,smoke_tie,population,REP,REP,distributed_global,REP,LIN,QR1,9000,,,8,8,1.0,G-TIE,3.5384969743411485,7.0,7,7.999999999999991,1,1.0,True,True,1.0,0.7198694856801846,0.19110412257163512,0.002388801532145439,0.19110412257163512,0.18307934322377947,,True,3368,107776,0.016067299991846085,0.016067299991846085,0.0,0.0,0.016067299991846085,0.0004251999780535698,0.00152587890625,0.0,0.1083330583349632,0.8357542268352921,8,0,0.0,,,d404ad18c2a2f505,6f99c3649f5e2ae9,72418e13f1be,2026-07-11T21:28:21.576701+00:00,8,107776.0,True,8,-0.6719889072134465,True,QR1,-0.6719889072134465,False,False,0.1318432130045506,11.076222403472597,True,0.021315543206138862,replicator_support_conditioned_vector_field,True,-0.12945441147240516,False,0.0,True,0.003962195172381611,3368.0,1.1250055287641063,0.5287653631085495,0.5287653631085495,0.0038094674622987947,0.1828393719828636,0.625,False,0.674377708745592,54.478982062755904,0.14241783798099186,6.0,0.0010627282485324852,6.0,True,6.0
SP0-v1.1,SP0_PROTOCOL_v1_smoke,smoke_tie,smoke_tie,population,SMI,SMI,distributed_global,SMI,ASYM,QR1,9000,,,8,8,1.0,G-TIE,3.5384969743411485,7.0,7,7.999999999999991,1,1.0,True,True,1.0,0.7198694856801846,0.19110412257163512,0.002388801532145439,0.19110412257163512,0.18307934322377947,,True,3368,107776,0.017972400062717497,0.017972400062717497,0.0,0.0,0.017972400062717497,0.0003594999434426427,0.00152587890625,0.0,0.1083330583349632,0.654525682573917,11,0,0.0,,,d404ad18c2a2f505,6f99c3649f5e2ae9,72418e13f1be,2026-07-11T21:28:21.576701+00:00,8,107776.0,True,8,-0.4470922621131824,True,QR1,-0.4470922621131824,False,False,0.1305021438647405,10.968936872287788,True,0.046048605297521465,smith_vector_field,True,-0.12811334233259505,False,0.0,True,0.01061413761843788,3368.0,1.1250055287641063,0.5287653631085495,0.5287653631085495,0.0038786987308830146,0.1828393719828636,0.75,False,0.44948106364532786,36.48725045473478,0.14369442365948767,6.0,0.0023405915830030377,6.0,True,6.0
SP0-v1.1,SP0_PROTOCOL_v1_smoke,smoke_tie,smoke_tie,population,BNN,BNN,distributed_global,BNN,MC,QR1,9000,,,8,8,1.0,G-TIE,3.5384969743411485,7.0,7,7.999999999999991,1,1.0,True,True,1.0,0.7198694856801846,0.19110412257163512,0.002388801532145439,0.19110412257163512,0.18307934322377947,,True,3368,107776,0.02378450008109212,0.02378450008109212,0.0,0.0,0.02378450008109212,0.00037729996256530285,0.00152587890625,0.0,0.1083330583349632,0.7391749953020004,1,60,0.0,,,d404ad18c2a2f505,6f99c3649f5e2ae9,72418e13f1be,2026-07-11T21:28:21.576701+00:00,8,107776.0,True,8,-0.7790654075046134,True,QR1,-0.7790654075046134,False,False,0.2378116186361138,19.553694853997655,True,0.028366977098281856,bnn_excess_payoff_vector_field,True,-0.23542281710396837,False,-0.015401718059044,True,-0.007674494699308365,3368.0,1.1250055287641063,0.5287653631085495,0.5287653631085495,-0.015201062019148592,0.1828393719828636,0.125,True,0.7814542090367589,63.04510208604926,0.08367690081502174,6.0,0.001436398178049303,6.0,True,6.0
SP0-v1.1,SP0_PROTOCOL_v1_smoke,smoke_tie,smoke_tie,population,LOG,LOG,distributed_global,LOG,SIG,REPAIR,9000,,,8,8,1.0,G-TIE,3.5384969743411485,7.0,7,7.999999999999991,1,1.0,True,True,1.0,0.7198694856801846,0.19110412257163512,0.002388801532145439,0.19110412257163512,0.18307934322377947,,True,3368,107776,0.030720100039616227,0.030720100039616227,0.0,0.0,0.030720100039616227,0.00012690003495663404,0.00152587890625,0.0,0.1083330583349632,0.7890088083798497,10,0,0.0,,,d404ad18c2a2f505,6f99c3649f5e2ae9,72418e13f1be,2026-07-11T21:28:21.576701+00:00,8,107776.0,True,8,-0.44719664653648156,True,REPAIR,-0.44719664653648156,False,False,0.0926251611655581,7.938778256353198,True,0.00511495101298301,target_logit_fixed_point,True,-0.09023635963341267,False,0.0,True,0.004668761542120592,3368.0,1.1250055287641063,0.5287653631085495,0.5287653631085495,0.0009604602604071122,0.1828393719828636,0.75,False,0.449585448068627,36.49560120859871,0.19240543129681,6.0,0.00026925582708217655,6.0,True,6.0
SP0-v1.1,SP0_PROTOCOL_v1_smoke,smoke_tie,smoke_tie,population,PROJ,PROJ,distributed_global,PROJ,QUAD,QR1,9000,,,8,8,1.0,G-TIE,3.5384969743411485,7.0,7,7.999999999999991,1,1.0,True,True,1.0,0.7198694856801846,0.19110412257163512,0.002388801532145439,0.19110412257163512,0.18307934322377947,,True,3368,107776,0.027375400066375732,0.027375400066375732,0.0,0.0,0.027375400066375732,0.00038839993067085743,0.00152587890625,0.0,0.1083330583349632,0.587355923134254,13,0,0.0,,,d404ad18c2a2f505,6f99c3649f5e2ae9,72418e13f1be,2026-07-11T21:28:21.576701+00:00,8,107776.0,True,8,-0.6720258261778187,True,QR1,-0.6720258261778187,False,False,0.12545228073595893,10.564947821985264,True,0.07527873830577403,projection_gradient_mapping,True,-0.1230634792038135,False,0.0,True,0.006649944303439903,3368.0,1.1250055287641063,0.5287653631085495,0.5287653631085495,0.005686274427860315,0.1828393719828636,0.625,False,0.6744146277099642,54.48193557990568,0.1487139857570882,6.0,0.0037777667715169216,6.0,True,6.0
SP0-v1.1,SP0_PROTOCOL_v1_smoke,smoke_tie,smoke_tie,population,IBR,IBR,distributed_global,IBR,LIN,QR1,9000,,,8,8,1.0,G-TIE,3.5384969743411485,7.0,7,7.999999999999991,1,1.0,True,True,1.0,0.7517947250506314,0.2230293619420819,0.0027878670242760238,0.2230293619420819,0.1833233081657124,,True,3368,107776,0.01394480001181364,0.01394480001181364,0.0,0.0,0.01394480001181364,0.00040389993228018284,0.00152587890625,0.0,0.10370875616197572,0.5720105888912072,382,25,0.0,,,d404ad18c2a2f505,6f99c3649f5e2ae9,72418e13f1be,2026-07-11T21:28:21.576701+00:00,8,107776.0,True,8,-0.8982093648925961,True,QR1,-0.8982093648925961,False,False,0.0067014993824996965,1.0648853137085252,True,0.9970933296313431,inertial_best_response_fixed_point,True,-0.003913632358223673,False,-1.9706679471054753,True,0.09113463862627147,3368.0,1.1458885498874596,0.5287653631085495,0.5287653631085495,-1.9537668911741324,0.1824248767668212,0.5,False,0.9009972319168721,72.60854391645832,0.8483738604854598,6.0,0.2982174793591287,6.0,True,6.0
SP0-v1.1,SP0_PROTOCOL_v1_smoke,smoke_tie,smoke_tie,population,GPC,GPC,distributed_global,GPC,LIN,QR1,9000,,,8,8,1.0,G-TIE,3.5384969743411485,7.0,7,7.999999999999991,1,1.0,True,True,1.0,0.7198694856801846,0.19110412257163512,0.002388801532145439,0.19110412257163512,0.18307934322377947,,True,3368,107776,0.016243700054474175,0.016243700054474175,0.0,0.0,0.016243700054474175,0.0003659999929368496,0.00152587890625,0.0,0.1083330583349632,0.6545256825739169,11,0,0.0,,,d404ad18c2a2f505,6f99c3649f5e2ae9,72418e13f1be,2026-07-11T21:28:21.576701+00:00,8,107776.0,True,8,-0.4470922621131824,True,QR1,-0.4470922621131824,False,False,0.1305021438647405,10.968936872287788,True,0.04604860529752153,generalized_pairwise_vector_field,True,-0.12811334233259505,False,0.0,True,0.011142480964982937,3368.0,1.1250055287641063,0.5287653631085495,0.5287653631085495,0.004818675825449827,0.1828393719828636,0.75,False,0.44948106364532786,36.48725045473478,0.14369442365948767,6.0,0.0023405915830030377,6.0,True,6.0
SP0-v1.1,SP0_PROTOCOL_v1_smoke,smoke_tie,smoke_tie,population,HYB,HYB,distributed_global,HYB,ASYM,QR2,9000,,,8,8,1.0,G-TIE,3.5384969743411485,7.0,7,7.999999999999991,1,1.0,True,True,1.0,0.5287653631085495,0.0,0.0,0.0,0.07764512359018887,,True,3376,108032,0.02404809999279678,0.02404809999279678,0.0,0.0,0.02404809999279678,0.002606599940918386,0.00152587890625,0.0,0.0,0.6862896651949416,9,0,0.0,,,d404ad18c2a2f505,6f99c3649f5e2ae9,72418e13f1be,2026-07-11T21:28:21.576701+00:00,8,108032.0,True,16,-0.44948106364532786,True,QR2,-0.44948106364532786,False,False,0.1368908963653026,11.480037072332758,True,0.05881219031775234,hybrid_smith_phase_vector_field,True,-0.1368908963653026,False,0.0,True,0.010049951653232192,3376.0,1.0,0.5287653631085495,0.5287653631085495,0.0034505962672934398,0.07731670304327462,0.75,False,0.44948106364532786,36.48725045473478,0.12249686072629541,6.0,0.002999034605160933,6.0,True,6.0
SP0-v1.1,SP0_PROTOCOL_v1_smoke,smoke_tie,smoke_tie,data_driven_debug,IPPO-GNN,IPPO-GNN,distributed_local,,,DEBUG_UNTRAINED_POLICY_REPAIR,9000,,15001,8,8,1.0,G-TIE,3.5384969743411485,7.0,7,7.999999999999991,1,1.0,True,True,1.0,0.7198694856801846,0.19110412257163512,0.002388801532145439,0.19110412257163512,0.18307934322377947,1.0,False,56,1792,0.003165000001899898,0.003165000001899898,0.0,0.0,0.003165000001899898,0.0002047000452876091,0.0009765625,0.0,0.1083330583349632,0.0,0,0,,0,False,d404ad18c2a2f505,6f99c3649f5e2ae9,72418e13f1be,2026-07-11T21:28:21.576701+00:00,8,1792.0,True,0,-0.8910016314289977,True,DEBUG_UNTRAINED_POLICY_REPAIR,-0.8910016314289977,,,0.0,0.5287653631085495,,,,True,0.002388801532145439,False,0.0,True,0.0,56.0,1.1250055287641063,0.5287653631085495,0.5287653631085495,0.0,0.1828393719828636,0.0,True,0.8933904329611432,72.0,1.1250055287641063,0.1,,0.1,True,0.1
SP0-v1.1,SP0_PROTOCOL_v1_smoke,smoke_tie,smoke_tie,data_driven_debug,MAPPO-GNN,MAPPO-GNN,distributed_local,,,DEBUG_UNTRAINED_POLICY_REPAIR,9000,,15002,8,8,1.0,G-TIE,3.5384969743411485,7.0,7,7.999999999999991,1,1.0,True,True,1.0,0.7198694856801846,0.19110412257163512,0.002388801532145439,0.19110412257163512,0.18307934322377947,2.0,False,112,3584,0.0035956999054178596,0.0035956999054178596,0.0,0.0,0.0035956999054178596,0.00020180002320557833,0.0009765625,0.0,0.1083330583349632,0.0,0,0,,0,False,d404ad18c2a2f505,6f99c3649f5e2ae9,72418e13f1be,2026-07-11T21:28:21.576701+00:00,8,3584.0,True,0,-0.8910016314289977,True,DEBUG_UNTRAINED_POLICY_REPAIR,-0.8910016314289977,,,0.0,0.5287653631085495,,,,True,0.002388801532145439,False,0.0,True,0.0,112.0,1.1250055287641063,0.5287653631085495,0.5287653631085495,0.0,0.1828393719828636,0.0,True,0.8933904329611432,72.0,1.1250055287641063,0.2,,0.2,True,0.2
SP0-v1.1,SP0_PROTOCOL_v1_smoke,smoke_support_zero,smoke_support_zero,classic,HUN,HUN,centralized,,,EXACT,9000,,,8,8,1.0,G-ZERO,6.791152466024171,7.0,7,7.999999999999991,1,1.0,True,True,1.0,1.584333169770187,-2.220446049250313e-16,0.0,-2.220446049250313e-16,0.5064351645327043,0.0,False,64,2048,9.299954399466515e-06,9.299954399466515e-06,9.299954399466515e-06,4.00003045797348e-07,9.299954399466515e-06,0.0,0.0009765625,0.0,0.0,0.0,0,0,0.0,,,d404ad18c2a2f505,45ab1f1cdc0be691,72418e13f1be,2026-07-11T21:28:21.576701+00:00,8,2048.0,False,0,0.0,True,EXACT,0.0,,,0.0,1.5843331697701872,,,,True,0.0,False,0.0,True,0.0,64.0,1.0,1.5843331697701872,1.5843331697701872,0.0,0.4241989682970836,,,,,1.0,,,0.0,True,0.0
SP0-v1.1,SP0_PROTOCOL_v1_smoke,smoke_support_zero,smoke_support_zero,classic,GRD,GRD,distributed_global,,,POLICY,9000,,,8,8,1.0,G-ZERO,6.791152466024171,7.0,7,7.999999999999991,1,1.0,True,True,1.0,1.7307321827525592,0.146399012982372,0.00182998766227965,0.146399012982372,0.5312297475986173,0.0,False,8,256,9.440002031624317e-05,9.440002031624317e-05,0.0,0.0,9.440002031624317e-05,0.0,0.0009765625,0.0,0.03377840972217694,0.0,0,0,0.0,,,d404ad18c2a2f505,45ab1f1cdc0be691,72418e13f1be,2026-07-11T21:28:21.576701+00:00,8,256.0,False,0,0.00182998766227965,True,POLICY,0.00182998766227965,,,0.0,1.5843331697701872,,,,True,0.00182998766227965,False,0.0,True,0.0,8.0,1.0566486607434562,1.5843331697701872,1.5843331697701872,0.0,0.49636698990573114,,,,,1.0566486607434562,,,0.0,True,0.0
SP0-v1.1,SP0_PROTOCOL_v1_smoke,smoke_support_zero,smoke_support_zero,classic,EPS-AUCTION,EPS-AUCTION,distributed_global,,,POLICY,9000,,,8,8,1.0,G-ZERO,6.791152466024171,7.0,7,7.999999999999991,1,1.0,True,True,1.0,1.584333169770187,-2.220446049250313e-16,0.0,-2.220446049250313e-16,0.5064351645327043,0.0,False,300,9600,0.000615099910646677,0.000615099910646677,0.0,0.0,0.000615099910646677,0.0,0.0009765625,0.0,0.0,0.0,0,0,0.0,,,d404ad18c2a2f505,45ab1f1cdc0be691,72418e13f1be,2026-07-11T21:28:21.576701+00:00,8,9600.0,False,0,0.0,True,POLICY,0.0,,,0.0,1.5843331697701872,,,,True,0.0,False,0.0,True,0.0,300.0,1.0,1.5843331697701872,1.5843331697701872,0.0,0.4241989682970836,,,,,1.0,,,0.0,True,0.0
SP0-v1.1,SP0_PROTOCOL_v1_smoke,smoke_support_zero,smoke_support_zero,population,REP,REP,distributed_global,REP,LIN,QR1,9000,,,8,8,1.0,G-ZERO,6.791152466024171,7.0,7,7.999999999999991,1,1.0,True,True,1.0,1.6064462271344435,0.022113057364256283,0.0002764132170532035,0.022113057364256283,0.5312297475986173,,True,3368,107776,0.014318900066427886,0.014318900066427886,0.0,0.0,0.014318900066427886,0.000493600033223629,0.00152587890625,0.0,0.01629011493862187,0.7678269653163818,0,0,0.0,,,d404ad18c2a2f505,45ab1f1cdc0be691,72418e13f1be,2026-07-11T21:28:21.576701+00:00,8,107776.0,True,8,-0.8799194221608194,True,QR1,-0.8799194221608194,False,False,0.21053014823590602,18.426745028642667,True,0.058844916332851716,replicator_support_conditioned_vector_field,True,-0.2102537350188528,False,0.0,True,0.007602217917829224,3368.0,1.0085565814899258,1.5843331697701872,1.5843331697701872,0.005749073971927805,0.440315447289927,0.0,True,0.8801958353778726,72.0,0.13416793308871436,6.0,0.002943995561670243,6.0,True,6.0
SP0-v1.1,SP0_PROTOCOL_v1_smoke,smoke_support_zero,smoke_support_zero,population,SMI,SMI,distributed_global,SMI,ASYM,QR1,9000,,,8,8,1.0,G-ZERO,6.791152466024171,7.0,7,7.999999999999991,1,1.0,True,True,1.0,1.6047475675107392,0.02041439774055198,0.0002551799717568998,0.02041439774055198,0.5312297475986173,,True,3368,107776,0.01963410002645105,0.01963410002645105,0.0,0.0,0.01963410002645105,0.0003934999695047736,0.00152587890625,0.0,0.019525114370978702,0.6793082873869165,6,8,0.0,,,d404ad18c2a2f505,45ab1f1cdc0be691,72418e13f1be,2026-07-11T21:28:21.576701+00:00,8,107776.0,True,8,-0.6648636078836825,True,QR1,-0.6648636078836825,False,False,0.20475679340760586,17.964876642378655,True,0.06976791255798392,smith_vector_field,True,-0.20450161343584897,False,-0.0019247306244407625,True,0.0034608662256938594,3368.0,1.0078992902228499,1.5843331697701872,1.5843331697701872,-0.001858770762522548,0.440315447289927,0.5,False,0.6651187878554394,54.79383619820534,0.13734587451469132,6.0,0.0035308759019101466,6.0,True,6.0
SP0-v1.1,SP0_PROTOCOL_v1_smoke,smoke_support_zero,smoke_support_zero,population,BNN,BNN,distributed_global,BNN,MC,QR1,9000,,,8,8,1.0,G-ZERO,6.791152466024171,7.0,7,7.999999999999991,1,1.0,True,True,1.0,1.6047475675107392,0.02041439774055198,0.0002551799717568998,0.02041439774055198,0.5312297475986173,,True,3368,107776,0.02911360003054142,0.02911360003054142,0.0,0.0,0.02911360003054142,0.00038380001205950975,0.00152587890625,0.0,0.019525114370978702,0.603227454668406,0,60,0.0,,,d404ad18c2a2f505,45ab1f1cdc0be691,72418e13f1be,2026-07-11T21:28:21.576701+00:00,8,107776.0,True,8,-0.8799406554061157,True,QR1,-0.8799406554061157,False,False,0.35216959901016337,29.757901090583257,True,0.07637844390962692,bnn_excess_payoff_vector_field,True,-0.3519144190384065,False,-0.03328361332745722,True,-0.017543228882627382,3368.0,1.0078992902228499,1.5843331697701872,1.5843331697701872,-0.031710560360562606,0.440315447289927,0.0,True,0.8801958353778726,72.0,0.0846854783699204,6.0,0.0038485238532669497,6.0,True,6.0
SP0-v1.1,SP0_PROTOCOL_v1_smoke,smoke_support_zero,smoke_support_zero,population,LOG,LOG,distributed_global,LOG,SIG,REPAIR,9000,,,8,8,1.0,G-ZERO,6.791152466024171,7.0,7,7.999999999999991,1,1.0,True,True,1.0,1.5852224531397605,0.0008892833695732794,1.1116042119665992e-05,0.0008892833695732794,0.5312297475986173,,True,3368,107776,0.028923600097186863,0.028923600097186863,0.0,0.0,0.028923600097186863,0.00014409993309527636,0.00152587890625,0.0,0.0008892833695735014,0.8025121412196516,9,0,0.0,,,d404ad18c2a2f505,45ab1f1cdc0be691,72418e13f1be,2026-07-11T21:28:21.576701+00:00,8,107776.0,True,8,-0.5551288025027531,True,REPAIR,-0.5551288025027531,False,False,0.112621359770815,10.594041951435388,True,0.008852297268174991,target_logit_fixed_point,True,-0.11261024372869534,False,0.0,True,0.00447641075089944,3368.0,1.0003441055433469,1.5843331697701872,1.5843331697701872,0.0010439580956293603,0.440315447289927,0.625,False,0.5551399185448728,45.99552665336001,0.22297853190187047,6.0,0.00046589054548851205,6.0,True,6.0
SP0-v1.1,SP0_PROTOCOL_v1_smoke,smoke_support_zero,smoke_support_zero,population,PROJ,PROJ,distributed_global,PROJ,QUAD,QR1,9000,,,8,8,1.0,G-ZERO,6.791152466024171,7.0,7,7.999999999999991,1,1.0,True,True,1.0,1.6047475675107392,0.02041439774055198,0.0002551799717568998,0.02041439774055198,0.5312297475986173,,True,3368,107776,0.031437600031495094,0.031437600031495094,0.0,0.0,0.031437600031495094,0.00034469994716346264,0.00152587890625,0.0,0.019525114370978702,0.6329631320078344,7,0,0.0,,,d404ad18c2a2f505,45ab1f1cdc0be691,72418e13f1be,2026-07-11T21:28:21.576701+00:00,8,107776.0,True,8,-0.43943181060919284,True,QR1,-0.43943181060919284,False,False,0.20651958141984128,18.10589968335749,True,0.10596321103677031,projection_gradient_mapping,True,-0.2062644014480844,False,0.0,True,0.006896355010493127,3368.0,1.0078992902228499,1.5843331697701872,1.5843331697701872,0.00305637282656783,0.440315447289927,0.625,False,0.43968699058094973,36.75929241624617,0.1363321073950602,6.0,0.005315098882490155,6.0,True,6.0
SP0-v1.1,SP0_PROTOCOL_v1_smoke,smoke_support_zero,smoke_support_zero,population,IBR,IBR,distributed_global,IBR,LIN,QR1,9000,,,8,8,1.0,G-ZERO,6.791152466024171,7.0,7,7.999999999999991,1,1.0,True,True,1.0,1.5901561121958216,0.005822942425634414,7.278678032043018e-05,0.005822942425634414,0.5312297475986173,,True,3368,107776,0.014551699976436794,0.014551699976436794,0.0,0.0,0.014551699976436794,0.00040579994674772024,0.00152587890625,0.0,0.004933659056061135,0.5672230630515631,412,25,0.0,,,d404ad18c2a2f505,45ab1f1cdc0be691,72418e13f1be,2026-07-11T21:28:21.576701+00:00,8,107776.0,True,8,-1.007328191559958,True,QR1,-1.007328191559958,False,False,0.04493290116640558,5.178965263082634,True,0.9940680143121021,inertial_best_response_fixed_point,True,-0.04486011438608515,False,-1.8715259334227003,True,0.19291679618104596,3368.0,1.0022531701770296,1.5843331697701872,1.5843331697701872,-1.6216301862364384,0.440315447289927,0.375,False,1.0074009783402784,82.17641143699247,0.41918929819385564,6.0,0.2961298690697178,6.0,True,6.0
SP0-v1.1,SP0_PROTOCOL_v1_smoke,smoke_support_zero,smoke_support_zero,population,GPC,GPC,distributed_global,GPC,LIN,QR1,9000,,,8,8,1.0,G-ZERO,6.791152466024171,7.0,7,7.999999999999991,1,1.0,True,True,1.0,1.6047475675107392,0.02041439774055198,0.0002551799717568998,0.02041439774055198,0.5312297475986173,,True,3368,107776,0.015162600087933242,0.015162600087933242,0.0,0.0,0.015162600087933242,0.0003978000022470951,0.00152587890625,0.0,0.019525114370978702,0.6793082873869165,6,0,0.0,,,d404ad18c2a2f505,45ab1f1cdc0be691,72418e13f1be,2026-07-11T21:28:21.576701+00:00,8,107776.0,True,8,-0.6648636078836825,True,QR1,-0.6648636078836825,False,False,0.20475679340760586,17.964876642378655,True,0.06976791255798391,generalized_pairwise_vector_field,True,-0.20450161343584897,False,0.0,True,0.008427923920791835,3368.0,1.0078992902228499,1.5843331697701872,1.5843331697701872,0.0033720351720108433,0.440315447289927,0.5,False,0.6651187878554394,54.79383619820534,0.13734587451469132,6.0,0.0035308759019101466,6.0,True,6.0
SP0-v1.1,SP0_PROTOCOL_v1_smoke,smoke_support_zero,smoke_support_zero,population,HYB,HYB,distributed_global,HYB,ASYM,QR2,9000,,,8,8,1.0,G-ZERO,6.791152466024171,7.0,7,7.999999999999991,1,1.0,True,True,1.0,1.584333169770187,-2.220446049250313e-16,0.0,-2.220446049250313e-16,0.5064351645327043,,True,3376,108032,0.025007399963214993,0.025007399963214993,0.0,0.0,0.025007399963214993,0.003967100055888295,0.00152587890625,0.0,0.0,0.7030282820806166,7,12,0.0,,,d404ad18c2a2f505,45ab1f1cdc0be691,72418e13f1be,2026-07-11T21:28:21.576701+00:00,8,108032.0,True,16,-0.6651187878554394,True,QR2,-0.6651187878554394,False,False,0.20378229715688123,17.886916942320685,True,0.08344278200971345,hybrid_smith_phase_vector_field,True,-0.20378229715688123,False,-0.0030306734533347424,True,0.0019311653096285575,3376.0,1.0,1.5843331697701872,1.5843331697701872,-0.00297527825033729,0.4241989682970836,0.5,False,0.6651187878554394,54.79383619820534,0.1368319232653248,6.0,0.004233347277367516,6.0,True,6.0
SP0-v1.1,SP0_PROTOCOL_v1_smoke,smoke_support_zero,smoke_support_zero,data_driven_debug,IPPO-GNN,IPPO-GNN,distributed_local,,,DEBUG_UNTRAINED_POLICY_REPAIR,9000,,15001,8,8,1.0,G-ZERO,6.791152466024171,7.0,7,7.999999999999991,1,1.0,True,True,1.0,2.109260417632976,0.5249272478627889,0.006561590598284861,0.5249272478627889,0.5900662423796976,2.0,False,112,3584,0.003790499991737306,0.003790499991737306,0.0,0.0,0.003790499991737306,0.00017829996068030596,0.0009765625,0.0,0.519993588806728,0.0,5,0,,0,False,d404ad18c2a2f505,45ab1f1cdc0be691,72418e13f1be,2026-07-11T21:28:21.576701+00:00,8,3584.0,True,0,-1.0242865160181622,True,DEBUG_UNTRAINED_POLICY_REPAIR,-1.0242865160181622,,,0.0,1.5843331697701872,,,,True,0.006561590598284861,False,0.0,True,0.0,112.0,1.2031190304729433,1.5843331697701872,1.5843331697701872,0.0,0.5708425122932083,0.25,False,1.030848106616447,84.05218169908595,1.2031190304729433,0.2,,0.2,True,0.2
SP0-v1.1,SP0_PROTOCOL_v1_smoke,smoke_support_zero,smoke_support_zero,data_driven_debug,MAPPO-GNN,MAPPO-GNN,distributed_local,,,DEBUG_UNTRAINED_POLICY_REPAIR,9000,,15002,8,8,1.0,G-ZERO,6.791152466024171,7.0,7,7.999999999999991,1,1.0,True,True,1.0,1.7394220892294538,0.15508891945926662,0.0019386114932408327,0.15508891945926662,0.5312297475986173,2.0,False,112,3584,0.0037768000038340688,0.0037768000038340688,0.0,0.0,0.0037768000038340688,0.00019719998817890882,0.0009765625,0.0,0.13467452171871463,0.0,0,0,,0,False,d404ad18c2a2f505,45ab1f1cdc0be691,72418e13f1be,2026-07-11T21:28:21.576701+00:00,8,3584.0,True,0,-0.8782572238846318,True,DEBUG_UNTRAINED_POLICY_REPAIR,-0.8782572238846318,,,0.0,1.5843331697701872,,,,True,0.0019386114932408327,False,0.0,True,0.0,112.0,1.06001119409579,1.5843331697701872,1.5843331697701872,0.0,0.49636698990573114,0.0,True,0.8801958353778726,72.0,1.06001119409579,0.2,,0.2,True,0.2
SP0-v1.1,SP0_PROTOCOL_v1_smoke,smoke_connected_local,smoke_connected_local,classic,HUN,HUN,centralized,,,EXACT,9000,,,8,8,1.0,G-UNI,3.4752794769552153,4.0,3,1.2004327033303859,1,3.0,True,True,1.0,1.584333169770187,-2.220446049250313e-16,0.0,-2.220446049250313e-16,0.5064351645327043,0.0,False,64,2048,9.899958968162537e-06,9.899958968162537e-06,9.899958968162537e-06,3.00002284348011e-07,9.899958968162537e-06,0.0,0.0009765625,0.0,0.0,0.0,0,0,0.0,,,d404ad18c2a2f505,417f414238481fa6,72418e13f1be,2026-07-11T21:28:21.576701+00:00,8,2048.0,False,0,0.0,True,EXACT,0.0,,,0.0,1.5843331697701872,,,,True,0.0,False,0.0,True,0.0,64.0,1.0,1.5843331697701872,1.5843331697701872,0.0,0.4241989682970836,,,,,1.0,,,0.0,True,0.0
SP0-v1.1,SP0_PROTOCOL_v1_smoke,smoke_connected_local,smoke_connected_local,classic,GRD,GRD,distributed_global,,,POLICY,9000,,,8,8,1.0,G-UNI,3.4752794769552153,4.0,3,1.2004327033303859,1,3.0,True,True,1.0,1.7307321827525592,0.146399012982372,0.00182998766227965,0.146399012982372,0.5312297475986173,0.0,False,8,256,9.909993968904018e-05,9.909993968904018e-05,0.0,0.0,9.909993968904018e-05,0.0,0.0009765625,0.0,0.03377840972217694,0.0,0,0,0.0,,,d404ad18c2a2f505,417f414238481fa6,72418e13f1be,2026-07-11T21:28:21.576701+00:00,8,256.0,False,0,0.00182998766227965,True,POLICY,0.00182998766227965,,,0.0,1.5843331697701872,,,,True,0.00182998766227965,False,0.0,True,0.0,8.0,1.0566486607434562,1.5843331697701872,1.5843331697701872,0.0,0.49636698990573114,,,,,1.0566486607434562,,,0.0,True,0.0
SP0-v1.1,SP0_PROTOCOL_v1_smoke,smoke_connected_local,smoke_connected_local,classic,EPS-AUCTION,EPS-AUCTION,distributed_global,,,POLICY,9000,,,8,8,1.0,G-UNI,3.4752794769552153,4.0,3,1.2004327033303859,1,3.0,True,True,1.0,1.584333169770187,-2.220446049250313e-16,0.0,-2.220446049250313e-16,0.5064351645327043,0.0,False,300,9600,0.0006049999501556158,0.0006049999501556158,0.0,0.0,0.0006049999501556158,0.0,0.0009765625,0.0,0.0,0.0,0,0,0.0,,,d404ad18c2a2f505,417f414238481fa6,72418e13f1be,2026-07-11T21:28:21.576701+00:00,8,9600.0,False,0,0.0,True,POLICY,0.0,,,0.0,1.5843331697701872,,,,True,0.0,False,0.0,True,0.0,300.0,1.0,1.5843331697701872,1.5843331697701872,0.0,0.4241989682970836,,,,,1.0,,,0.0,True,0.0
SP0-v1.1,SP0_PROTOCOL_v1_smoke,smoke_connected_local,smoke_connected_local,population,REP,REP,distributed_global,REP,LIN,QR1,9000,,,8,8,1.0,G-UNI,3.4752794769552153,4.0,3,1.2004327033303859,1,3.0,True,True,1.0,1.6047475675107392,0.02041439774055198,0.0002551799717568998,0.02041439774055198,0.5312297475986173,,True,3368,107776,0.015068600070662796,0.015068600070662796,0.0,0.0,0.015068600070662796,0.00035349989775568247,0.00152587890625,0.0,0.019525114370978702,0.8222752775784952,4,0,0.0,,,d404ad18c2a2f505,417f414238481fa6,72418e13f1be,2026-07-11T21:28:21.576701+00:00,8,107776.0,True,8,-0.7708431389052197,True,QR1,-0.7708431389052197,False,False,0.15854465524472677,14.267905589348327,True,0.041187955030075836,replicator_support_conditioned_vector_field,True,-0.15828947527296988,False,0.0,True,0.005742837180505722,3368.0,1.0078992902228499,1.5843331697701872,1.5843331697701872,0.004852385378782648,0.440315447289927,0.25,False,0.7710983188769767,63.27219867992832,0.1706028081106255,6.0,0.0020638293840799793,6.0,True,6.0
SP0-v1.1,SP0_PROTOCOL_v1_smoke,smoke_connected_local,smoke_connected_local,population,SMI,SMI,distributed_global,SMI,ASYM,QR1,9000,,,8,8,1.0,G-UNI,3.4752794769552153,4.0,3,1.2004327033303859,1,3.0,True,True,1.0,1.6047475675107392,0.02041439774055198,0.0002551799717568998,0.02041439774055198,0.5312297475986173,,True,3368,107776,0.02008340007159859,0.02008340007159859,0.0,0.0,0.02008340007159859,0.00034959998447448015,0.00152587890625,0.0,0.019525114370978702,0.6800155446964131,7,14,0.0,,,d404ad18c2a2f505,417f414238481fa6,72418e13f1be,2026-07-11T21:28:21.576701+00:00,8,107776.0,True,8,-0.6648636078836825,True,QR1,-0.6648636078836825,False,False,0.20400954172972258,17.90509650814799,True,0.0706210421315291,smith_vector_field,True,-0.20375436175796569,False,-0.005111102516107913,True,0.002994093963580635,3368.0,1.0078992902228499,1.5843331697701872,1.5843331697701872,-0.005094827542749627,0.440315447289927,0.5,False,0.6651187878554394,54.79383619820534,0.13778017829150502,6.0,0.0035750553849117073,6.0,True,6.0
SP0-v1.1,SP0_PROTOCOL_v1_smoke,smoke_connected_local,smoke_connected_local,population,BNN,BNN,distributed_global,BNN,MC,QR1,9000,,,8,8,1.0,G-UNI,3.4752794769552153,4.0,3,1.2004327033303859,1,3.0,True,True,1.0,1.6047475675107392,0.02041439774055198,0.0002551799717568998,0.02041439774055198,0.5312297475986173,,True,3368,107776,0.028588299988768995,0.028588299988768995,0.0,0.0,0.028588299988768995,0.0004659999394789338,0.00152587890625,0.0,0.019525114370978702,0.6098778723659948,0,60,0.0,,,d404ad18c2a2f505,417f414238481fa6,72418e13f1be,2026-07-11T21:28:21.576701+00:00,8,107776.0,True,8,-0.8799406554061157,True,QR1,-0.8799406554061157,False,False,0.3463197222608487,29.28991095063808,True,0.0775493901212138,bnn_excess_payoff_vector_field,True,-0.3460645422890918,False,-0.02607711792191747,True,-0.018424569221925147,3368.0,1.0078992902228499,1.5843331697701872,1.5843331697701872,-0.025829768927502474,0.440315447289927,0.0,True,0.8801958353778726,72.0,0.08599389980893517,6.0,0.003943498444735627,6.0,True,6.0
SP0-v1.1,SP0_PROTOCOL_v1_smoke,smoke_connected_local,smoke_connected_local,population,LOG,LOG,distributed_global,LOG,SIG,REPAIR,9000,,,8,8,1.0,G-UNI,3.4752794769552153,4.0,3,1.2004327033303859,1,3.0,True,True,1.0,1.5852224531397605,0.0008892833695732794,1.1116042119665992e-05,0.0008892833695732794,0.5312297475986173,,True,3368,107776,0.029013399966061115,0.029013399966061115,0.0,0.0,0.029013399966061115,0.00012099999003112316,0.00152587890625,0.0,0.0008892833695735014,0.8022713187652342,9,0,0.0,,,d404ad18c2a2f505,417f414238481fa6,72418e13f1be,2026-07-11T21:28:21.576701+00:00,8,107776.0,True,8,-0.5551288025027531,True,REPAIR,-0.5551288025027531,False,False,0.11260236092145237,10.592522043486376,True,0.008010758229950898,target_logit_fixed_point,True,-0.11259124487933271,False,0.0,True,0.004100494466474203,3368.0,1.0003441055433469,1.5843331697701872,1.5843331697701872,0.0009722239309044411,0.440315447289927,0.625,False,0.5551399185448728,45.99552665336001,0.2230077668553884,6.0,0.00042158938117681233,6.0,True,6.0
SP0-v1.1,SP0_PROTOCOL_v1_smoke,smoke_connected_local,smoke_connected_local,population,PROJ,PROJ,distributed_global,PROJ,QUAD,QR1,9000,,,8,8,1.0,G-UNI,3.4752794769552153,4.0,3,1.2004327033303859,1,3.0,True,True,1.0,1.6047475675107392,0.02041439774055198,0.0002551799717568998,0.02041439774055198,0.5312297475986173,,True,3368,107776,0.028193100006319582,0.028193100006319582,0.0,0.0,0.028193100006319582,0.0003198999911546707,0.00152587890625,0.0,0.019525114370978702,0.6330534154245573,8,0,0.0,,,d404ad18c2a2f505,417f414238481fa6,72418e13f1be,2026-07-11T21:28:21.576701+00:00,8,107776.0,True,8,-0.43943181060919284,True,QR1,-0.43943181060919284,False,False,0.20577699295769442,18.04649260638574,True,0.10660360952628345,projection_gradient_mapping,True,-0.20552181298593752,False,0.0,True,0.006945076270659989,3368.0,1.0078992902228499,1.5843331697701872,1.5843331697701872,0.0030583386083277175,0.440315447289927,0.625,False,0.43968699058094973,36.75929241624617,0.13675733487211408,6.0,0.005348261845209756,6.0,True,6.0
SP0-v1.1,SP0_PROTOCOL_v1_smoke,smoke_connected_local,smoke_connected_local,population,IBR,IBR,distributed_global,IBR,LIN,QR1,9000,,,8,8,1.0,G-UNI,3.4752794769552153,4.0,3,1.2004327033303859,1,3.0,True,True,1.0,1.6047475675107392,0.02041439774055198,0.0002551799717568998,0.02041439774055198,0.5312297475986173,,True,3368,107776,0.016276499954983592,0.016276499954983592,0.0,0.0,0.016276499954983592,0.0003350999904796481,0.00152587890625,0.0,0.019525114370978702,0.6070790353522365,390,26,0.0,,,d404ad18c2a2f505,417f414238481fa6,72418e13f1be,2026-07-11T21:28:21.576701+00:00,8,107776.0,True,8,-0.897852063728711,True,QR1,-0.897852063728711,False,False,0.017857952640446352,3.0129693810058953,True,0.9878265031860601,inertial_best_response_fixed_point,True,-0.017602772668689454,False,-2.04124877767872,True,0.14182360312281184,3368.0,1.0078992902228499,1.5843331697701872,1.5843331697701872,-1.9347218151563,0.440315447289927,0.5,False,0.8981072437004679,73.43291266580762,0.6490823428256087,6.0,0.2999999999758085,6.0,True,6.0
SP0-v1.1,SP0_PROTOCOL_v1_smoke,smoke_connected_local,smoke_connected_local,population,GPC,GPC,distributed_global,GPC,LIN,QR1,9000,,,8,8,1.0,G-UNI,3.4752794769552153,4.0,3,1.2004327033303859,1,3.0,True,True,1.0,1.6047475675107392,0.02041439774055198,0.0002551799717568998,0.02041439774055198,0.5312297475986173,,True,3368,107776,0.016320800059475005,0.016320800059475005,0.0,0.0,0.016320800059475005,0.00041449989657849073,0.00152587890625,0.0,0.019525114370978702,0.680015544696413,7,0,0.0,,,d404ad18c2a2f505,417f414238481fa6,72418e13f1be,2026-07-11T21:28:21.576701+00:00,8,107776.0,True,8,-0.6648636078836825,True,QR1,-0.6648636078836825,False,False,0.2040095417297227,17.905096508148002,True,0.07062104213152906,generalized_pairwise_vector_field,True,-0.2037543617579658,False,0.0,True,0.00861220411899577,3368.0,1.0078992902228499,1.5843331697701872,1.5843331697701872,0.003399973000519374,0.440315447289927,0.5,False,0.6651187878554394,54.79383619820534,0.13778017829150496,6.0,0.0035750553849117073,6.0,True,6.0
SP0-v1.1,SP0_PROTOCOL_v1_smoke,smoke_connected_local,smoke_connected_local,population,HYB,HYB,distributed_global,HYB,ASYM,QR2,9000,,,8,8,1.0,G-UNI,3.4752794769552153,4.0,3,1.2004327033303859,1,3.0,True,True,1.0,1.584333169770187,-2.220446049250313e-16,0.0,-2.220446049250313e-16,0.5064351645327043,,True,3376,108032,0.02148310001939535,0.02148310001939535,0.0,0.0,0.02148310001939535,0.003451499971561134,0.00152587890625,0.0,0.0,0.7033158452876972,7,15,0.0,,,d404ad18c2a2f505,417f414238481fa6,72418e13f1be,2026-07-11T21:28:21.576701+00:00,8,108032.0,True,16,-0.6651187878554394,True,QR2,-0.6651187878554394,False,False,0.2037248497853698,17.882321152599772,True,0.0831434223172682,hybrid_smith_phase_vector_field,True,-0.2037248497853698,False,-0.008228866698154036,True,0.0017843997513025123,3376.0,1.0,1.5843331697701872,1.5843331697701872,-0.007812765448424557,0.4241989682970836,0.5,False,0.6651187878554394,54.79383619820534,0.13686522694347716,6.0,0.0042182732298301495,6.0,True,6.0
SP0-v1.1,SP0_PROTOCOL_v1_smoke,smoke_connected_local,smoke_connected_local,data_driven_debug,IPPO-GNN,IPPO-GNN,distributed_local,,,DEBUG_UNTRAINED_POLICY_REPAIR,9000,,15001,8,8,1.0,G-UNI,3.4752794769552153,4.0,3,1.2004327033303859,1,3.0,True,True,1.0,2.972493400499059,1.3881602307288716,0.017352002884110894,1.3881602307288716,0.6210419494765197,2.0,False,64,2048,0.004923899890854955,0.004923899890854955,0.0,0.0,0.004923899890854955,0.000264400034211576,0.0009765625,0.0,0.8934541181159861,0.0,5,0,,0,False,d404ad18c2a2f505,417f414238481fa6,72418e13f1be,2026-07-11T21:28:21.576701+00:00,8,2048.0,True,0,-0.7886120937387174,True,DEBUG_UNTRAINED_POLICY_REPAIR,-0.7886120937387174,,,0.0,1.5843331697701872,,,,True,0.017352002884110894,False,0.0,True,0.0,64.0,1.5371444545024797,1.5843331697701872,1.5843331697701872,0.0,0.6158506503206476,0.375,False,0.8059640966228283,66.06146089959645,1.5371444545024797,0.2,,0.2,True,0.2
SP0-v1.1,SP0_PROTOCOL_v1_smoke,smoke_connected_local,smoke_connected_local,data_driven_debug,MAPPO-GNN,MAPPO-GNN,distributed_local,,,DEBUG_UNTRAINED_POLICY_REPAIR,9000,,15002,8,8,1.0,G-UNI,3.4752794769552153,4.0,3,1.2004327033303859,1,3.0,True,True,1.0,1.7394220892294538,0.15508891945926662,0.0019386114932408327,0.15508891945926662,0.5312297475986173,2.0,False,64,2048,0.004151300061494112,0.004151300061494112,0.0,0.0,0.004151300061494112,0.00023040000814944506,0.0009765625,0.0,0.13467452171871463,0.0,0,0,,0,False,d404ad18c2a2f505,417f414238481fa6,72418e13f1be,2026-07-11T21:28:21.576701+00:00,8,2048.0,True,0,-0.8782572238846318,True,DEBUG_UNTRAINED_POLICY_REPAIR,-0.8782572238846318,,,0.0,1.5843331697701872,,,,True,0.0019386114932408327,False,0.0,True,0.0,64.0,1.06001119409579,1.5843331697701872,1.5843331697701872,0.0,0.49636698990573114,0.0,True,0.8801958353778726,72.0,1.06001119409579,0.2,,0.2,True,0.2
SP0-v1.1,SP0_PROTOCOL_v1_smoke,smoke_disconnected,smoke_disconnected,classic,HUN,HUN,centralized,,,EXACT,9000,,,8,8,1.0,G-UNI,6.031755065215956e-15,0.0,0,0.0,8,,True,True,1.0,1.584333169770187,-2.220446049250313e-16,0.0,-2.220446049250313e-16,0.5064351645327043,0.0,False,64,2048,7.800059393048286e-06,7.800059393048286e-06,7.800059393048286e-06,3.00002284348011e-07,7.800059393048286e-06,0.0,0.0009765625,0.0,0.0,0.0,0,0,0.0,,,d404ad18c2a2f505,7ec71ef03d19aaec,72418e13f1be,2026-07-11T21:28:21.576701+00:00,8,2048.0,False,0,0.0,True,EXACT,0.0,,,0.0,1.5843331697701872,,,,True,0.0,False,0.0,True,0.0,64.0,1.0,1.5843331697701872,1.5843331697701872,0.0,0.4241989682970836,,,,,1.0,,,0.0,True,0.0
SP0-v1.1,SP0_PROTOCOL_v1_smoke,smoke_disconnected,smoke_disconnected,classic,GRD,GRD,distributed_global,,,POLICY,9000,,,8,8,1.0,G-UNI,6.031755065215956e-15,0.0,0,0.0,8,,True,True,1.0,1.7307321827525592,0.146399012982372,0.00182998766227965,0.146399012982372,0.5312297475986173,0.0,False,8,256,9.860005229711533e-05,9.860005229711533e-05,0.0,0.0,9.860005229711533e-05,0.0,0.0009765625,0.0,0.03377840972217694,0.0,0,0,0.0,,,d404ad18c2a2f505,7ec71ef03d19aaec,72418e13f1be,2026-07-11T21:28:21.576701+00:00,8,256.0,False,0,0.00182998766227965,True,POLICY,0.00182998766227965,,,0.0,1.5843331697701872,,,,True,0.00182998766227965,False,0.0,True,0.0,8.0,1.0566486607434562,1.5843331697701872,1.5843331697701872,0.0,0.49636698990573114,,,,,1.0566486607434562,,,0.0,True,0.0
SP0-v1.1,SP0_PROTOCOL_v1_smoke,smoke_disconnected,smoke_disconnected,classic,EPS-AUCTION,EPS-AUCTION,distributed_global,,,POLICY,9000,,,8,8,1.0,G-UNI,6.031755065215956e-15,0.0,0,0.0,8,,True,True,1.0,1.584333169770187,-2.220446049250313e-16,0.0,-2.220446049250313e-16,0.5064351645327043,0.0,False,300,9600,0.0005014999769628048,0.0005014999769628048,0.0,0.0,0.0005014999769628048,0.0,0.0009765625,0.0,0.0,0.0,0,0,0.0,,,d404ad18c2a2f505,7ec71ef03d19aaec,72418e13f1be,2026-07-11T21:28:21.576701+00:00,8,9600.0,False,0,0.0,True,POLICY,0.0,,,0.0,1.5843331697701872,,,,True,0.0,False,0.0,True,0.0,300.0,1.0,1.5843331697701872,1.5843331697701872,0.0,0.4241989682970836,,,,,1.0,,,0.0,True,0.0
SP0-v1.1,SP0_PROTOCOL_v1_smoke,smoke_disconnected,smoke_disconnected,population,REP,REP,distributed_global,REP,LIN,QR1,9000,,,8,8,1.0,G-UNI,6.031755065215956e-15,0.0,0,0.0,8,,True,True,1.0,1.6047475675107392,0.02041439774055198,0.0002551799717568998,0.02041439774055198,0.5312297475986173,,True,3368,107776,0.012709699920378625,0.012709699920378625,0.0,0.0,0.012709699920378625,0.00036589999217540026,0.00152587890625,0.0,0.019525114370978702,0.8222752775784952,4,0,0.0,,,d404ad18c2a2f505,7ec71ef03d19aaec,72418e13f1be,2026-07-11T21:28:21.576701+00:00,8,107776.0,True,8,-0.7708431389052197,True,QR1,-0.7708431389052197,False,False,0.15854465524472677,14.267905589348327,True,0.041187955030075836,replicator_support_conditioned_vector_field,True,-0.15828947527296988,False,0.0,True,0.005742837180505722,3368.0,1.0078992902228499,1.5843331697701872,1.5843331697701872,0.004852385378782648,0.440315447289927,0.25,False,0.7710983188769767,63.27219867992832,0.1706028081106255,6.0,0.0020638293840799793,6.0,True,6.0
SP0-v1.1,SP0_PROTOCOL_v1_smoke,smoke_disconnected,smoke_disconnected,population,SMI,SMI,distributed_global,SMI,ASYM,QR1,9000,,,8,8,1.0,G-UNI,6.031755065215956e-15,0.0,0,0.0,8,,True,True,1.0,1.6047475675107392,0.02041439774055198,0.0002551799717568998,0.02041439774055198,0.5312297475986173,,True,3368,107776,0.01563249994069338,0.01563249994069338,0.0,0.0,0.01563249994069338,0.00034520006738603115,0.00152587890625,0.0,0.019525114370978702,0.6800155446964131,7,14,0.0,,,d404ad18c2a2f505,7ec71ef03d19aaec,72418e13f1be,2026-07-11T21:28:21.576701+00:00,8,107776.0,True,8,-0.6648636078836825,True,QR1,-0.6648636078836825,False,False,0.20400954172972258,17.90509650814799,True,0.0706210421315291,smith_vector_field,True,-0.20375436175796569,False,-0.005111102516107913,True,0.002994093963580635,3368.0,1.0078992902228499,1.5843331697701872,1.5843331697701872,-0.005094827542749627,0.440315447289927,0.5,False,0.6651187878554394,54.79383619820534,0.13778017829150502,6.0,0.0035750553849117073,6.0,True,6.0
SP0-v1.1,SP0_PROTOCOL_v1_smoke,smoke_disconnected,smoke_disconnected,population,BNN,BNN,distributed_global,BNN,MC,QR1,9000,,,8,8,1.0,G-UNI,6.031755065215956e-15,0.0,0,0.0,8,,True,True,1.0,1.6047475675107392,0.02041439774055198,0.0002551799717568998,0.02041439774055198,0.5312297475986173,,True,3368,107776,0.020451599964872003,0.020451599964872003,0.0,0.0,0.020451599964872003,0.0004409999819472432,0.00152587890625,0.0,0.019525114370978702,0.6098778723659948,0,60,0.0,,,d404ad18c2a2f505,7ec71ef03d19aaec,72418e13f1be,2026-07-11T21:28:21.576701+00:00,8,107776.0,True,8,-0.8799406554061157,True,QR1,-0.8799406554061157,False,False,0.3463197222608487,29.28991095063808,True,0.0775493901212138,bnn_excess_payoff_vector_field,True,-0.3460645422890918,False,-0.02607711792191747,True,-0.018424569221925147,3368.0,1.0078992902228499,1.5843331697701872,1.5843331697701872,-0.025829768927502474,0.440315447289927,0.0,True,0.8801958353778726,72.0,0.08599389980893517,6.0,0.003943498444735627,6.0,True,6.0
SP0-v1.1,SP0_PROTOCOL_v1_smoke,smoke_disconnected,smoke_disconnected,population,LOG,LOG,distributed_global,LOG,SIG,REPAIR,9000,,,8,8,1.0,G-UNI,6.031755065215956e-15,0.0,0,0.0,8,,True,True,1.0,1.5852224531397605,0.0008892833695732794,1.1116042119665992e-05,0.0008892833695732794,0.5312297475986173,,True,3368,107776,0.02972079999744892,0.02972079999744892,0.0,0.0,0.02972079999744892,0.00016850000247359276,0.00152587890625,0.0,0.0008892833695735014,0.8022713187652342,9,0,0.0,,,d404ad18c2a2f505,7ec71ef03d19aaec,72418e13f1be,2026-07-11T21:28:21.576701+00:00,8,107776.0,True,8,-0.5551288025027531,True,REPAIR,-0.5551288025027531,False,False,0.11260236092145237,10.592522043486376,True,0.008010758229950898,target_logit_fixed_point,True,-0.11259124487933271,False,0.0,True,0.004100494466474203,3368.0,1.0003441055433469,1.5843331697701872,1.5843331697701872,0.0009722239309044411,0.440315447289927,0.625,False,0.5551399185448728,45.99552665336001,0.2230077668553884,6.0,0.00042158938117681233,6.0,True,6.0
SP0-v1.1,SP0_PROTOCOL_v1_smoke,smoke_disconnected,smoke_disconnected,population,PROJ,PROJ,distributed_global,PROJ,QUAD,QR1,9000,,,8,8,1.0,G-UNI,6.031755065215956e-15,0.0,0,0.0,8,,True,True,1.0,1.6047475675107392,0.02041439774055198,0.0002551799717568998,0.02041439774055198,0.5312297475986173,,True,3368,107776,0.024972000042907894,0.024972000042907894,0.0,0.0,0.024972000042907894,0.0003665999975055456,0.00152587890625,0.0,0.019525114370978702,0.6330534154245573,8,0,0.0,,,d404ad18c2a2f505,7ec71ef03d19aaec,72418e13f1be,2026-07-11T21:28:21.576701+00:00,8,107776.0,True,8,-0.43943181060919284,True,QR1,-0.43943181060919284,False,False,0.20577699295769442,18.04649260638574,True,0.10660360952628345,projection_gradient_mapping,True,-0.20552181298593752,False,0.0,True,0.006945076270659989,3368.0,1.0078992902228499,1.5843331697701872,1.5843331697701872,0.0030583386083277175,0.440315447289927,0.625,False,0.43968699058094973,36.75929241624617,0.13675733487211408,6.0,0.005348261845209756,6.0,True,6.0
SP0-v1.1,SP0_PROTOCOL_v1_smoke,smoke_disconnected,smoke_disconnected,population,IBR,IBR,distributed_global,IBR,LIN,QR1,9000,,,8,8,1.0,G-UNI,6.031755065215956e-15,0.0,0,0.0,8,,True,True,1.0,1.6047475675107392,0.02041439774055198,0.0002551799717568998,0.02041439774055198,0.5312297475986173,,True,3368,107776,0.018756400095298886,0.018756400095298886,0.0,0.0,0.018756400095298886,0.00040769996121525764,0.00152587890625,0.0,0.019525114370978702,0.6070790353522365,390,26,0.0,,,d404ad18c2a2f505,7ec71ef03d19aaec,72418e13f1be,2026-07-11T21:28:21.576701+00:00,8,107776.0,True,8,-0.897852063728711,True,QR1,-0.897852063728711,False,False,0.017857952640446352,3.0129693810058953,True,0.9878265031860601,inertial_best_response_fixed_point,True,-0.017602772668689454,False,-2.04124877767872,True,0.14182360312281184,3368.0,1.0078992902228499,1.5843331697701872,1.5843331697701872,-1.9347218151563,0.440315447289927,0.5,False,0.8981072437004679,73.43291266580762,0.6490823428256087,6.0,0.2999999999758085,6.0,True,6.0
SP0-v1.1,SP0_PROTOCOL_v1_smoke,smoke_disconnected,smoke_disconnected,population,GPC,GPC,distributed_global,GPC,LIN,QR1,9000,,,8,8,1.0,G-UNI,6.031755065215956e-15,0.0,0,0.0,8,,True,True,1.0,1.6047475675107392,0.02041439774055198,0.0002551799717568998,0.02041439774055198,0.5312297475986173,,True,3368,107776,0.019352200091816485,0.019352200091816485,0.0,0.0,0.019352200091816485,0.000552999903447926,0.00152587890625,0.0,0.019525114370978702,0.680015544696413,7,0,0.0,,,d404ad18c2a2f505,7ec71ef03d19aaec,72418e13f1be,2026-07-11T21:28:21.576701+00:00,8,107776.0,True,8,-0.6648636078836825,True,QR1,-0.6648636078836825,False,False,0.2040095417297227,17.905096508148002,True,0.07062104213152906,generalized_pairwise_vector_field,True,-0.2037543617579658,False,0.0,True,0.00861220411899577,3368.0,1.0078992902228499,1.5843331697701872,1.5843331697701872,0.003399973000519374,0.440315447289927,0.5,False,0.6651187878554394,54.79383619820534,0.13778017829150496,6.0,0.0035750553849117073,6.0,True,6.0
SP0-v1.1,SP0_PROTOCOL_v1_smoke,smoke_disconnected,smoke_disconnected,population,HYB,HYB,distributed_global,HYB,ASYM,QR2,9000,,,8,8,1.0,G-UNI,6.031755065215956e-15,0.0,0,0.0,8,,True,True,1.0,1.584333169770187,-2.220446049250313e-16,0.0,-2.220446049250313e-16,0.5064351645327043,,True,3376,108032,0.021399799967184663,0.021399799967184663,0.0,0.0,0.021399799967184663,0.0024226000532507896,0.00152587890625,0.0,0.0,0.7033158452876972,7,15,0.0,,,d404ad18c2a2f505,7ec71ef03d19aaec,72418e13f1be,2026-07-11T21:28:21.576701+00:00,8,108032.0,True,16,-0.6651187878554394,True,QR2,-0.6651187878554394,False,False,0.2037248497853698,17.882321152599772,True,0.0831434223172682,hybrid_smith_phase_vector_field,True,-0.2037248497853698,False,-0.008228866698154036,True,0.0017843997513025123,3376.0,1.0,1.5843331697701872,1.5843331697701872,-0.007812765448424557,0.4241989682970836,0.5,False,0.6651187878554394,54.79383619820534,0.13686522694347716,6.0,0.0042182732298301495,6.0,True,6.0
SP0-v1.1,SP0_PROTOCOL_v1_smoke,smoke_disconnected,smoke_disconnected,data_driven_debug,IPPO-GNN,IPPO-GNN,distributed_local,,,DEBUG_UNTRAINED_POLICY_REPAIR,9000,,15001,8,8,1.0,G-UNI,6.031755065215956e-15,0.0,0,0.0,8,,True,True,1.0,2.1237942328806474,0.5394610631104602,0.006743263288880752,0.5394610631104602,0.7107929583019652,2.0,False,0,0,0.003572799963876605,0.003572799963876605,0.0,0.0,0.003572799963876605,0.00014350004494190216,0.0009765625,0.0,0.3504259153830296,0.0,3,0,,0,False,d404ad18c2a2f505,7ec71ef03d19aaec,72418e13f1be,2026-07-11T21:28:21.576701+00:00,8,0.0,True,0,-0.7847685427245481,True,DEBUG_UNTRAINED_POLICY_REPAIR,-0.7847685427245481,,,0.0,1.5843331697701872,,,,True,0.006743263288880752,False,0.0,True,0.0,0.0,1.2087428468669277,1.5843331697701872,1.5843331697701872,0.0,0.6685386077291715,0.25,False,0.7915118060134289,64.9052776508445,1.2087428468669277,0.2,,0.2,True,0.2
SP0-v1.1,SP0_PROTOCOL_v1_smoke,smoke_disconnected,smoke_disconnected,data_driven_debug,MAPPO-GNN,MAPPO-GNN,distributed_local,,,DEBUG_UNTRAINED_POLICY_REPAIR,9000,,15002,8,8,1.0,G-UNI,6.031755065215956e-15,0.0,0,0.0,8,,True,True,1.0,1.7394220892294538,0.15508891945926662,0.0019386114932408327,0.15508891945926662,0.5312297475986173,2.0,False,0,0,0.003333000000566244,0.003333000000566244,0.0,0.0,0.003333000000566244,0.00019040005281567574,0.0009765625,0.0,0.13467452171871463,0.0,0,0,,0,False,d404ad18c2a2f505,7ec71ef03d19aaec,72418e13f1be,2026-07-11T21:28:21.576701+00:00,8,0.0,True,0,-0.8782572238846318,True,DEBUG_UNTRAINED_POLICY_REPAIR,-0.8782572238846318,,,0.0,1.5843331697701872,,,,True,0.0019386114932408327,False,0.0,True,0.0,0.0,1.06001119409579,1.5843331697701872,1.5843331697701872,0.0,0.49636698990573114,0.0,True,0.8801958353778726,72.0,1.06001119409579,0.2,,0.2,True,0.2
SP0-v1.1,SP0_PROTOCOL_v1_smoke,smoke_robot_scarcity,smoke_robot_scarcity,classic,HUN,HUN,centralized,,,EXACT,9000,,,8,12,1.5,G-UNI,6.791152466024171,7.0,7,7.999999999999991,1,1.0,True,True,1.0,1.1847123564511588,2.220446049250313e-16,2.7755575615628915e-18,2.220446049250313e-16,0.3343447954901768,0.0,False,96,3072,8.699949830770493e-06,8.699949830770493e-06,8.699949830770493e-06,3.00002284348011e-07,8.699949830770493e-06,0.0,0.001220703125,0.0,0.0,0.0,0,0,0.0,,,d404ad18c2a2f505,0a348d13791cb215,72418e13f1be,2026-07-11T21:28:21.576701+00:00,8,3072.0,False,0,2.7755575615628915e-18,True,EXACT,2.7755575615628915e-18,,,0.0,1.1847123564511586,,,,True,2.7755575615628915e-18,False,0.0,True,0.0,96.0,1.0,1.1847123564511586,1.1847123564511586,0.0,0.2896442153644671,,,,,1.0,,,0.0,True,0.0
SP0-v1.1,SP0_PROTOCOL_v1_smoke,smoke_robot_scarcity,smoke_robot_scarcity,classic,GRD,GRD,distributed_global,,,POLICY,9000,,,8,12,1.5,G-UNI,6.791152466024171,7.0,7,7.999999999999991,1,1.0,True,True,1.0,1.2740004491434749,0.0892880926923163,0.0011161011586539537,0.0892880926923163,0.4345538252342518,0.0,False,8,256,8.409994188696146e-05,8.409994188696146e-05,0.0,0.0,8.409994188696146e-05,0.0,0.001220703125,0.0,0.08762844548156457,0.0,0,0,0.0,,,d404ad18c2a2f505,0a348d13791cb215,72418e13f1be,2026-07-11T21:28:21.576701+00:00,8,256.0,False,0,0.0011161011586539537,True,POLICY,0.0011161011586539537,,,0.0,1.1847123564511586,,,,True,0.0011161011586539537,False,0.0,True,0.0,8.0,1.0408694958989273,1.1847123564511586,1.1847123564511586,0.0,0.3547800846981158,,,,,1.0408694958989273,,,0.0,True,0.0
SP0-v1.1,SP0_PROTOCOL_v1_smoke,smoke_robot_scarcity,smoke_robot_scarcity,classic,EPS-AUCTION,EPS-AUCTION,distributed_global,,,POLICY,9000,,,8,12,1.5,G-UNI,6.791152466024171,7.0,7,7.999999999999991,1,1.0,True,True,1.0,1.1847123564511588,2.220446049250313e-16,2.7755575615628915e-18,2.220446049250313e-16,0.3343447954901768,0.0,False,34,1088,0.00013489997945725918,0.00013489997945725918,0.0,0.0,0.00013489997945725918,0.0,0.001220703125,0.0,0.0,0.0,0,0,0.0,,,d404ad18c2a2f505,0a348d13791cb215,72418e13f1be,2026-07-11T21:28:21.576701+00:00,8,1088.0,False,0,2.7755575615628915e-18,True,POLICY,2.7755575615628915e-18,,,0.0,1.1847123564511586,,,,True,2.7755575615628915e-18,False,0.0,True,0.0,34.0,1.0,1.1847123564511586,1.1847123564511586,0.0,0.2896442153644671,,,,,1.0,,,0.0,True,0.0
SP0-v1.1,SP0_PROTOCOL_v1_smoke,smoke_robot_scarcity,smoke_robot_scarcity,population,REP,REP,distributed_global,REP,LIN,QR1,9000,,,8,12,1.5,G-UNI,6.791152466024171,7.0,7,7.999999999999991,1,1.0,True,True,1.0,1.2740004491434749,0.0892880926923163,0.0011161011586539537,0.0892880926923163,0.4345538252342518,,True,3368,107776,0.013077500043436885,0.013077500043436885,0.0,0.0,0.013077500043436885,0.001975199906155467,0.00201416015625,0.0,0.08762844548156457,0.8724159293759091,9,0,0.0,,,d404ad18c2a2f505,0a348d13791cb215,72418e13f1be,2026-07-11T21:28:21.576701+00:00,8,107776.0,True,8,-0.44708920787400525,True,QR1,-0.44708920787400525,False,False,0.06808758181837411,6.631718901921087,True,0.03033736729150396,replicator_support_conditioned_vector_field,True,-0.06697148065972015,False,0.0,True,0.005100307792005765,3368.0,1.0408694958989273,1.1847123564511586,1.1847123564511586,0.004652401772165118,0.3547800846981158,0.75,False,0.4482053090326592,37.041137079063894,0.2979670082674369,6.0,0.001511062325720236,6.0,True,6.0
SP0-v1.1,SP0_PROTOCOL_v1_smoke,smoke_robot_scarcity,smoke_robot_scarcity,population,SMI,SMI,distributed_global,SMI,ASYM,QR1,9000,,,8,12,1.5,G-UNI,6.791152466024171,7.0,7,7.999999999999991,1,1.0,True,True,1.0,1.1863720036619103,0.0016596472107517357,2.0745590134396698e-05,0.0016596472107517357,0.2356297717017765,,True,3368,107776,0.019433100009337068,0.019433100009337068,0.0,0.0,0.019433100009337068,0.001873799948953092,0.00201416015625,0.0,0.0,0.7098815623618885,13,0,0.0,,,d404ad18c2a2f505,0a348d13791cb215,72418e13f1be,2026-07-11T21:28:21.576701+00:00,8,107776.0,True,8,-0.22551592710956386,True,QR1,-0.22551592710956386,False,False,0.02576270379525667,3.245728660071692,True,0.05059590701103356,smith_vector_field,True,-0.025741958205122276,False,0.0,True,0.012430402012983066,3368.0,1.000759663946538,1.1847123564511586,1.1847123564511586,0.004091951192574923,0.22547944990200697,0.875,False,0.22553667269969827,19.22764617242702,0.5149580151513949,6.0,0.0025576995214602882,6.0,True,6.0
SP0-v1.1,SP0_PROTOCOL_v1_smoke,smoke_robot_scarcity,smoke_robot_scarcity,population,BNN,BNN,distributed_global,BNN,MC,QR1,9000,,,8,12,1.5,G-UNI,6.791152466024171,7.0,7,7.999999999999991,1,1.0,True,True,1.0,1.2740004491434749,0.0892880926923163,0.0011161011586539537,0.0892880926923163,0.4345538252342518,,True,3368,107776,0.021294799982570112,0.021294799982570112,0.0,0.0,0.021294799982570112,0.0012124000350013375,0.00201416015625,0.0,0.08762844548156457,0.6511996338915942,0,60,0.0,,,d404ad18c2a2f505,0a348d13791cb215,72418e13f1be,2026-07-11T21:28:21.576701+00:00,8,107776.0,True,8,-0.8840749943857066,True,QR1,-0.8840749943857066,False,False,0.3138379951231725,26.291751966304957,True,0.08149175406420991,bnn_excess_payoff_vector_field,True,-0.31272189396451855,False,-0.01753023840523671,True,-0.016414881979713858,3368.0,1.0408694958989273,1.1847123564511586,1.1847123564511586,-0.01752551078712125,0.3547800846981158,0.0,True,0.8851910955443605,72.0,0.08332189344059002,6.0,0.004142047834918616,6.0,True,6.0
SP0-v1.1,SP0_PROTOCOL_v1_smoke,smoke_robot_scarcity,smoke_robot_scarcity,population,LOG,LOG,distributed_global,LOG,SIG,REPAIR,9000,,,8,12,1.5,G-UNI,6.791152466024171,7.0,7,7.999999999999991,1,1.0,True,True,1.0,1.3706763715078403,0.1859640150566817,0.002324550188208521,0.1859640150566817,0.5312297475986173,,True,3368,107776,0.02436329994816333,0.02436329994816333,0.0,0.0,0.02436329994816333,0.00013010005932301283,0.00201416015625,0.0966759223643654,0.0008892833695732794,0.8355045077308922,9,0,0.0,,,d404ad18c2a2f505,0a348d13791cb215,72418e13f1be,2026-07-11T21:28:21.576701+00:00,8,107776.0,True,8,-0.44588075884445066,True,REPAIR,-0.44588075884445066,False,False,0.024161051925407184,3.1175965104837333,True,0.006551453695850418,target_logit_fixed_point,True,-0.021836501737198664,False,0.0,True,0.008727721828282853,3368.0,1.0851205947124138,1.1847123564511586,1.1847123564511586,0.0018965055558931177,0.4176194342349533,0.75,False,0.4482053090326592,37.041137079063894,0.5757427580560422,6.0,0.00034492819217921133,6.0,True,6.0
SP0-v1.1,SP0_PROTOCOL_v1_smoke,smoke_robot_scarcity,smoke_robot_scarcity,population,PROJ,PROJ,distributed_global,PROJ,QUAD,QR1,9000,,,8,12,1.5,G-UNI,6.791152466024171,7.0,7,7.999999999999991,1,1.0,True,True,1.0,1.1863720036619103,0.0016596472107517357,2.0745590134396698e-05,0.0016596472107517357,0.2356297717017765,,True,3368,107776,0.02412940002977848,0.02412940002977848,0.0,0.0,0.02412940002977848,0.00197199999820441,0.00201416015625,0.0,0.0,0.673229472695954,16,0,0.0,,,d404ad18c2a2f505,0a348d13791cb215,72418e13f1be,2026-07-11T21:28:21.576701+00:00,8,107776.0,True,8,-0.22551592710956386,True,QR1,-0.22551592710956386,False,False,0.02233429881018198,2.971456261265717,True,0.06465808402769668,projection_gradient_mapping,True,-0.022313553220047584,False,0.0,True,0.006437220994577775,3368.0,1.000759663946538,1.1847123564511586,1.1847123564511586,0.001871723790776687,0.22547944990200697,0.875,False,0.22553667269969827,19.22764617242702,0.550521486283499,6.0,0.003329706859725834,6.0,True,6.0
SP0-v1.1,SP0_PROTOCOL_v1_smoke,smoke_robot_scarcity,smoke_robot_scarcity,population,IBR,IBR,distributed_global,IBR,LIN,QR1,9000,,,8,12,1.5,G-UNI,6.791152466024171,7.0,7,7.999999999999991,1,1.0,True,True,1.0,1.1863720036619103,0.0016596472107517357,2.0745590134396698e-05,0.0016596472107517357,0.2356297717017765,,True,3368,107776,0.01165569992735982,0.01165569992735982,0.0,0.0,0.01165569992735982,0.003516600001603365,0.00201416015625,0.0,0.0,0.6131108821739795,429,27,0.0,,,d404ad18c2a2f505,0a348d13791cb215,72418e13f1be,2026-07-11T21:28:21.576701+00:00,8,107776.0,True,8,-0.6755878470297392,True,QR1,-0.6755878470297392,False,False,0.004816719774289014,1.5700499383942796,True,0.9985745950518617,inertial_best_response_fixed_point,True,-0.004795974184154617,False,-1.3475995576503452,True,0.13046103273927367,3368.0,1.000759663946538,1.1847123564511586,1.1847123564511586,-1.1175274206924253,0.22547944990200697,0.625,False,0.6756085926198736,55.233399766041046,0.850711875671924,6.0,0.2989466676076043,6.0,True,6.0
SP0-v1.1,SP0_PROTOCOL_v1_smoke,smoke_robot_scarcity,smoke_robot_scarcity,population,GPC,GPC,distributed_global,GPC,LIN,QR1,9000,,,8,12,1.5,G-UNI,6.791152466024171,7.0,7,7.999999999999991,1,1.0,True,True,1.0,1.1863720036619103,0.0016596472107517357,2.0745590134396698e-05,0.0016596472107517357,0.2356297717017765,,True,3368,107776,0.01424280006904155,0.01424280006904155,0.0,0.0,0.01424280006904155,0.0019474999280646443,0.00201416015625,0.0,0.0,0.7098815623618884,13,0,0.0,,,d404ad18c2a2f505,0a348d13791cb215,72418e13f1be,2026-07-11T21:28:21.576701+00:00,8,107776.0,True,8,-0.22551592710956386,True,QR1,-0.22551592710956386,False,False,0.02576270379525667,3.245728660071692,True,0.05059590701103357,generalized_pairwise_vector_field,True,-0.025741958205122276,False,0.0,True,0.008843011627944097,3368.0,1.000759663946538,1.1847123564511586,1.1847123564511586,0.0028088293711056255,0.22547944990200697,0.875,False,0.22553667269969827,19.22764617242702,0.5149580151513949,6.0,0.0025576995214602327,6.0,True,6.0
SP0-v1.1,SP0_PROTOCOL_v1_smoke,smoke_robot_scarcity,smoke_robot_scarcity,population,HYB,HYB,distributed_global,HYB,ASYM,QR2,9000,,,8,12,1.5,G-UNI,6.791152466024171,7.0,7,7.999999999999991,1,1.0,True,True,1.0,1.1863720036619103,0.0016596472107517357,2.0745590134396698e-05,0.0016596472107517357,0.2356297717017765,,True,3376,108032,0.018945800024084747,0.018945800024084747,0.0,0.0,0.018945800024084747,0.0043781999265775084,0.00201416015625,0.0,0.0,0.7368003565193052,10,0,0.0,,,d404ad18c2a2f505,0a348d13791cb215,72418e13f1be,2026-07-11T21:28:21.576701+00:00,8,108032.0,True,16,-0.22354510965271895,True,QR2,-0.22354510965271895,False,False,0.03087773889663496,3.6549314681819554,True,0.06367167387784453,hybrid_smith_phase_vector_field,True,-0.030856993306500564,False,0.0,True,0.016435247346398008,3376.0,1.000759663946538,1.1847123564511586,1.1847123564511586,0.007663251856470801,0.22547944990200697,0.875,False,0.22356585524285336,19.069980775879426,0.4696894075898881,6.0,0.003230600926090177,6.0,True,6.0
SP0-v1.1,SP0_PROTOCOL_v1_smoke,smoke_robot_scarcity,smoke_robot_scarcity,data_driven_debug,IPPO-GNN,IPPO-GNN,distributed_local,,,DEBUG_UNTRAINED_POLICY_REPAIR,9000,,15001,8,12,1.5,G-UNI,6.791152466024171,7.0,7,7.999999999999991,1,1.0,True,True,1.0,1.9179400214365308,0.7332276649853722,0.009165345812317153,0.7332276649853722,0.5900662423796976,2.0,False,112,3584,0.003960500005632639,0.003960500005632639,0.0,0.0,0.003960500005632639,0.00022579997312277555,0.001220703125,0.4000368531166669,0.5199935888067282,0.0,5,0,,0,False,d404ad18c2a2f505,0a348d13791cb215,72418e13f1be,2026-07-11T21:28:21.576701+00:00,8,3584.0,True,0,-1.0266780209706179,True,DEBUG_UNTRAINED_POLICY_REPAIR,-1.0266780209706179,,,0.0,1.1847123564511586,,,,True,0.009165345812317153,False,0.0,True,0.0,112.0,1.3356174842973036,1.1847123564511586,1.1847123564511586,0.0,0.5708425122932083,0.25,False,1.035843366782935,84.05218169908595,1.3356174842973036,0.2,,0.2,True,0.2
SP0-v1.1,SP0_PROTOCOL_v1_smoke,smoke_robot_scarcity,smoke_robot_scarcity,data_driven_debug,MAPPO-GNN,MAPPO-GNN,distributed_local,,,DEBUG_UNTRAINED_POLICY_REPAIR,9000,,15002,8,12,1.5,G-UNI,6.791152466024171,7.0,7,7.999999999999991,1,1.0,True,True,1.0,1.2740004491434749,0.0892880926923163,0.0011161011586539537,0.0892880926923163,0.4345538252342518,2.0,False,112,3584,0.003985099960118532,0.003985099960118532,0.0,0.0,0.003985099960118532,0.0003074000123888254,0.001220703125,0.0,0.08762844548156457,0.0,0,0,,0,False,d404ad18c2a2f505,0a348d13791cb215,72418e13f1be,2026-07-11T21:28:21.576701+00:00,8,3584.0,True,0,-0.8840749943857066,True,DEBUG_UNTRAINED_POLICY_REPAIR,-0.8840749943857066,,,0.0,1.1847123564511586,,,,True,0.0011161011586539537,False,0.0,True,0.0,112.0,1.0408694958989273,1.1847123564511586,1.1847123564511586,0.0,0.3547800846981158,0.0,True,0.8851910955443605,72.0,1.0408694958989273,0.2,,0.2,True,0.2
SP0-v1.1,SP0_PROTOCOL_v1_smoke,smoke_robot_surplus,smoke_robot_surplus,classic,HUN,HUN,centralized,,,EXACT,9000,,,8,6,0.75,G-UNI,6.791152466024171,7.0,7,7.999999999999991,1,1.0,True,True,1.0,0.7825181016816407,0.0,0.0,0.0,0.20662885227386357,0.0,False,48,1536,8.400063961744308e-06,8.400063961744308e-06,8.400063961744308e-06,3.00002284348011e-07,8.400063961744308e-06,0.0,0.0008544921875,0.0,0.0,0.0,0,0,0.0,,,d404ad18c2a2f505,01e45d7b631fa0e2,72418e13f1be,2026-07-11T21:28:21.576701+00:00,6,1536.0,False,0,0.0,True,EXACT,0.0,,,0.0,0.7825181016816407,,,,True,0.0,False,0.0,True,0.0,48.0,1.0,0.7825181016816407,0.7825181016816407,0.0,0.19123651059280372,,,,,1.0,,,0.0,True,0.0
SP0-v1.1,SP0_PROTOCOL_v1_smoke,smoke_robot_surplus,smoke_robot_surplus,classic,GRD,GRD,distributed_global,,,POLICY,9000,,,8,6,0.75,G-UNI,6.791152466024171,7.0,7,7.999999999999991,1,1.0,True,True,1.0,1.3094952268349815,0.5269771251533408,0.010978690107361267,0.5269771251533408,0.5928495987954462,0.0,False,8,256,9.920005686581135e-05,9.920005686581135e-05,0.0,0.0,9.920005686581135e-05,0.0,0.0008544921875,0.0,0.38170761732026715,0.0,0,0,0.0,,,d404ad18c2a2f505,01e45d7b631fa0e2,72418e13f1be,2026-07-11T21:28:21.576701+00:00,6,256.0,False,0,0.010978690107361267,True,POLICY,0.010978690107361267,,,0.0,0.7825181016816407,,,,True,0.010978690107361267,False,0.0,True,0.0,8.0,1.2956363386471008,0.7825181016816407,0.7825181016816407,0.0,0.5218975865007989,,,,,1.2956363386471008,,,0.0,True,0.0
SP0-v1.1,SP0_PROTOCOL_v1_smoke,smoke_robot_surplus,smoke_robot_surplus,classic,EPS-AUCTION,EPS-AUCTION,distributed_global,,,POLICY,9000,,,8,6,0.75,G-UNI,6.791152466024171,7.0,7,7.999999999999991,1,1.0,True,True,1.0,0.7825181016816407,0.0,0.0,0.0,0.20662885227386357,0.0,False,30,960,0.00015279999934136868,0.00015279999934136868,0.0,0.0,0.00015279999934136868,0.0,0.0008544921875,0.0,0.0,0.0,0,0,0.0,,,d404ad18c2a2f505,01e45d7b631fa0e2,72418e13f1be,2026-07-11T21:28:21.576701+00:00,6,960.0,False,0,0.0,True,POLICY,0.0,,,0.0,0.7825181016816407,,,,True,0.0,False,0.0,True,0.0,30.0,1.0,0.7825181016816407,0.7825181016816407,0.0,0.19123651059280372,,,,,1.0,,,0.0,True,0.0
SP0-v1.1,SP0_PROTOCOL_v1_smoke,smoke_robot_surplus,smoke_robot_surplus,population,REP,REP,distributed_global,REP,LIN,QR1,9000,,,8,6,0.75,G-UNI,6.791152466024171,7.0,7,7.999999999999991,1,1.0,True,True,1.0,0.8020432160526196,0.019525114370978924,0.0004067732160620609,0.019525114370978924,0.21269998025998343,,True,3368,107776,0.013338600052520633,0.013338600052520633,0.0,0.0,0.013338600052520633,0.0003299999516457319,0.00128173828125,0.0,0.019525114370978924,0.6979219724262714,0,0,0.0,,,d404ad18c2a2f505,01e45d7b631fa0e2,72418e13f1be,2026-07-11T21:28:21.576701+00:00,6,107776.0,True,8,-0.8582907663322371,True,QR1,-0.8582907663322371,False,False,0.07369952014293941,4.320095068542733,True,0.07707618338897715,replicator_support_conditioned_vector_field,True,-0.07329274692687736,False,0.0,True,0.011593619232442842,3368.0,1.010953669616347,0.7825181016816407,0.7825181016816407,0.00743837467907452,0.21118219826345347,0.0,True,0.8586975395482992,42.0,0.3387238748247089,6.0,0.003871532399362554,6.0,True,6.0
SP0-v1.1,SP0_PROTOCOL_v1_smoke,smoke_robot_surplus,smoke_robot_surplus,population,SMI,SMI,distributed_global,SMI,ASYM,QR1,9000,,,8,6,0.75,G-UNI,6.791152466024171,7.0,7,7.999999999999991,1,1.0,True,True,1.0,0.7825181016816407,0.0,0.0,0.0,0.20662885227386357,,True,3368,107776,0.0161583999870345,0.0161583999870345,0.0,0.0,0.0161583999870345,0.00025919999461621046,0.00128173828125,0.0,0.0,0.6017564914744398,3,29,0.0,,,d404ad18c2a2f505,01e45d7b631fa0e2,72418e13f1be,2026-07-11T21:28:21.576701+00:00,6,107776.0,True,8,-0.7185350120468059,True,QR1,-0.7185350120468059,False,False,0.1562922698234266,8.284547053206117,True,0.07593760541357479,smith_vector_field,True,-0.1562922698234266,False,-0.025331214810329072,True,0.00021972227020228274,3368.0,1.0,0.7825181016816407,0.7825181016816407,-0.0242341793669277,0.19123651059280372,0.3333333333333333,False,0.7185350120468059,35.27219867992832,0.191987621094139,6.0,0.0038439730671046,6.0,True,6.0
SP0-v1.1,SP0_PROTOCOL_v1_smoke,smoke_robot_surplus,smoke_robot_surplus,population,BNN,BNN,distributed_global,BNN,MC,QR1,9000,,,8,6,0.75,G-UNI,6.791152466024171,7.0,7,7.999999999999991,1,1.0,True,True,1.0,0.8020432160526196,0.019525114370978924,0.0004067732160620609,0.019525114370978924,0.21269998025998343,,True,3368,107776,0.01901070005260408,0.01901070005260408,0.0,0.0,0.01901070005260408,0.00027089996729046106,0.00128173828125,0.0,0.019525114370978924,0.5774781266355057,0,48,0.0,,,d404ad18c2a2f505,01e45d7b631fa0e2,72418e13f1be,2026-07-11T21:28:21.576701+00:00,6,107776.0,True,8,-0.8582907663322371,True,QR1,-0.8582907663322371,False,False,0.2085297048606309,10.791943934991924,True,0.07233937858853713,bnn_excess_payoff_vector_field,True,-0.20812293164456885,False,-0.025030447739329276,True,-0.015008206279985004,3368.0,1.010953669616347,0.7825181016816407,0.7825181016816407,-0.024137521877758496,0.21118219826345347,0.0,True,0.8586975395482992,42.0,0.15281985955726593,6.0,0.0036622362829535904,6.0,True,6.0
SP0-v1.1,SP0_PROTOCOL_v1_smoke,smoke_robot_surplus,smoke_robot_surplus,population,LOG,LOG,distributed_global,LOG,SIG,REPAIR,9000,,,8,6,0.75,G-UNI,6.791152466024171,7.0,7,7.999999999999991,1,1.0,True,True,1.0,0.7874517607377018,0.004933659056061135,0.00010278456366794031,0.004933659056061135,0.20662885227386357,,True,3368,107776,0.02424090006388724,0.02424090006388724,0.0,0.0,0.02424090006388724,0.00010249996557831764,0.00128173828125,0.0,0.004933659056061135,0.7169761272332404,1,4,0.0,,,d404ad18c2a2f505,01e45d7b631fa0e2,72418e13f1be,2026-07-11T21:28:21.576701+00:00,6,107776.0,True,8,-0.7148193130745417,True,REPAIR,-0.7148193130745417,False,False,0.048720641984168735,3.1211089169217403,True,0.010312086025099587,target_logit_fixed_point,True,-0.048617857420500794,False,-0.008923995651215044,True,0.003704183566688446,3368.0,1.0027678030598437,0.7825181016816407,0.7825181016816407,-0.00803052015807216,0.19123651059280372,0.16666666666666666,True,0.7149220976382097,35.098778788315705,0.43373077411233235,6.0,0.000542739517496782,6.0,True,6.0
SP0-v1.1,SP0_PROTOCOL_v1_smoke,smoke_robot_surplus,smoke_robot_surplus,population,PROJ,PROJ,distributed_global,PROJ,QUAD,QR1,9000,,,8,6,0.75,G-UNI,6.791152466024171,7.0,7,7.999999999999991,1,1.0,True,True,1.0,0.8020432160526196,0.019525114370978924,0.0004067732160620609,0.019525114370978924,0.21269998025998343,,True,3368,107776,0.02473260008264333,0.02473260008264333,0.0,0.0,0.02473260008264333,0.00027730001602321863,0.00128173828125,0.0,0.019525114370978924,0.5660181785156768,3,0,0.0,,,d404ad18c2a2f505,01e45d7b631fa0e2,72418e13f1be,2026-07-11T21:28:21.576701+00:00,6,107776.0,True,8,-0.7181282388307438,True,QR1,-0.7181282388307438,False,False,0.17052657995456885,8.967793939500945,True,0.11958149295406839,projection_gradient_mapping,True,-0.1701198067385068,False,0.0,True,0.006451916291188964,3368.0,1.010953669616347,0.7825181016816407,0.7825181016816407,0.002996633896702886,0.21118219826345347,0.3333333333333333,False,0.7185350120468059,35.27219867992832,0.18078656390672157,6.0,0.005976165926535604,6.0,True,6.0
SP0-v1.1,SP0_PROTOCOL_v1_smoke,smoke_robot_surplus,smoke_robot_surplus,population,IBR,IBR,distributed_global,IBR,LIN,QR1,9000,,,8,6,0.75,G-UNI,6.791152466024171,7.0,7,7.999999999999991,1,1.0,True,True,1.0,1.0678775029253966,0.2853594012437559,0.005944987525911581,0.2853594012437559,0.3343447954901768,,True,3368,107776,0.01184689998626709,0.01184689998626709,0.0,0.0,0.01184689998626709,0.00027860002592206,0.00128173828125,0.0,0.1643956150366468,0.5696093079090709,380,27,0.0,,,d404ad18c2a2f505,01e45d7b631fa0e2,72418e13f1be,2026-07-11T21:28:21.576701+00:00,6,107776.0,True,8,-1.3137450033245404,True,QR1,-1.3137450033245404,False,False,0.09024917434763126,5.114478470367941,True,0.9642890689391199,inertial_best_response_fixed_point,True,-0.08430418682171968,False,-1.6092572986344518,True,0.025044634431696355,3368.0,1.1600877999356898,0.7825181016816407,0.7825181016816407,-1.5041574299694134,0.3024158096860985,0.3333333333333333,False,1.319689990850452,64.12763766250333,0.33819360276543114,6.0,0.27831898692729057,6.0,True,6.0
SP0-v1.1,SP0_PROTOCOL_v1_smoke,smoke_robot_surplus,smoke_robot_surplus,population,GPC,GPC,distributed_global,GPC,LIN,QR1,9000,,,8,6,0.75,G-UNI,6.791152466024171,7.0,7,7.999999999999991,1,1.0,True,True,1.0,0.7825181016816407,0.0,0.0,0.0,0.20662885227386357,,True,3368,107776,0.012261900003068149,0.012261900003068149,0.0,0.0,0.012261900003068149,0.00026050000451505184,0.00128173828125,0.0,0.0,0.6017564914744399,3,0,0.0,,,d404ad18c2a2f505,01e45d7b631fa0e2,72418e13f1be,2026-07-11T21:28:21.576701+00:00,6,107776.0,True,8,-0.7185350120468059,True,QR1,-0.7185350120468059,False,False,0.15629226982342645,8.28454705320611,True,0.07593760541357492,generalized_pairwise_vector_field,True,-0.15629226982342645,False,0.0,True,0.009031858720886188,3368.0,1.0,0.7825181016816407,0.7825181016816407,0.0035650398505766745,0.19123651059280372,0.3333333333333333,False,0.7185350120468059,35.27219867992832,0.19198762109413914,6.0,0.0038439730671046,6.0,True,6.0
SP0-v1.1,SP0_PROTOCOL_v1_smoke,smoke_robot_surplus,smoke_robot_surplus,population,HYB,HYB,distributed_global,HYB,ASYM,QR2,9000,,,8,6,0.75,G-UNI,6.791152466024171,7.0,7,7.999999999999991,1,1.0,True,True,1.0,0.7825181016816407,0.0,0.0,0.0,0.20662885227386357,,True,3376,108032,0.018344199983403087,0.018344199983403087,0.0,0.0,0.018344199983403087,0.0017601000145077705,0.00128173828125,0.0,0.0,0.6120167959834115,2,36,0.0,,,d404ad18c2a2f505,01e45d7b631fa0e2,72418e13f1be,2026-07-11T21:28:21.576701+00:00,6,108032.0,True,16,-0.5703886532662564,True,QR2,-0.5703886532662564,False,False,0.1555263889080711,8.247784769269053,True,0.08156479895441428,hybrid_smith_phase_vector_field,True,-0.1555263889080711,False,-0.01869227836555698,True,-0.001565074994052118,3376.0,1.0,0.7825181016816407,0.7825181016816407,-0.017943775385612176,0.19123651059280372,0.3333333333333333,True,0.5703886532662564,28.161173458461953,0.19275082045648986,6.0,0.00413702716192732,6.0,True,6.0
SP0-v1.1,SP0_PROTOCOL_v1_smoke,smoke_robot_surplus,smoke_robot_surplus,data_driven_debug,IPPO-GNN,IPPO-GNN,distributed_local,,,DEBUG_UNTRAINED_POLICY_REPAIR,9000,,15001,8,6,0.75,G-UNI,6.791152466024171,7.0,7,7.999999999999991,1,1.0,True,True,1.0,1.6954973341686057,0.912979232486965,0.01902040067681177,0.912979232486965,0.6210419494765197,2.0,False,112,3584,0.0036962999729439616,0.0036962999729439616,0.0,0.0,0.0036962999729439616,0.00013760000001639128,0.0008544921875,0.0,0.8934541181159861,0.0,3,0,,0,False,d404ad18c2a2f505,01e45d7b631fa0e2,72418e13f1be,2026-07-11T21:28:21.576701+00:00,6,3584.0,True,0,-0.7316672772468843,True,DEBUG_UNTRAINED_POLICY_REPAIR,-0.7316672772468843,,,0.0,0.7825181016816407,,,,True,0.01902040067681177,False,0.0,True,0.0,112.0,1.5121851114026015,0.7825181016816407,0.7825181016816407,0.0,0.6132980227023141,0.3333333333333333,False,0.7506876779236961,36.81552664201905,1.5121851114026015,0.2,,0.2,True,0.2
SP0-v1.1,SP0_PROTOCOL_v1_smoke,smoke_robot_surplus,smoke_robot_surplus,data_driven_debug,MAPPO-GNN,MAPPO-GNN,distributed_local,,,DEBUG_UNTRAINED_POLICY_REPAIR,9000,,15002,8,6,0.75,G-UNI,6.791152466024171,7.0,7,7.999999999999991,1,1.0,True,True,1.0,0.8020432160526196,0.019525114370978924,0.0004067732160620609,0.019525114370978924,0.21269998025998343,2.0,False,112,3584,0.004053200013004243,0.004053200013004243,0.0,0.0,0.004053200013004243,0.0001680999994277954,0.0008544921875,0.0,0.019525114370978924,0.0,0,0,,0,False,d404ad18c2a2f505,01e45d7b631fa0e2,72418e13f1be,2026-07-11T21:28:21.576701+00:00,6,3584.0,True,0,-0.8582907663322371,True,DEBUG_UNTRAINED_POLICY_REPAIR,-0.8582907663322371,,,0.0,0.7825181016816407,,,,True,0.0004067732160620609,False,0.0,True,0.0,112.0,1.010953669616347,0.7825181016816407,0.7825181016816407,0.0,0.21118219826345347,0.0,True,0.8586975395482992,42.0,1.010953669616347,0.2,,0.2,True,0.2
