scenario_generator,method,method_label,method_family,method_scope,method_ownership,method_variant,method_comparison_group,method_training_type,method_execution_model,method_communication_pattern,method_trainable_parameters,method_tuned_parameters,method_uses_neural_policy,method_uses_decoder,n,feasible_load_count_mean,completed_load_count_mean,task_completion_rate_mean,recovery_success_mean,recovery_time_s_mean,load_target_reached_rate_mean,mean_final_pose_error_m_mean,max_final_pose_error_m_mean,mean_final_orientation_error_deg_mean,max_final_orientation_error_deg_mean,lost_load_rate_mean,infeasible_load_count_mean,infeasible_load_detection_rate_mean,post_event_wrench_feasible_rate_mean,mean_wrench_residual_norm_mean,min_wrench_margin_mean,unsupported_time_s_mean,load_pause_time_s_mean,degraded_speed_time_s_mean,replacement_arrival_time_s_mean,final_assigned_loads_mean,final_idle_robots_mean,reassignment_count_mean,final_active_robot_rate_mean,failed_robot_count_mean,battery_margin_final_mean,min_battery_fraction_mean,communication_coverage_ratio_mean,communication_messages_mean,collision_count_mean,collision_rate_mean,safety_violation_count_mean,min_robot_clearance_m_mean,min_obstacle_clearance_m_mean,min_load_clearance_m_mean,travel_distance_m_mean,mean_path_length_m_mean,path_efficiency_ratio_mean,energy_proxy_wh_mean,mean_speed_mps_mean,max_speed_mps_mean,max_speed_violation_mps_mean,runtime_ms_mean,score_value_mean,reference_score_value_mean,signed_score_delta_vs_reference_mean,performance_gap_vs_reference_mean,optimality_gap_vs_reference_mean
battery_depletion_reallocation,cbba_recovery,CBBA recovery,sota,decentralized,baseline,cbba_recovery_auction,baseline_sota_decentralized,none,distributed_auction_recovery,local_bids_plus_neighbors,0,4,False,False,50,1.0,0.0,0.0,0.0,54.0,0.0,10.419828274539977,10.419828274539977,29.8630838428826,29.8630838428826,1.0,2.0,0.67,0.9308235294117647,4.599885438700589,-0.1982246844953265,0.0,33.52160000000001,1.6576000000000004,1.4135999999999982,1.66,2.0,77.58,0.995,0.04,0.013567140634870377,0.16356714063487035,1.0,21616.0,499.2,0.03307493540051679,633.96,-0.5741010324943653,-0.001958499144718171,0.08045502776288278,218.50118387398214,27.312647984247768,0.18761900977178086,1731.5624417339814,0.5044680557401592,0.7303413235676685,0.0,299.6439640154131,-202.6413899188408,-130.06627064082355,-72.57511927801723,0.24223487215975367,0.24223487215975367
battery_depletion_reallocation,cbf_recovery,CBF recovery,sota,centralized,baseline,centralized_cbf_recovery,baseline_sota_centralized,none,centralized_cbf_recovery,global_state_and_obstacles,0,5,False,False,50,1.0,0.0,0.0,0.0,54.0,0.0,10.017907808320007,10.017907808320007,24.379363515668693,24.379363515668693,1.0,2.0,1.0,0.9565490196078431,4.751933041537689,-0.19326866189483205,0.0,32.8216,1.9544000000000004,1.2147999999999985,1.0,3.62,85.34,1.0,0.0,0.029891030203460713,0.17989103020346073,1.0,21616.0,390.12,0.025847743987278876,510.06,-0.5608613472541518,0.0010686993549229994,0.0812712982453196,190.20690911860072,23.77586363982509,0.23180293595107615,1503.504167707954,0.43902681335836113,0.7303413235676685,0.0,283.82438799599186,-173.6342300864836,-130.06627064082355,-43.567959445660044,0.12734562761746604,0.12734562761746604
battery_depletion_reallocation,classic_centralized_replan,Classic centralized replanning,classic,centralized,baseline,periodic_global_replan,baseline_classic_centralized,none,centralized_periodic_replan,global_state,0,2,False,False,50,0.98,0.0,0.0,0.0,52.92,0.02,10.815931863802705,10.815931863802705,38.045018304645424,38.045018304645424,0.98,2.02,0.6933333333333332,0.8999215686274511,5.033752712201837,-0.19711138232000838,0.0,34.31960000000001,0.5712,1.763999999999998,1.6,1.4,67.58,0.8625,1.1,0.0011458768845949486,0.15114587688459497,1.0,21616.0,538.1,0.035652289140661236,715.68,-0.5778276999057905,0.0013176284950969098,0.08019346311233569,224.1824153886789,28.02280192358486,0.18197629638708293,1779.0952539427467,0.5182261601825985,0.7469399900123882,0.0,308.8334960024804,-201.9851349939746,-130.06627064082355,-71.91886435315105,0.2480077965632347,0.2480077965632347
battery_depletion_reallocation,classic_decentralized_greedy_recovery,Classic decentralized greedy recovery,classic,decentralized,baseline,local_greedy_recovery,baseline_classic_decentralized,none,local_greedy_recovery,local_load_robot_state,0,2,False,False,50,0.96,0.02,0.02,0.0,51.6308,0.06,10.008569287944313,10.008569287944313,30.108136445929567,30.108136445929567,0.94,2.04,0.6566666666666667,0.8938823529411764,4.5617060426453735,-0.16547824500215544,0.098,31.973200000000002,1.7108,1.5851999999999982,1.64,1.2,59.0,0.8825,0.94,0.002358282910446067,0.1523582829104461,1.0,21616.0,476.7,0.031584178095806,611.8,-0.5774389143844592,-0.004602526729283201,0.08126480310990453,213.4276587857672,26.6784573482209,0.1895258192472407,1691.349143346845,0.49381045847424654,0.7137426571229487,0.0,308.08947599260136,-185.53969294189966,-130.06627064082355,-55.47342230107613,0.20610309201430765,0.20610309201430765
battery_depletion_reallocation,ours_guarded_wrench_market_recovery,Ours guarded wrench-market recovery,model_based,decentralized,proposed,guarded_wrench_market_recovery,proposed_model_based_decentralized,model_based_tuning_optional,guarded_wrench_market_recovery,local_wrench_prices_and_repair,0,8,False,False,50,1.0,0.14,0.14,0.14,52.9808,0.14,5.91135106957049,5.91135106957049,8.850594923487902,8.850594923487902,0.86,2.0,0.91,0.9872941176470589,3.1464684018247713,-0.1385518585498509,0.0,24.36,4.340000000000001,0.548399999999998,1.04,3.9,105.86,1.0,0.0,0.03610319383072563,0.18610319383072568,1.0,21616.0,304.38,0.02016696481812761,404.36,-0.5561971146911313,0.0012153946516650937,0.08450331206866162,184.37007639209773,23.046259549012216,0.22002730003777052,1453.699746592649,0.425618055473831,0.763538656457108,0.0,292.9152180068195,-116.12982146012365,-130.06627064082355,13.936449180699901,0.04493944187072938,0.04493944187072938
battery_depletion_reallocation,primal_dual_recovery,Primal-dual recovery,model_based,decentralized,proposed,primal_dual_recovery,proposed_model_based_decentralized,model_based_tuning_optional,distributed_primal_dual_recovery,local_dual_prices,0,6,False,False,50,1.0,0.14,0.14,0.14,53.4344,0.14,7.301270850027688,7.301270850027688,13.253892719571857,13.253892719571857,0.86,2.0,0.96,0.9711372549019608,3.7373733710631765,-0.2646096239081926,0.06720000000000001,27.266399999999997,3.4804000000000004,1.0943999999999992,1.0,4.1,93.5,1.0,0.0,0.03795912387619727,0.1879591238761973,1.0,21616.0,374.34,0.024802226197575036,493.24,-0.5691250942372281,0.0028718731638871977,0.08158842194532656,184.069161510509,23.008645188813624,0.23036493909778552,1451.4822792966038,0.4251990548649186,0.7469399900123883,0.0,296.4218599931337,-116.3209086853649,-130.06627064082355,13.745361955458666,0.07208242870434706,0.07208242870434706
battery_depletion_reallocation,reference_resilient_oracle,Reference centralized resilient recovery,model_based_reference,centralized,reference,centralized_resilient_recovery,reference_model_based_reference_centralized,none,centralized_resilient_recovery,global_state_and_event_observation,0,10,False,False,50,1.0,0.08,0.08,0.08,53.4824,0.08,6.573825525297092,6.573825525297092,8.035739202759757,8.035739202759757,0.92,2.0,0.96,0.9736470588235295,3.2747806121300447,-0.14855871166249857,0.0,25.748800000000006,4.233600000000001,0.8255999999999978,1.02,4.08,80.68,0.9975,0.02,0.032175462573253856,0.18217546257325384,1.0,21616.0,297.26,0.019695222951036904,389.98,-0.55572794579375,-0.0007622977329555858,0.08214292232444065,183.42420166590017,22.92802520823752,0.226157440789293,1448.234781838678,0.4236183080036379,0.763538656457108,0.0,292.4236940010451,-130.06627064082355,-130.06627064082355,0.0,0.0,0.0
battery_depletion_reallocation,replicator_repair_recovery,Replicator repair recovery,model_based,decentralized,proposed,replicator_integer_repair,proposed_model_based_decentralized,model_based_tuning_optional,distributed_replicator_repair,local_payoff_and_repair,0,5,False,False,50,1.02,0.04,0.04,0.04,53.727199999999996,0.04,9.140004112950884,9.187897911720775,22.551177262386467,22.78752871515097,0.96,1.98,0.98,0.9573333333333334,4.509015865050705,-0.2054199010810174,0.11200000000000002,31.511200000000002,2.3828000000000005,1.1671999999999985,1.0,3.9,81.5,1.0,0.0,0.030247348713238375,0.18024734871323836,1.0,21616.0,405.82,0.02688796130656596,526.42,-0.5675707820063994,-0.0026349558490257664,0.08419235425406396,186.58390547794005,23.322988184742506,0.23365864042294018,1472.38972326671,0.4308555369067416,0.7469399900123882,0.0,285.47396200010553,-156.66418767680088,-130.06627064082355,-26.59791703597734,0.10952007593640455,0.10952007593640455
battery_depletion_reallocation,smith_qr_recovery,Smith-QR recovery,model_based,decentralized,proposed,smith_qr_recovery,proposed_model_based_decentralized,model_based_tuning_optional,distributed_smith_qr_recovery,local_deficit_prices,0,5,False,False,50,1.0,0.06,0.06,0.06,53.756,0.06,8.327426061699946,8.327426061699946,13.923442419539493,13.923442419539493,0.94,2.0,0.97,0.9705098039215686,4.0189422431807555,-0.1942990709550685,0.084,29.198400000000003,3.36,0.959999999999998,1.04,4.08,82.22,1.0,0.0,0.03656236706763777,0.1865623670676378,1.0,21616.0,383.24,0.025391903531438414,499.84,-0.564333710711227,0.0003231481234666611,0.08221934159028407,183.56980450637175,22.94622556329647,0.23064044147918605,1447.780576501479,0.42378313330284684,0.7469399900123883,0.0,285.9670240059495,-145.9225295957975,-130.06627064082355,-15.856258954973951,0.08120404835665473,0.08120404835665473
battery_depletion_reallocation,tensor_flow_recovery,Tensor-flow recovery,model_based,decentralized,proposed,tensor_flow_recovery,proposed_model_based_decentralized,model_based_tuning_optional,distributed_tensor_flow_recovery,local_tensor_field,0,7,False,False,50,1.0,0.08,0.08,0.08,53.776399999999995,0.08,7.840875925912021,7.840875925912021,15.62681826545615,15.62681826545615,0.92,2.0,0.95,0.984313725490196,3.87199007769102,-0.14335039509898362,0.0308,28.4816,3.3852,0.6127999999999983,1.02,3.88,97.56,0.995,0.04,0.030996502171659314,0.18099650217165933,1.0,21616.0,336.98,0.022326906512953024,441.7,-0.5666123734609577,0.003813120255772111,0.08245920984192308,183.5189332074776,22.9398666509347,0.22953828730349443,1448.0324576318592,0.4235851853603166,0.7469399900123882,0.0,288.36797998752445,-139.47602768730286,-130.06627064082355,-9.409757046479287,0.08221166320170643,0.08221166320170643
blocked_corridor_recovery,cbba_recovery,CBBA recovery,sota,decentralized,baseline,cbba_recovery_auction,baseline_sota_decentralized,none,distributed_auction_recovery,local_bids_plus_neighbors,0,4,False,False,50,1.26,0.0,0.0,0.0,60.0,0.0,10.370560308692786,11.328837240467617,38.150928509424695,43.83822834766075,1.0,1.74,0.62,0.9599647887323944,4.687188229183526,-0.06229466670912281,0.0,45.1584,3.934,0.03999999999999915,2.0,0.24,108.2,1.0,0.0,0.10612154037438938,0.2561215403743894,1.0,30888.0,788.5,0.02699602848534648,1028.74,-0.5776793528980666,-0.5103155651684008,-0.4480222914190357,293.1249400519693,32.56943778355213,0.13955392601274658,2315.4279503160415,0.5445063048536573,0.7294874776659632,0.0,492.2749839955941,-246.04960655544198,-198.8262803127838,-47.223326242658146,0.19200157405184798,0.19200157405184798
blocked_corridor_recovery,cbf_recovery,CBF recovery,sota,centralized,baseline,centralized_cbf_recovery,baseline_sota_centralized,none,centralized_cbf_recovery,global_state_and_obstacles,0,5,False,False,50,1.3,0.0,0.0,0.0,60.0,0.0,10.228205497459745,11.320121053698761,36.450133076630316,43.042494632439464,1.0,1.7,0.87,0.9717957746478874,4.8334601828438855,-0.06858433288046695,0.039200000000000006,47.571999999999996,3.623200000000001,0.03999999999999915,1.54,2.0,126.2,1.0,0.0,0.11225050022907039,0.2622505002290704,1.0,30888.0,641.8,0.021973431936455762,832.66,-0.5748063528482726,-0.5103155651684008,-0.4480222914190357,282.8119407270532,31.42354896967258,0.15665175125754574,2234.9356808863704,0.5250496201141688,0.7294874776659632,0.0,474.1197579889558,-230.00457816334972,-198.8262803127838,-31.178297850565855,0.12601509788325083,0.12601509788325083
blocked_corridor_recovery,classic_centralized_replan,Classic centralized replanning,classic,centralized,baseline,periodic_global_replan,baseline_classic_centralized,none,centralized_periodic_replan,global_state,0,2,False,False,50,1.22,0.0,0.0,0.0,58.8,0.02,10.134191002347603,11.095706854661305,37.002961824168636,42.06536967673697,0.98,1.78,0.6133333333333333,0.9283802816901408,4.749671577993612,-0.07773467143846952,0.0,45.22560000000001,2.4584,0.039199999999999166,1.98,0.12,90.52,1.0,0.0,0.08967756407001394,0.23967756407001395,1.0,30888.0,908.68,0.031110654615173924,1225.26,-0.5839191019273471,-0.5103155651684008,-0.4480222914190357,297.36740341085454,33.04082260120606,0.14007506374653012,2351.094544854557,0.5543651463189891,0.7460667385220081,0.0,490.8546540001407,-247.08780152748304,-198.8262803127838,-48.26152121469923,0.2061857768546423,0.2061857768546423
blocked_corridor_recovery,classic_decentralized_greedy_recovery,Classic decentralized greedy recovery,classic,decentralized,baseline,local_greedy_recovery,baseline_classic_decentralized,none,local_greedy_recovery,local_load_robot_state,0,2,False,False,50,1.46,0.0,0.0,0.0,60.0,0.0,9.529277736590027,11.322736863581142,33.27398123099937,43.31209488462423,1.0,1.54,0.71,0.9198239436619717,4.433459051652644,-0.08643649574164196,0.0,50.29080000000001,5.4824,0.03999999999999915,2.02,0.4,72.02,1.0,0.0,0.11494267403750065,0.2649426740375007,1.0,30888.0,625.76,0.02142426732402082,854.56,-0.5774051883875102,-0.5103155651684008,-0.4480222914190357,283.2317000552088,31.4701888950232,0.1450377082400441,2236.4079408870907,0.5269389051849662,0.7129082168099187,0.0,487.17186799505726,-220.56089342575643,-198.8262803127838,-21.734613112972593,0.09904530071564695,0.09904530071564695
blocked_corridor_recovery,ours_guarded_wrench_market_recovery,Ours guarded wrench-market recovery,model_based,decentralized,proposed,guarded_wrench_market_recovery,proposed_model_based_decentralized,model_based_tuning_optional,guarded_wrench_market_recovery,local_wrench_prices_and_repair,0,8,False,False,50,1.4,0.08,0.05,0.02,59.9312,0.05,8.657275911493226,9.815513099234037,23.819206369168406,28.999895469487786,0.95,1.6,0.88,0.9974647887323944,4.042617845243837,-0.059414164357494664,0.039200000000000006,43.54560000000001,7.280000000000001,0.03999999999999915,1.52,2.34,157.28,1.0,0.0,0.1201328300967977,0.2701328300967977,1.0,30888.0,535.5,0.01833401807723911,700.04,-0.5622121509412462,-0.5103155651684008,-0.4480222914190357,270.55458075402896,30.06162008378099,0.16562238082091818,2147.407703708924,0.5032161164839541,0.7626459993780528,0.0,484.5848979963921,-215.92430033416883,-198.8262803127838,-17.09802002138506,0.1110762043936308,0.1110762043936308
blocked_corridor_recovery,primal_dual_recovery,Primal-dual recovery,model_based,decentralized,proposed,primal_dual_recovery,proposed_model_based_decentralized,model_based_tuning_optional,distributed_primal_dual_recovery,local_dual_prices,0,6,False,False,50,1.48,0.04,0.02,0.0,60.0,0.02,9.095734893078017,10.623416322231257,26.073471274009133,33.32158945666144,0.98,1.52,0.93,0.9955985915492956,4.319625276859817,-0.06587123899456367,0.06720000000000001,48.232800000000005,7.372400000000002,0.03999999999999915,1.56,2.06,139.02,1.0,0.0,0.13171078192740443,0.28171078192740445,1.0,30888.0,661.2,0.022637633525061623,858.74,-0.5750683375236274,-0.5103155651684008,-0.4480222914190357,274.4425861157071,30.49362067952301,0.16666512611842837,2175.2868934289845,0.5096130397925589,0.7460667385220081,0.0,479.64321800041944,-225.51648419134105,-198.8262803127838,-26.690203878557213,0.11675349559500323,0.11675349559500323
blocked_corridor_recovery,reference_resilient_oracle,Reference centralized resilient recovery,model_based_reference,centralized,reference,centralized_resilient_recovery,reference_model_based_reference_centralized,none,centralized_resilient_recovery,global_state_and_event_observation,0,10,False,False,50,1.58,0.06,0.04,0.02,59.8332,0.04,8.20651462373649,9.8573051350005,21.116389224467838,27.661238243530203,0.96,1.42,0.9,0.9909154929577465,3.7944542840729225,-0.05360081576941046,0.039200000000000006,47.6784,9.6544,0.03999999999999915,1.68,1.76,109.54,1.0,0.0,0.12279708933748804,0.27279708933748803,1.0,30888.0,518.4,0.017748562037797865,675.44,-0.5718185333531008,-0.5103155651684008,-0.4480222914190357,267.0933032235144,29.677033691501595,0.17360649507944667,2116.4630148614315,0.4962887519013855,0.7626459993780528,0.0,482.21767000854015,-198.8262803127838,-198.8262803127838,0.0,0.0,0.0
blocked_corridor_recovery,replicator_repair_recovery,Replicator repair recovery,model_based,decentralized,proposed,replicator_integer_repair,proposed_model_based_decentralized,model_based_tuning_optional,distributed_replicator_repair,local_payoff_and_repair,0,5,False,False,50,1.4,0.0,0.0,0.0,60.0,0.0,9.6991012732594,11.042607912496125,30.790800540776853,38.68671184707306,1.0,1.6,0.92,0.9815845070422534,4.662810180777146,-0.05763799069815444,0.05040000000000001,48.7424,5.331200000000001,0.03999999999999915,1.56,2.14,116.02,1.0,0.0,0.11890470174142762,0.2689047017414276,1.0,30888.0,645.82,0.02211106546151739,840.0,-0.576592406071928,-0.5103155651684008,-0.4480222914190357,280.1838465353578,31.131538503928645,0.1638430260120086,2219.4484371446033,0.5204865681660982,0.746066738522008,0.0,473.8085380010307,-223.42701432450315,-198.8262803127838,-24.600734011719332,0.10545940386026852,0.10545940386026852
blocked_corridor_recovery,smith_qr_recovery,Smith-QR recovery,model_based,decentralized,proposed,smith_qr_recovery,proposed_model_based_decentralized,model_based_tuning_optional,distributed_smith_qr_recovery,local_deficit_prices,0,5,False,False,50,1.38,0.0,0.0,0.0,60.0,0.0,9.567693415031432,10.821124564029489,28.7132485572821,35.163895733973476,1.0,1.62,0.91,0.9847183098591549,4.4604102305041495,-0.04022658781447995,0.0,46.88320000000001,5.6672,0.03999999999999915,1.56,2.08,124.96,1.0,0.0,0.12487805671515716,0.2748780567151571,1.0,30888.0,651.12,0.022292522596548892,837.88,-0.5740397331121048,-0.5103155651684008,-0.4480222914190357,277.9423540745578,30.88248378606198,0.16045234241375245,2202.2518182227814,0.5162980577123427,0.7460667385220081,0.0,476.4312120061368,-226.44756132308902,-198.8262803127838,-27.621281010305253,0.11958541660674672,0.11958541660674672
blocked_corridor_recovery,tensor_flow_recovery,Tensor-flow recovery,model_based,decentralized,proposed,tensor_flow_recovery,proposed_model_based_decentralized,model_based_tuning_optional,distributed_tensor_flow_recovery,local_tensor_field,0,7,False,False,50,1.52,0.04,0.02,0.0,60.0,0.02,8.972985684858891,10.627311439236765,22.550487016724524,30.461048074140717,0.98,1.48,0.92,0.9965492957746478,4.219172901329093,-0.0634174950008297,0.05600000000000001,50.176,7.0588000000000015,0.03999999999999915,1.6,1.88,144.14,1.0,0.0,0.11713777912217767,0.2671377791221777,1.0,30888.0,560.72,0.019197480142426736,741.74,-0.5669886602652565,-0.5103155651684008,-0.4480222914190357,272.28642031676884,30.254046701863206,0.16480797306265457,2159.561996529532,0.5059085666394109,0.7460667385220081,0.0,483.0745920026675,-222.00144082419462,-198.8262803127838,-23.175160511410795,0.10147773140090427,0.10147773140090427
communication_radius_decay,cbba_recovery,CBBA recovery,sota,decentralized,baseline,cbba_recovery_auction,baseline_sota_decentralized,none,distributed_auction_recovery,local_bids_plus_neighbors,0,4,False,False,50,1.24,0.02,0.01,0.0,52.0,0.01,10.077797522767723,11.25672664000577,38.56605087136793,43.68607092994891,0.99,1.76,0.62,0.9729674796747966,5.488567453981688,-0.046408003845712205,0.0,39.4352,2.9792000000000005,0.10000000000000142,1.96,0.14,93.56,1.0,0.0,0.15168769424124354,0.3016876942412436,0.8038613671274962,16746.04,676.52,0.06477594791267713,878.34,-0.5753373649729653,nan,nan,241.82265602418258,30.227832003022822,0.14202858596704673,1914.135080719208,0.5788554577369366,0.7303413235676685,0.0,237.48166800942272,-239.66078790830142,-166.21219243895365,-73.44859546934781,0.2870083240785998,0.2870083240785998
communication_radius_decay,cbf_recovery,CBF recovery,sota,centralized,baseline,centralized_cbf_recovery,baseline_sota_centralized,none,centralized_cbf_recovery,global_state_and_obstacles,0,5,False,False,50,1.5,0.02,0.01,0.0,52.0,0.01,9.003401288030135,11.22760402279169,32.29791479779133,43.18547712885027,0.99,1.5,0.92,0.9817886178861788,5.114206103132462,-0.09544374232480267,0.10920000000000002,46.572399999999995,4.6648000000000005,0.10000000000000142,1.56,1.9,100.36,1.0,0.0,0.20674061247891326,0.3567406124789133,1.0,20832.0,505.96,0.048445040214477215,655.88,-0.5681377179321262,nan,nan,222.10358226403255,27.76294778300407,0.15668505011386902,1747.0226011097589,0.5316535385485269,0.7303413235676685,0.0,225.75693999649957,-207.74729694107347,-166.21219243895365,-41.535104502119815,0.1578987436657155,0.1578987436657155
communication_radius_decay,classic_centralized_replan,Classic centralized replanning,classic,centralized,baseline,periodic_global_replan,baseline_classic_centralized,none,centralized_periodic_replan,global_state,0,2,False,False,50,1.14,0.04,0.02,0.0,52.0,0.02,10.548731984857348,11.25780560323518,40.66708641282294,43.74565373791256,0.98,1.86,0.54,0.937439024390244,5.439891667342974,-0.06750601325107791,0.0,37.41640000000001,1.5512000000000001,0.10000000000000142,1.98,0.08,73.24,1.0,0.0,0.14237063932522212,0.29237063932522217,1.0,20832.0,643.26,0.06159134431252394,887.94,-0.5793601637669452,nan,nan,244.92442987979928,30.61555373497491,0.14110760722670782,1935.7520693026586,0.5862802323817484,0.7469399900123882,0.0,238.01874000113457,-236.89766309731237,-166.21219243895365,-70.68547065835872,0.28008001349204603,0.28008001349204603
communication_radius_decay,classic_decentralized_greedy_recovery,Classic decentralized greedy recovery,classic,decentralized,baseline,local_greedy_recovery,baseline_classic_decentralized,none,local_greedy_recovery,local_load_robot_state,0,2,False,False,50,1.4,0.02,0.01,0.0,52.0,0.01,9.128540161554179,11.007533071355617,32.43416385102019,40.6802476398187,0.99,1.6,0.66,0.9357317073170731,4.778908762846957,-0.07425111969592259,0.0,43.73320000000002,3.8892,0.10000000000000142,2.02,0.36,57.18,1.0,0.0,0.15340005652782007,0.3034000565278201,0.7281854838709677,15169.56,538.04,0.05151666028341631,706.92,-0.57072636210799,nan,nan,231.60872923757023,28.95109115469628,0.1478116791758336,1831.907543523028,0.5544061883319853,0.7137426571229487,0.0,233.43283999245614,-208.0044753337183,-166.21219243895365,-41.79228289476462,0.15857467727620922,0.15857467727620922
communication_radius_decay,ours_guarded_wrench_market_recovery,Ours guarded wrench-market recovery,model_based,decentralized,proposed,guarded_wrench_market_recovery,proposed_model_based_decentralized,model_based_tuning_optional,guarded_wrench_market_recovery,local_wrench_prices_and_repair,0,8,False,False,50,1.28,0.0,0.0,0.0,52.0,0.0,9.886907218987599,11.030426524691775,33.656937166521686,39.47687595078036,1.0,1.72,0.93,0.997357723577236,5.1447068988756985,-0.03949846806635625,0.0476,40.9752,3.032400000000001,0.10000000000000142,1.4,2.18,175.1,1.0,0.0,0.1699254425069434,0.3199254425069434,0.7724020737327189,16090.68,690.0,0.06606664113366527,893.12,-0.5741817629107273,nan,nan,235.3472338878482,29.418404235981026,0.14835663232335514,1855.9567305194757,0.5633551175025091,0.763538656457108,0.0,243.114318002481,-254.53614930873402,-166.21219243895365,-88.32395686978043,0.3527443940125387,0.3527443940125387
communication_radius_decay,primal_dual_recovery,Primal-dual recovery,model_based,decentralized,proposed,primal_dual_recovery,proposed_model_based_decentralized,model_based_tuning_optional,distributed_primal_dual_recovery,local_dual_prices,0,6,False,False,50,1.3,0.0,0.0,0.0,52.0,0.0,9.878173102612786,11.19366848356136,35.51343852684813,42.06320657164922,1.0,1.7,0.91,0.9909349593495935,5.281545974764351,-0.08647517027312672,0.10920000000000002,41.1684,3.5980000000000003,0.10000000000000142,1.44,2.02,142.84,1.0,0.0,0.17713935327428282,0.3271393532742828,0.7754358678955452,16153.88,741.3,0.07097855227882038,956.38,-0.5734303761289751,nan,nan,232.75756255308158,29.094695319135198,0.1508233401759327,1831.3225771748519,0.5571561723311987,0.7469399900123882,0.0,242.96160999219865,-249.3600731892671,-166.21219243895365,-83.14788075031345,0.3293816125872748,0.3293816125872748
communication_radius_decay,reference_resilient_oracle,Reference centralized resilient recovery,model_based_reference,centralized,reference,centralized_resilient_recovery,reference_model_based_reference_centralized,none,centralized_resilient_recovery,global_state_and_event_observation,0,10,False,False,50,1.56,0.14,0.09,0.04,51.77360000000001,0.09,7.652143926821602,10.096848960181294,23.01336881260952,31.967023418181995,0.91,1.44,0.81,0.9936585365853658,4.387844062350786,-0.047960905904039175,0.019600000000000003,43.8592,6.655600000000001,0.10000000000000142,1.68,1.46,95.7,1.0,0.0,0.2175966883028532,0.3675966883028532,1.0,20832.0,352.28,0.033730371505170435,458.66,-0.5658985107693563,nan,nan,212.99980432937642,26.624975541172052,0.18241498905826364,1681.0701317696034,0.5098616534119503,0.763538656457108,0.0,232.10716200759634,-166.21219243895365,-166.21219243895365,0.0,0.0,0.0
communication_radius_decay,replicator_repair_recovery,Replicator repair recovery,model_based,decentralized,proposed,replicator_integer_repair,proposed_model_based_decentralized,model_based_tuning_optional,distributed_replicator_repair,local_payoff_and_repair,0,5,False,False,50,1.4,0.0,0.0,0.0,52.0,0.0,9.433769904784537,11.20668212338236,33.91830089562837,42.68996965223008,1.0,1.6,0.94,0.9825609756097561,5.0180980861583295,-0.05924285582006203,0.03640000000000001,43.912400000000005,4.236400000000001,0.10000000000000142,1.5,2.04,107.32,1.0,0.0,0.1843440523945271,0.334344052394527,0.7606029185867895,15844.88,649.66,0.0622041363462275,850.18,-0.5710379259219085,nan,nan,229.40404490411376,28.67550561301422,0.15227087279980642,1805.9079592611677,0.5491287938149028,0.7469399900123883,0.0,230.96609200816602,-225.09112505591682,-166.21219243895365,-58.878932616963155,0.22100631173381163,0.22100631173381163
communication_radius_decay,smith_qr_recovery,Smith-QR recovery,model_based,decentralized,proposed,smith_qr_recovery,proposed_model_based_decentralized,model_based_tuning_optional,distributed_smith_qr_recovery,local_deficit_prices,0,5,False,False,50,1.28,0.02,0.01,0.0,52.0,0.01,9.9803219793965,11.22336695397946,36.43092965131834,42.560603421733155,0.99,1.72,0.92,0.9878455284552845,5.238564589840945,-0.05180883008945058,0.019600000000000003,40.717600000000004,3.0968,0.10000000000000142,1.4,2.3,121.46,1.0,0.0,0.17333921245325348,0.3233392124532536,0.7616263440860216,15866.2,681.42,0.06524511681348143,874.08,-0.576865162694933,nan,nan,232.07710537618723,29.009638172023404,0.14838402363686726,1829.4131960054901,0.5555273491387094,0.7469399900123882,0.0,233.7198659987189,-232.41948051013946,-166.21219243895365,-66.2072880711858,0.2601418263193614,0.2601418263193614
communication_radius_decay,tensor_flow_recovery,Tensor-flow recovery,model_based,decentralized,proposed,tensor_flow_recovery,proposed_model_based_decentralized,model_based_tuning_optional,distributed_tensor_flow_recovery,local_tensor_field,0,7,False,False,50,1.3,0.0,0.0,0.0,52.0,0.0,9.85824620189414,11.126266783753456,33.72571623698011,40.240342166455505,1.0,1.7,0.94,0.9964227642276423,5.215365300085264,-0.06244627671675688,0.0868,41.4008,3.2844000000000007,0.10000000000000142,1.4,2.2,150.88,1.0,0.0,0.17410568405383123,0.3241056840538312,0.7705184331797235,16051.44,700.06,0.06702987361164305,907.08,-0.5756537600418242,nan,nan,231.3499148860363,28.918739360754536,0.14851921579582794,1823.9668463517532,0.5537866595318753,0.7469399900123882,0.0,240.177581992466,-245.7545432493613,-166.21219243895365,-79.54235081040768,0.3134151214997303,0.3134151214997303
delayed_information_consensus,cbba_recovery,CBBA recovery,sota,decentralized,baseline,cbba_recovery_auction,baseline_sota_decentralized,none,distributed_auction_recovery,local_bids_plus_neighbors,0,4,False,False,50,0.96,0.0,0.0,0.0,52.64,0.06,10.541321743564124,10.630994914429436,39.496026209224524,39.93493499608869,0.94,2.04,0.61,0.9525283018867924,4.623233224404527,-0.06099384208994508,0.0,35.2772,0.3304000000000001,0.0,1.76,1.18,92.2,0.875,1.0,0.10632994342948898,0.256329943429489,0.7008249999999999,15698.48,656.86,0.03276109725685785,863.1,-0.575856277749691,-0.5103155651684008,-0.4480222914190357,245.01628636392897,30.62703579549112,0.16008469249957835,1940.1274800319918,0.549405206686301,0.7303413235676685,0.0,351.27853399608284,-208.34977066123963,-153.13030119530472,-55.21946946593493,0.2241153332465916,0.2241153332465916
delayed_information_consensus,cbf_recovery,CBF recovery,sota,centralized,baseline,centralized_cbf_recovery,baseline_sota_centralized,none,centralized_cbf_recovery,global_state_and_obstacles,0,5,False,False,50,1.04,0.0,0.0,0.0,56.0,0.0,10.187569290086511,10.355997009271384,23.208079409427288,24.077647428760685,1.0,1.96,0.99,0.9839245283018869,4.656194812787633,-0.056017320464905165,0.03640000000000001,35.1456,2.5088,0.0,1.04,3.6,93.92,0.875,1.0,0.16822323554179033,0.3182232355417904,1.0,22400.0,441.32,0.022010972568578552,586.26,-0.5664439202286305,-0.5103155651684008,-0.4480222914190357,221.40631519283173,27.675789399103966,0.1994109274029253,1750.2099473715277,0.4967721355941127,0.7303413235676685,0.0,335.0899480073713,-183.5414181855189,-153.13030119530472,-30.411116990214158,0.09508946964003137,0.09508946964003137
delayed_information_consensus,classic_centralized_replan,Classic centralized replanning,classic,centralized,baseline,periodic_global_replan,baseline_classic_centralized,none,centralized_periodic_replan,global_state,0,2,False,False,50,0.96,0.0,0.0,0.0,52.64,0.06,10.522559261821552,10.624010318915632,38.89413235121215,39.33412655774399,0.94,2.04,0.7099999999999999,0.9268679245283019,4.527874476284929,-0.08134478859014298,0.0,35.378,0.23800000000000002,0.0,1.56,1.3,75.62,0.875,1.0,0.09915347035323162,0.24915347035323163,1.0,22400.0,596.06,0.029728678304239402,786.56,-0.5752550576574785,-0.5103155651684008,-0.4480222914190357,247.82474601658606,30.978093252073258,0.16496693336669047,1967.6641229122306,0.5565648134019743,0.7469399900123883,0.0,352.5562920048833,-201.20751524747655,-153.13030119530472,-48.07721405217182,0.194111281543373,0.194111281543373
delayed_information_consensus,classic_decentralized_greedy_recovery,Classic decentralized greedy recovery,classic,decentralized,baseline,local_greedy_recovery,baseline_classic_decentralized,none,local_greedy_recovery,local_load_robot_state,0,2,False,False,50,1.02,0.0,0.0,0.0,56.0,0.0,11.204695710517795,11.306279058867853,41.47456203115642,41.914009405115564,1.0,1.98,0.59,0.8871320754716981,4.878233096270393,-0.0895760528465452,0.0,37.5452,0.28,0.16239999999999996,1.84,1.14,62.56,0.875,1.0,0.11080455141903134,0.26080455141903136,0.6570839285714285,14718.68,560.9,0.02797506234413965,737.8,-0.5700845834330961,-0.5103155651684008,-0.4480222914190357,235.9213010348496,29.4901626293562,0.16157267031037406,1870.2619499196028,0.5295943840769571,0.7137426571229487,0.0,344.10361599642783,-200.48929526776195,-153.13030119530472,-47.3589940724572,0.16006131243823216,0.16006131243823216
delayed_information_consensus,ours_guarded_wrench_market_recovery,Ours guarded wrench-market recovery,model_based,decentralized,proposed,guarded_wrench_market_recovery,proposed_model_based_decentralized,model_based_tuning_optional,guarded_wrench_market_recovery,local_wrench_prices_and_repair,0,8,False,False,50,1.0,0.0,0.0,0.0,56.0,0.0,9.431125386000014,9.431125386000014,14.053147144274176,14.053147144274176,1.0,2.0,1.0,0.9968301886792453,4.35523030531623,-0.023681521998608027,0.0,31.970400000000005,3.270400000000001,0.0,1.0,3.48,151.54,0.875,1.0,0.13905645096354446,0.28905645096354443,0.6932142857142857,15528.0,592.26,0.02953915211970075,782.16,-0.5709135296156889,-0.5103155651684008,-0.4480222914190357,232.87731378992805,29.109664223741007,0.1919887073049367,1843.0130565937945,0.522217687205589,0.763538656457108,0.0,348.1744260014966,-210.31591216477938,-153.13030119530472,-57.18561096947463,0.20175016965879383,0.20175016965879383
delayed_information_consensus,primal_dual_recovery,Primal-dual recovery,model_based,decentralized,proposed,primal_dual_recovery,proposed_model_based_decentralized,model_based_tuning_optional,distributed_primal_dual_recovery,local_dual_prices,0,6,False,False,50,1.02,0.0,0.0,0.0,56.0,0.0,9.734955778708231,9.822270538703908,16.931605635048236,17.371312609014478,1.0,1.98,1.0,0.9908679245283019,4.483460349801264,-0.04919403100824388,0.03640000000000001,33.3816,2.7384000000000004,0.0,1.02,3.38,128.52,0.875,1.0,0.14510568710754612,0.29510568710754614,0.6992321428571426,15662.8,636.18,0.03172967581047381,838.9,-0.5748604955590533,-0.5103155651684008,-0.4480222914190357,228.4134336733735,28.551679209171688,0.19172171411587935,1807.6335543166936,0.5126070392970834,0.7469399900123882,0.0,352.82050000038,-204.5337093284592,-153.13030119530472,-51.403408133154464,0.17660407736153744,0.17660407736153744
delayed_information_consensus,reference_resilient_oracle,Reference centralized resilient recovery,model_based_reference,centralized,reference,centralized_resilient_recovery,reference_model_based_reference_centralized,none,centralized_resilient_recovery,global_state_and_event_observation,0,10,False,False,50,1.12,0.1,0.06,0.06,55.6976,0.06,9.251424207669505,9.58768563570972,19.867232500850292,21.199809697914343,0.94,1.88,0.89,0.9916981132075472,4.258320004283067,-0.028928312446272048,0.0,35.3416,2.8952000000000004,0.0,1.2,3.22,91.3,0.875,1.0,0.19036897408183015,0.34036897408183014,1.0,22400.0,346.24,0.017268827930174563,461.5,-0.5658179463000054,-0.5103155651684008,-0.4480222914190357,213.16987257191846,26.646234071489808,0.19246130642660922,1686.174188891623,0.47785345816800046,0.763538656457108,0.0,349.90352400112897,-153.13030119530472,-153.13030119530472,0.0,0.0,0.0
delayed_information_consensus,replicator_repair_recovery,Replicator repair recovery,model_based,decentralized,proposed,replicator_integer_repair,proposed_model_based_decentralized,model_based_tuning_optional,distributed_replicator_repair,local_payoff_and_repair,0,5,False,False,50,1.02,0.0,0.0,0.0,56.0,0.0,9.814768002274212,9.905319093409434,18.849242357295182,19.285353817493508,1.0,1.98,1.0,0.9742641509433961,4.468461819891498,-0.043056568228894844,0.0,33.686800000000005,2.5396,0.0,1.02,3.38,98.52,0.875,1.0,0.14043824740945407,0.2904382474094541,0.6931410714285714,15526.36,606.7,0.030259351620947637,801.18,-0.5730579177896344,-0.5103155651684008,-0.4480222914190357,227.20019075675714,28.400023844594642,0.19283338957639365,1796.8266772882344,0.5097444121490636,0.7469399900123883,0.0,339.20946401078254,-192.35780640737244,-153.13030119530472,-39.22750521206768,0.1288900850401147,0.1288900850401147
delayed_information_consensus,smith_qr_recovery,Smith-QR recovery,model_based,decentralized,proposed,smith_qr_recovery,proposed_model_based_decentralized,model_based_tuning_optional,distributed_smith_qr_recovery,local_deficit_prices,0,5,False,False,50,1.02,0.0,0.0,0.0,56.0,0.0,9.815027018977355,9.90566492763434,18.361411558419547,18.80081211419745,1.0,1.98,1.0,0.9874716981132075,4.512959571600207,-0.052617938691191316,0.033600000000000005,33.7904,2.3240000000000003,0.0,1.0,3.48,106.92,0.875,1.0,0.14813383948351644,0.2981338394835164,0.6875250000000002,15400.56,645.94,0.03221645885286783,844.84,-0.5713542524743072,-0.5103155651684008,-0.4480222914190357,228.48976863389854,28.561221079237317,0.19515572842965168,1806.399506890668,0.5126448479717601,0.7469399900123883,0.0,337.8547599934973,-197.4584139302595,-153.13030119530472,-44.328112734954765,0.14749855033077608,0.14749855033077608
delayed_information_consensus,tensor_flow_recovery,Tensor-flow recovery,model_based,decentralized,proposed,tensor_flow_recovery,proposed_model_based_decentralized,model_based_tuning_optional,distributed_tensor_flow_recovery,local_tensor_field,0,7,False,False,50,1.02,0.0,0.0,0.0,56.0,0.0,9.536385683311053,9.621180109444749,15.709673096966004,16.147112653491448,1.0,1.98,1.0,0.9930188679245283,4.4012239048602915,-0.04965868989246342,0.033600000000000005,33.2304,2.6796,0.0,1.02,3.46,133.98,0.875,1.0,0.13576461323127112,0.2857646132312711,0.7000464285714285,15681.04,603.88,0.030118703241895264,798.94,-0.5734561214794887,-0.5103155651684008,-0.4480222914190357,229.9028126309386,28.737851578867325,0.19389989189000242,1819.7488711059307,0.5152759565893491,0.7469399900123882,0.0,349.6008159965277,-204.5621442090139,-153.13030119530472,-51.43184301370918,0.17665799367451185,0.17665799367451185
infeasible_load_detection,cbba_recovery,CBBA recovery,sota,decentralized,baseline,cbba_recovery_auction,baseline_sota_decentralized,none,distributed_auction_recovery,local_bids_plus_neighbors,0,4,False,False,50,1.04,0.0,0.0,0.0,50.0,0.0,5.452837254732309,5.591235312092063,5.016813492856909,5.206571876156481,1.0,1.96,0.48,0.08683544303797469,98.46267190323643,-1.0,31.567200000000007,33.42920000000001,1.0668,1.3968000000000018,1.0,0.0,20.62,1.0,0.0,0.3596900566035223,0.5096900566035223,1.0,10740.0,485.9,0.09023212627669451,545.88,-0.5428974256417988,nan,nan,102.21654932809817,17.03609155468303,0.2734346517833991,797.2267075106729,0.33895924302990493,0.7094877136629444,0.0,161.05225800070912,-238.73536160165904,181.62339652070284,-420.3587581223619,1.0,1.0
infeasible_load_detection,cbf_recovery,CBF recovery,sota,centralized,baseline,centralized_cbf_recovery,baseline_sota_centralized,none,centralized_cbf_recovery,global_state_and_obstacles,0,5,False,False,50,1.0,1.0,1.0,0.46,32.9728,1.0,0.0,0.0,0.0,0.0,0.0,2.0,0.51,0.9978902953586498,0.5823377951014201,-0.010768592359653172,0.0,5.185599999999999,6.1964,0.08000000000000185,0.98,1.36,40.82,1.0,0.0,0.26188989779904986,0.4118898977990499,1.0,10740.0,186.88,0.034703806870937784,244.0,-0.5276957935332771,nan,nan,137.29707127567968,22.88284521261328,0.2611905001967726,1065.133562419378,0.45528939937551316,0.7094877136629443,0.0,150.1328199915588,163.24487366691073,181.62339652070284,-18.37852285379212,0.19806215077758027,0.19806215077758027
infeasible_load_detection,classic_centralized_replan,Classic centralized replanning,classic,centralized,baseline,periodic_global_replan,baseline_classic_centralized,none,centralized_periodic_replan,global_state,0,2,False,False,50,1.04,0.0,0.0,0.0,50.0,0.0,4.9048549872929,5.0761797713013195,5.171278897147894,5.365563418057174,1.0,1.96,0.48,0.11206751054852321,95.44041803966508,-1.0,30.5872,33.2416,1.2320000000000002,1.3968000000000018,1.0,0.0,18.7,1.0,0.0,0.3302383144797642,0.4802383144797643,1.0,10740.0,514.94,0.09562488393686167,762.14,-0.5577513704676492,nan,nan,108.96594016971787,18.160990028286314,0.2599563802256792,849.6518259275269,0.3613408282587806,0.7256124344280113,0.0,162.46870798291638,-247.31559050508,181.62339652070284,-428.93898702578286,1.0,1.0
infeasible_load_detection,classic_decentralized_greedy_recovery,Classic decentralized greedy recovery,classic,decentralized,baseline,local_greedy_recovery,baseline_classic_decentralized,none,local_greedy_recovery,local_load_robot_state,0,2,False,False,50,1.02,0.0,0.0,0.0,50.0,0.0,4.881978944616405,4.933679417318141,3.478743348631109,3.5776737777899434,1.0,1.98,0.49,0.1418143459915612,92.23859216861905,-1.0,28.9436,32.4044,1.3719999999999999,1.3968000000000012,1.0,0.0,16.22,1.0,0.0,0.32795334802278187,0.47795334802278183,1.0,10740.0,458.76,0.08519220055710307,530.24,-0.5483282566479416,nan,nan,107.16140342629866,17.860233904383104,0.26679072104550994,838.3211468693518,0.3553568226100896,0.6933629928978775,0.0,163.64133601309732,-230.68871920814954,181.62339652070284,-412.31211572885235,1.0,1.0
infeasible_load_detection,ours_guarded_wrench_market_recovery,Ours guarded wrench-market recovery,model_based,decentralized,proposed,guarded_wrench_market_recovery,proposed_model_based_decentralized,model_based_tuning_optional,guarded_wrench_market_recovery,local_wrench_prices_and_repair,0,8,False,False,50,1.0,1.0,1.0,0.42,32.6984,1.0,0.0,0.0,0.0,0.0,0.0,2.0,0.51,1.0,0.5907383740268589,-0.006705972898052641,0.0,5.0232,5.1800000000000015,0.08000000000000185,0.98,1.3,52.5,1.0,0.0,0.24777499168505318,0.39777499168505315,1.0,10740.0,182.48,0.03388672237697308,237.16,-0.5147293500922703,nan,nan,140.31732601429366,23.386221002382285,0.25309065259139213,1093.45781232386,0.4653048349061336,0.7417371551930781,0.0,155.50868600374088,151.5231772106939,181.62339652070284,-30.100219310008992,0.15886086088810628,0.15886086088810628
infeasible_load_detection,primal_dual_recovery,Primal-dual recovery,model_based,decentralized,proposed,primal_dual_recovery,proposed_model_based_decentralized,model_based_tuning_optional,distributed_primal_dual_recovery,local_dual_prices,0,6,False,False,50,1.0,1.0,1.0,0.32,31.9928,1.0,0.0,0.0,0.0,0.0,0.0,2.0,0.51,0.9999156118143461,0.49340491431194883,-0.007003548810298266,0.0,4.4072000000000005,5.779200000000002,0.08000000000000185,0.98,1.36,48.86,1.0,0.0,0.25933674933573336,0.4093367493357334,1.0,10740.0,199.18,0.036987929433611885,255.74,-0.5322224784077919,nan,nan,139.4134036306112,23.23556727176854,0.2650889108091466,1083.5399164012401,0.46230734722977596,0.7256124344280114,0.0,153.60509999329224,130.45165649998833,181.62339652070284,-51.17174002071455,0.2382174884484349,0.2382174884484349
infeasible_load_detection,reference_resilient_oracle,Reference centralized resilient recovery,model_based_reference,centralized,reference,centralized_resilient_recovery,reference_model_based_reference_centralized,none,centralized_resilient_recovery,global_state_and_event_observation,0,10,False,False,50,1.0,1.0,1.0,0.54,33.818400000000004,1.0,0.0,0.0,0.0,0.0,0.0,2.0,0.5,0.999493670886076,0.6914479251373212,-0.008935142559384985,0.0,6.062,5.642000000000001,0.08000000000000185,1.0,1.22,39.54,1.0,0.0,0.251929997442168,0.40192999744216806,1.0,10740.0,169.06,0.03139461467038069,218.86,-0.5095861107700658,nan,nan,139.15129196127012,23.191881993545017,0.26543304492983116,1082.640972636452,0.4614381614314565,0.7417371551930781,0.0,151.80873999837786,181.62339652070284,181.62339652070284,0.0,0.0,0.0
infeasible_load_detection,replicator_repair_recovery,Replicator repair recovery,model_based,decentralized,proposed,replicator_integer_repair,proposed_model_based_decentralized,model_based_tuning_optional,distributed_replicator_repair,local_payoff_and_repair,0,5,False,False,50,1.0,1.0,1.0,0.42,32.01240000000001,1.0,0.0,0.0,0.0,0.0,0.0,2.0,0.51,0.9980590717299578,0.5478536729195519,-0.011351358054537339,0.0,4.7208000000000006,5.558000000000001,0.08000000000000185,0.98,1.42,40.12,1.0,0.0,0.26633702643567153,0.41633702643567155,1.0,10740.0,183.12,0.034005571030640676,240.94,-0.5268680589087835,nan,nan,138.90294957863765,23.15049159643961,0.26450996936244875,1075.6759647421586,0.46061463582251505,0.7256124344280114,0.0,153.42701200395823,156.53387028656994,181.62339652070284,-25.0895262341329,0.19604066244484195,0.19604066244484195
infeasible_load_detection,smith_qr_recovery,Smith-QR recovery,model_based,decentralized,proposed,smith_qr_recovery,proposed_model_based_decentralized,model_based_tuning_optional,distributed_smith_qr_recovery,local_deficit_prices,0,5,False,False,50,1.0,1.0,1.0,0.42,31.7828,1.0,0.0,0.0,0.0,0.0,0.0,2.0,0.5,0.9994092827004221,0.47731113909847517,-0.008440037637747819,0.0,4.27,5.734400000000002,0.08000000000000185,1.0,1.28,43.2,1.0,0.0,0.2621522789610068,0.4121522789610067,1.0,10740.0,190.68,0.03540947075208914,250.84,-0.5303259765785069,nan,nan,138.84321936979407,23.14053656163235,0.26560501726732744,1079.6140158261476,0.4604165650941573,0.7256124344280113,0.0,153.66658001439646,153.75882294925592,181.62339652070284,-27.86457357144697,0.1948941905209917,0.1948941905209917
infeasible_load_detection,tensor_flow_recovery,Tensor-flow recovery,model_based,decentralized,proposed,tensor_flow_recovery,proposed_model_based_decentralized,model_based_tuning_optional,distributed_tensor_flow_recovery,local_tensor_field,0,7,False,False,50,1.0,1.0,1.0,0.5,31.9368,1.0,0.0,0.0,0.0,0.0,0.0,2.0,0.51,0.9999156118143461,0.5108097235862898,-0.006913096642136561,0.0,4.5192,5.4236,0.08000000000000185,0.98,1.34,47.0,1.0,0.0,0.24942700845180127,0.39942700845180135,1.0,10740.0,172.68,0.032066852367688026,226.32,-0.5101488244277693,nan,nan,138.59205420680766,23.09867570113461,0.26017968422904536,1077.7657538460846,0.4595836788924514,0.7256124344280114,0.0,152.83562999451533,172.29567822355222,181.62339652070284,-9.327718297150668,0.1051555397213105,0.1051555397213105
monte_carlo,cbba_recovery,CBBA recovery,sota,decentralized,baseline,cbba_recovery_auction,baseline_sota_decentralized,none,distributed_auction_recovery,local_bids_plus_neighbors,0,4,False,False,50,1.38,0.02,0.01,0.0,54.917902915404994,0.03,8.920920456353821,9.924838037967948,24.171502900312973,28.459610755131944,0.97,1.8,0.6333333333333333,0.7905864909843054,23.614108429737975,-0.29671500825750746,11.645200000000003,46.692800000000005,2.7103999999999995,3.1095021740493745,1.62,1.3,77.94,0.9290555555555555,0.56,0.15400049410326985,0.30400049410326985,0.8469092559529879,21364.8,735.46,0.04982240170444786,929.86,-0.5706751785327207,-0.14674056247439468,0.010916760396815085,220.6727961968946,26.49065486603774,0.18896486230043205,1743.802157765066,0.47213983212268573,0.716743976838299,0.0,439.2948560207151,-228.03706194897805,-106.02751608049161,-122.00954586848644,0.3608105103955355,0.3608105103955355
monte_carlo,cbf_recovery,CBF recovery,sota,centralized,baseline,centralized_cbf_recovery,baseline_sota_centralized,none,centralized_cbf_recovery,global_state_and_obstacles,0,5,False,False,50,1.42,0.26,0.15333333333333332,0.06,54.49653423918787,0.15333333333333332,6.897527554519599,7.892740873116732,17.932786421342158,22.775743218679246,0.8466666666666666,1.76,0.92,0.9833439937261305,4.484391031929904,-0.15068378164904078,0.19880000000000003,38.147200000000005,5.9976,0.4117675383758005,1.32,3.0,88.3,0.9310555555555554,0.54,0.1879301864446622,0.3379301864446622,1.0,25033.84,423.62,0.02690244306263118,563.42,-0.5635662590947181,-0.14951097741174274,-0.019054285663313665,210.62540151447874,25.236777020529516,0.21692473150627575,1660.0629703836428,0.4492284151518001,0.7167439768382989,0.0,412.7522399974987,-142.05565092319196,-106.02751608049161,-36.02813484270035,0.15197791904862076,0.15197791904862076
monte_carlo,classic_centralized_replan,Classic centralized replanning,classic,centralized,baseline,periodic_global_replan,baseline_classic_centralized,none,centralized_periodic_replan,global_state,0,2,False,False,50,1.42,0.04,0.02,0.02,54.85946903770213,0.04,8.309049468516598,9.365882709499818,23.179015683677232,27.923828206405947,0.96,1.76,0.6233333333333333,0.7787376184406757,22.54148185998373,-0.2950558234909311,11.9196,46.7712,3.5896000000000003,2.893958548160148,1.62,1.16,63.92,0.9076666666666666,0.72,0.14746943868009474,0.2974694386800947,1.0,25033.84,741.64,0.04892527581356329,992.1,-0.5715566941131188,-0.14538403743402722,-0.02525819189713904,223.7829250950824,26.863653141804424,0.18887848874031124,1763.7957952428815,0.4786278821634128,0.7330336126755331,0.0,436.4531039982103,-221.87401748783006,-106.02751608049161,-115.8465014073385,0.33428483537604076,0.33428483537604076
monte_carlo,classic_decentralized_greedy_recovery,Classic decentralized greedy recovery,classic,decentralized,baseline,local_greedy_recovery,baseline_classic_decentralized,none,local_greedy_recovery,local_load_robot_state,0,2,False,False,50,1.5,0.02,0.02,0.0,55.86091530868671,0.02,8.753164228616447,9.991852004832188,21.666011436641785,26.952616578473698,0.98,1.68,0.6666666666666667,0.7689666124796848,22.616902938378967,-0.3154708958117666,11.342800000000002,50.369200000000006,3.6932000000000005,3.434631531465943,1.68,1.2,53.6,0.903222222222222,0.76,0.1537396373437735,0.30373963734377346,0.8246172410396733,20679.88,627.98,0.043030496339629846,793.84,-0.5699907265709926,-0.14533410175323785,-0.02420560301699269,214.53563596599489,25.77105336799926,0.1952877320349782,1693.9010644293035,0.46034101136934674,0.7004543410010649,0.0,440.8840740006417,-208.8198177936469,-106.02751608049161,-102.79230171315534,0.29746874297845866,0.29746874297845866
monte_carlo,ours_guarded_wrench_market_recovery,Ours guarded wrench-market recovery,model_based,decentralized,proposed,guarded_wrench_market_recovery,proposed_model_based_decentralized,model_based_tuning_optional,guarded_wrench_market_recovery,local_wrench_prices_and_repair,0,8,False,False,50,1.38,0.28,0.1733333333333333,0.08,54.83218122162102,0.1733333333333333,6.740595580083087,7.531003663323519,17.01275303789928,20.818088995366864,0.8266666666666665,1.8,0.9133333333333333,0.9862181354317707,4.861409125226265,-0.1728869704637143,0.6216000000000002,36.43920000000001,5.0008,0.6385675383758005,1.24,3.2,140.56,0.9285555555555554,0.56,0.16356605648733094,0.3135660564873309,0.8093332054873844,20429.84,491.78,0.031781459764744946,652.36,-0.5564243674445318,-0.14312003002207715,-0.021011586241745324,217.62797813972182,26.07061424445081,0.21038818272819257,1716.7099910095012,0.46395041321633196,0.7493232485127672,0.0,416.5387019957416,-156.50803555646215,-106.02751608049161,-50.48051947597054,0.20538652022587556,0.20538652022587556
monte_carlo,primal_dual_recovery,Primal-dual recovery,model_based,decentralized,proposed,primal_dual_recovery,proposed_model_based_decentralized,model_based_tuning_optional,distributed_primal_dual_recovery,local_dual_prices,0,6,False,False,50,1.34,0.28,0.1733333333333333,0.1,54.628918607749426,0.1733333333333333,7.133919210927024,7.699637692523863,18.84410566288545,21.65281039681624,0.8266666666666665,1.84,0.93,0.9808093769277775,5.143912659409451,-0.12633901569594255,0.6552000000000001,35.84,4.838400000000001,0.3473675383758006,1.2,3.44,117.62,0.9310555555555554,0.54,0.16904326891299515,0.3190432689129951,0.8110689312176385,20432.12,543.36,0.03581363439295304,717.66,-0.5603643864340742,-0.14177786083658445,-0.01245535344372345,214.88734163843822,25.758486838398472,0.21734346353971187,1696.192915552427,0.4585040080368013,0.7330336126755331,0.0,419.62491798913106,-147.96886351344799,-106.02751608049161,-41.94134743295639,0.20465507620581552,0.20465507620581552
monte_carlo,reference_resilient_oracle,Reference centralized resilient recovery,model_based_reference,centralized,reference,centralized_resilient_recovery,reference_model_based_reference_centralized,none,centralized_resilient_recovery,global_state_and_event_observation,0,10,False,False,50,1.48,0.38,0.22333333333333333,0.14,54.39179518103774,0.22333333333333333,6.196522380337622,7.269046418091254,13.546873416331835,17.536721846269465,0.7766666666666666,1.7,0.9433333333333332,0.9790599617175773,4.597932708158155,-0.1857285812902897,0.5740000000000001,37.284800000000004,6.490399999999999,0.8037675383758007,1.2,3.58,90.28,0.9310555555555554,0.54,0.1936862640206808,0.3436862640206808,1.0,25033.84,365.74,0.02387904708279374,484.18,-0.5548161394463861,-0.14794014411607087,-0.1212715896465534,208.31580241320913,24.973700851827104,0.22758925270066568,1639.934158514601,0.4439744286228702,0.7493232485127672,0.0,417.6375800021924,-106.02751608049161,-106.02751608049161,0.0,0.0,0.0
monte_carlo,replicator_repair_recovery,Replicator repair recovery,model_based,decentralized,proposed,replicator_integer_repair,proposed_model_based_decentralized,model_based_tuning_optional,distributed_replicator_repair,local_payoff_and_repair,0,5,False,False,50,1.4,0.26,0.15333333333333332,0.08,54.2990272488583,0.15333333333333332,6.89113969234629,7.761993609667693,17.99462744713958,22.322224995805723,0.8466666666666666,1.78,0.9333333333333332,0.9600724745102047,6.250089823178676,-0.19073989542989017,1.4728,37.57880000000001,4.832800000000001,1.0613675383758006,1.26,3.24,90.78,0.9310555555555554,0.54,0.17380367558399323,0.32380367558399326,0.8072300639416733,20357.4,516.54,0.033086464719368144,677.46,-0.5621154778385103,-0.14483902387123399,-0.05184763548822911,212.87365774944877,25.48627771944778,0.21774057530201685,1676.8387731801254,0.4535432551060955,0.7330336126755331,0.0,429.66236799489707,-143.638474605028,-106.02751608049161,-37.610958524536386,0.1609569314434271,0.1609569314434271
monte_carlo,smith_qr_recovery,Smith-QR recovery,model_based,decentralized,proposed,smith_qr_recovery,proposed_model_based_decentralized,model_based_tuning_optional,distributed_smith_qr_recovery,local_deficit_prices,0,5,False,False,50,1.38,0.26,0.15333333333333332,0.04,54.5827105391339,0.15333333333333332,7.145966197315206,7.8221192122849175,18.17195303360308,21.65802765937216,0.8466666666666666,1.8,0.9266666666666665,0.9653344313682184,6.332515421343589,-0.1908486204903928,1.4587999999999999,37.1,5.297600000000001,1.215367538375801,1.26,3.34,100.94,0.9310555555555554,0.54,0.17432322202492734,0.32432322202492736,0.8115626246718242,20464.16,530.9,0.03375559222731542,700.78,-0.5608733276281448,-0.14510295952660374,-0.09562945556853569,213.51962184935812,25.568596882910057,0.21933053006812667,1685.4619141209685,0.45496900594042894,0.7330336126755331,0.0,427.7730239951052,-156.77820407755314,-106.02751608049161,-50.750687997061526,0.22724312669123264,0.22724312669123264
monte_carlo,tensor_flow_recovery,Tensor-flow recovery,model_based,decentralized,proposed,tensor_flow_recovery,proposed_model_based_decentralized,model_based_tuning_optional,distributed_tensor_flow_recovery,local_tensor_field,0,7,False,False,50,1.38,0.24,0.13333333333333333,0.04,54.833347030303614,0.13333333333333333,7.061758697472165,7.897552333294933,18.341566789284677,22.193845205913266,0.8666666666666666,1.8,0.9266666666666665,0.9821578607029825,5.187160583212584,-0.15240064736805933,0.7559999999999999,36.9348,5.0232,0.8569675383758006,1.28,3.1,121.42,0.9310555555555554,0.54,0.17326959072287992,0.3232695907228799,0.8080604733766511,20393.56,499.06,0.0318138507901068,660.0,-0.5580242684713909,-0.1393560888572392,-0.03162901612844354,213.7598714135598,25.559059400088103,0.2225086784361107,1687.117272128063,0.45481504025923775,0.7330336126755331,0.0,435.1062119961716,-165.19494156309364,-106.02751608049161,-59.16742548260205,0.22075332751794316,0.22075332751794316
multi_load_priority_shift,cbba_recovery,CBBA recovery,sota,decentralized,baseline,cbba_recovery_auction,baseline_sota_decentralized,none,distributed_auction_recovery,local_bids_plus_neighbors,0,4,False,False,50,1.6,0.0,0.0,0.0,58.0,0.0,11.26122981428832,11.280481737974808,43.99773067425549,44.00000000000001,1.0,2.4,0.7466666666666666,0.9654545454545455,6.922134194741559,-0.06302273342388197,0.0,61.60000000000001,0.0,0.019999999999999574,2.24,0.28,130.74,1.0,0.0,0.10906080984144652,0.2590608098414465,1.0,37350.0,992.86,0.04045224902216428,1269.84,-0.5877960250540213,0.07999999999999996,0.08007709000139528,329.56470360868406,32.95647036086841,0.1255570193674328,2580.8996746793405,0.581233121124868,0.7354663737899532,0.0,459.4033699971624,-276.763191211948,-246.9198976032824,-29.843293608665604,0.12538593117003763,0.12538593117003763
multi_load_priority_shift,cbf_recovery,CBF recovery,sota,centralized,baseline,centralized_cbf_recovery,baseline_sota_centralized,none,centralized_cbf_recovery,global_state_and_obstacles,0,5,False,False,50,1.84,0.0,0.0,0.0,58.0,0.0,11.26656256427875,11.294262792376935,44.00000000000001,44.00000000000001,1.0,2.16,0.98,0.9765818181818182,7.062986874522478,-0.12689180194855276,0.10640000000000001,70.84,0.0,0.019999999999999574,1.82,1.8,144.54,1.0,0.0,0.13008363841431847,0.2800836384143185,1.0,37350.0,817.12,0.03329204693611473,1068.58,-0.5821215759310423,0.07999999999999996,0.08012747084926027,315.2261421036924,31.522614210369237,0.1317676237597716,2463.8900273657546,0.5527833407495322,0.7354663737899532,0.0,470.876903985627,-256.9707020682643,-246.9198976032824,-10.050804464981947,0.04964872177240854,0.04964872177240854
multi_load_priority_shift,classic_centralized_replan,Classic centralized replanning,classic,centralized,baseline,periodic_global_replan,baseline_classic_centralized,none,centralized_periodic_replan,global_state,0,2,False,False,50,1.56,0.0,0.0,0.0,58.0,0.0,11.239913526569774,11.274907581402601,43.277716435615275,44.00000000000001,1.0,2.44,0.7633333333333332,0.9528727272727272,6.806356047170761,-0.07773664417703435,0.0,60.040400000000005,0.019600000000000003,0.019999999999999574,2.18,0.26,108.08,1.0,0.0,0.08285667293873818,0.23285667293873819,1.0,37350.0,984.22,0.04010022816166883,1237.04,-0.5888398845824684,0.07999999999999993,0.08014132219145806,332.91375118601644,33.29137511860164,0.12865757056721003,2608.3128855110476,0.5917264939928135,0.7521815186488161,0.0,460.3019419917837,-268.5724699222643,-246.9198976032824,-21.652572318981864,0.09893779391909002,0.09893779391909002
multi_load_priority_shift,classic_decentralized_greedy_recovery,Classic decentralized greedy recovery,classic,decentralized,baseline,local_greedy_recovery,baseline_classic_decentralized,none,local_greedy_recovery,local_load_robot_state,0,2,False,False,50,1.82,0.0,0.0,0.0,58.0,0.0,11.188968005434225,11.272602003006503,41.530920212081625,43.79294888259601,1.0,2.18,0.7033333333333333,0.9294181818181818,6.582792212934293,-0.0925496050584289,0.0,69.94680000000001,0.12040000000000001,0.019999999999999574,2.48,0.32,89.44,1.0,0.0,0.1131501318301074,0.2631501318301074,1.0,37350.0,843.46,0.03436522164276402,1065.94,-0.5901800454792481,0.07999999999999992,0.08013505301204854,316.60931039521716,31.66093103952172,0.1296608473638361,2482.0980308031944,0.5674319710530343,0.7187512289310906,0.0,454.9338799947873,-253.60237422559032,-246.9198976032824,-6.682476622307945,0.047730932594042,0.047730932594042
multi_load_priority_shift,ours_guarded_wrench_market_recovery,Ours guarded wrench-market recovery,model_based,decentralized,proposed,guarded_wrench_market_recovery,proposed_model_based_decentralized,model_based_tuning_optional,guarded_wrench_market_recovery,local_wrench_prices_and_repair,0,8,False,False,50,1.66,0.0,0.0,0.0,58.0,0.0,11.12566433416761,11.275233490529843,40.99226806877044,43.98535135646909,1.0,2.34,0.9733333333333333,0.9970545454545454,7.025955938841821,-0.04754103436244473,0.014000000000000002,63.27160000000001,0.43400000000000005,0.019999999999999574,1.72,1.96,204.54,1.0,0.0,0.09248913677826202,0.24248913677826203,1.0,37350.0,707.56,0.028828226857887874,929.36,-0.5728798859299237,0.08261540730280467,0.0801109112054543,323.3080677590201,32.330806775902005,0.13929460629952492,2531.353023541562,0.5592723283967568,0.7688966635076785,0.0,473.287482005544,-272.8478760729963,-246.9198976032824,-25.92797846971389,0.10888687946191165,0.10888687946191165
multi_load_priority_shift,primal_dual_recovery,Primal-dual recovery,model_based,decentralized,proposed,primal_dual_recovery,proposed_model_based_decentralized,model_based_tuning_optional,distributed_primal_dual_recovery,local_dual_prices,0,6,False,False,50,1.64,0.0,0.0,0.0,58.0,0.0,11.246233123085617,11.272333294998855,43.397633187241354,43.59452856619856,1.0,2.36,0.9866666666666666,0.9924363636363636,7.057364320319275,-0.09224201047743762,0.016800000000000002,63.053200000000004,0.08400000000000002,0.019999999999999574,1.62,2.32,178.42,1.0,0.0,0.12251307095399283,0.27251307095399285,1.0,37350.0,898.78,0.036619132985658415,1169.4,-0.5793551584290377,0.08,0.0801223081025369,322.141342094302,32.21413420943019,0.13602326675738186,2520.7738262808507,0.5605618813228083,0.7521815186488159,0.0,450.12799000600353,-274.3442705529717,-246.9198976032824,-27.424372949689296,0.11360264193830172,0.11360264193830172
multi_load_priority_shift,reference_resilient_oracle,Reference centralized resilient recovery,model_based_reference,centralized,reference,centralized_resilient_recovery,reference_model_based_reference_centralized,none,centralized_resilient_recovery,global_state_and_event_observation,0,10,False,False,50,1.7,0.0,0.0,0.0,58.0,0.0,11.014929204038781,11.239556941630202,40.62199629285868,43.14249274063207,1.0,2.3,0.9933333333333333,0.9874545454545454,6.8900642174248174,-0.0418689281215665,0.0,64.3776,0.6608000000000002,0.019999999999999574,1.72,2.16,146.62,1.0,0.0,0.10163313369534326,0.25163313369534324,1.0,37350.0,634.76,0.02586212516297262,836.34,-0.571568565453909,0.09761779276508592,0.08012164251921602,319.79670670607345,31.979670670607348,0.14177523018934912,2504.9011246792143,0.5538516429030185,0.7688966635076785,0.0,452.3526099929586,-246.9198976032824,-246.9198976032824,0.0,0.0,0.0
multi_load_priority_shift,replicator_repair_recovery,Replicator repair recovery,model_based,decentralized,proposed,replicator_integer_repair,proposed_model_based_decentralized,model_based_tuning_optional,distributed_replicator_repair,local_payoff_and_repair,0,5,False,False,50,1.72,0.0,0.0,0.0,58.0,0.0,11.256434959077067,11.287799434601604,43.66594523493142,44.00000000000001,1.0,2.28,0.9933333333333334,0.9767272727272727,7.102029178867805,-0.0720208486997008,0.014000000000000002,66.17240000000001,0.04200000000000001,0.019999999999999574,1.72,2.14,142.74,1.0,0.0,0.12085476718580512,0.27085476718580515,1.0,37350.0,829.0,0.03377607561929596,1071.66,-0.581369576824078,0.07999999999999999,0.08009583637533342,321.08119212562275,32.10811921256227,0.12787522281974098,2512.4325707387356,0.5613589026511017,0.7521815186488159,0.0,450.7391960034147,-257.6859904523473,-246.9198976032824,-10.766092849064922,0.051461420154916324,0.051461420154916324
multi_load_priority_shift,smith_qr_recovery,Smith-QR recovery,model_based,decentralized,proposed,smith_qr_recovery,proposed_model_based_decentralized,model_based_tuning_optional,distributed_smith_qr_recovery,local_deficit_prices,0,5,False,False,50,1.74,0.0,0.0,0.0,58.0,0.0,11.26408704894334,11.290377506750087,43.865319048124235,44.00000000000001,1.0,2.26,0.9866666666666667,0.9849090909090908,7.165747672901329,-0.13916284875626334,0.0868,66.95920000000001,0.0308,0.019999999999999574,1.68,2.22,156.02,1.0,0.0,0.12722120076396592,0.2772212007639659,1.0,37350.0,846.8,0.0345013037809648,1104.42,-0.5823768322646582,0.08153347188914611,0.08010808980284087,320.7903758651382,32.07903758651382,0.13129566192128295,2510.2248655378476,0.5600443245428454,0.7521815186488159,0.0,445.63556800596416,-263.4380790781841,-246.9198976032824,-16.51818147490173,0.07077178282835633,0.07077178282835633
multi_load_priority_shift,tensor_flow_recovery,Tensor-flow recovery,model_based,decentralized,proposed,tensor_flow_recovery,proposed_model_based_decentralized,model_based_tuning_optional,distributed_tensor_flow_recovery,local_tensor_field,0,7,False,False,50,1.74,0.0,0.0,0.0,58.0,0.0,11.208371060450897,11.265181473308303,42.581691541493804,43.49965437866992,1.0,2.26,0.9733333333333333,0.9924727272727273,7.151291320100256,-0.09119559474829529,0.126,66.7128,0.21000000000000005,0.019999999999999574,1.76,1.98,179.18,1.0,0.0,0.10680675702112546,0.2568067570211255,1.0,37350.0,776.88,0.031652542372881357,1011.22,-0.5752460352133061,0.08000000000000007,0.08011115922970337,321.66353847579774,32.16635384757978,0.14083681431757278,2519.1973111002394,0.5573119256539582,0.7521815186488159,0.0,465.2784899994731,-267.80087391289305,-246.9198976032824,-20.880976309610624,0.08788618900889805,0.08788618900889805
robot_dropout_mid_task,cbba_recovery,CBBA recovery,sota,decentralized,baseline,cbba_recovery_auction,baseline_sota_decentralized,none,distributed_auction_recovery,local_bids_plus_neighbors,0,4,False,False,50,0.92,0.0,0.0,0.0,49.68,0.08,9.843026029147465,9.843026029147465,29.337877039666264,29.337877039666264,0.92,2.08,0.7533333333333333,0.9432941176470588,4.600701074430904,-0.21310189729256973,0.058800000000000005,31.410400000000003,1.1172000000000002,1.227599999999998,1.44,2.48,74.28,0.75,2.0,0.13521998939328717,0.2852199893932872,1.0,21616.0,487.2,0.04496124031007752,628.72,-0.5754883851738551,nan,nan,215.64412503554468,26.955515629443084,0.1917990557787311,1711.2965406618691,0.4975178226179972,0.7303413235676685,0.0,205.67845600657165,-196.26681822822627,-146.6408064918242,-49.62601173640204,0.21381210583760243,0.21381210583760243
robot_dropout_mid_task,cbf_recovery,CBF recovery,sota,centralized,baseline,centralized_cbf_recovery,baseline_sota_centralized,none,centralized_cbf_recovery,global_state_and_obstacles,0,5,False,False,50,1.0,0.0,0.0,0.0,54.0,0.0,7.391826481968355,7.391826481968355,7.4656388493811985,7.4656388493811985,1.0,2.0,1.0,0.9579607843137254,3.965929287727939,-0.21663408119416241,0.0476,27.812400000000004,3.9536000000000007,1.1195999999999986,1.0,4.12,79.74,0.75,2.0,0.22531027047002944,0.37531027047002946,1.0,21616.0,380.74,0.03513658176448874,504.42,-0.5619279154076984,nan,nan,187.31949422396988,23.414936777996235,0.22157691012711453,1480.1170690764332,0.4321693757474388,0.7303413235676685,0.0,201.45094799110666,-179.15537725643492,-146.6408064918242,-32.514570764610696,0.11353033304364088,0.11353033304364088
robot_dropout_mid_task,classic_centralized_replan,Classic centralized replanning,classic,centralized,baseline,periodic_global_replan,baseline_classic_centralized,none,centralized_periodic_replan,global_state,0,2,False,False,50,0.9,0.0,0.0,0.0,48.6,0.1,9.718194668420514,9.718194668420514,29.18879586802208,29.18879586802208,0.9,2.1,0.7066666666666667,0.8858039215686275,4.621257060366698,-0.2511379977382231,0.07840000000000001,30.906399999999998,1.0192,1.9895999999999987,1.52,2.4,63.04,0.75,2.0,0.11054320032431983,0.2605432003243198,1.0,21616.0,534.08,0.0492875599852344,699.18,-0.5742676792097896,nan,nan,220.29274141598498,27.536592676998122,0.18345586379277612,1749.8765007721358,0.508242758896237,0.7469399900123883,0.0,206.87676199246198,-200.63209673778613,-146.6408064918242,-53.991290245961885,0.2363141473117094,0.2363141473117094
robot_dropout_mid_task,classic_decentralized_greedy_recovery,Classic decentralized greedy recovery,classic,decentralized,baseline,local_greedy_recovery,baseline_classic_decentralized,none,local_greedy_recovery,local_load_robot_state,0,2,False,False,50,1.0,0.0,0.0,0.0,54.0,0.0,10.76476839396052,10.76476839396052,32.38485572974687,32.38485572974687,1.0,2.0,0.79,0.8361568627450979,4.933697088877521,-0.25841899672247903,0.0,34.21040000000001,1.2684,2.667999999999999,1.42,2.44,54.46,0.75,2.0,0.1298891288983483,0.27988912889834827,1.0,21616.0,421.6,0.03890734588409007,547.78,-0.5736220774339611,nan,nan,209.82592714559294,26.228240893199118,0.19333064581096804,1667.4139659063433,0.4840945163012018,0.7137426571229487,0.0,207.62464198516682,-195.0362491348667,-146.6408064918242,-48.3954426430425,0.1833142510826638,0.1833142510826638
robot_dropout_mid_task,ours_guarded_wrench_market_recovery,Ours guarded wrench-market recovery,model_based,decentralized,proposed,guarded_wrench_market_recovery,proposed_model_based_decentralized,model_based_tuning_optional,guarded_wrench_market_recovery,local_wrench_prices_and_repair,0,8,False,False,50,1.0,0.08,0.08,0.04,53.42360000000001,0.08,6.339773682522806,6.339773682522806,4.513132711252416,4.513132711252416,0.92,2.0,0.95,0.9825882352941175,3.48833574279129,-0.2633689458117497,0.05040000000000001,25.6144,4.3596,0.6995999999999981,1.02,4.12,108.22,0.75,2.0,0.24014365228094864,0.3901436522809486,1.0,21616.0,289.9,0.02675341454411222,384.68,-0.5536476663806782,nan,nan,179.99006949990402,22.498758687488003,0.2264477885731729,1425.090732842632,0.415259481127501,0.763538656457108,0.0,203.08995798928663,-153.17294172056287,-146.6408064918242,-6.53213522873868,0.06959299504278964,0.06959299504278964
robot_dropout_mid_task,primal_dual_recovery,Primal-dual recovery,model_based,decentralized,proposed,primal_dual_recovery,proposed_model_based_decentralized,model_based_tuning_optional,distributed_primal_dual_recovery,local_dual_prices,0,6,False,False,50,1.0,0.0,0.0,0.0,54.0,0.0,7.423177676401373,7.423177676401373,6.810783742754305,6.810783742754305,1.0,2.0,1.0,0.9804705882352941,3.9464796092780445,-0.21015852434581916,0.06720000000000001,27.7788,4.169200000000001,0.7247999999999988,1.0,4.24,97.1,0.75,2.0,0.2390035557641837,0.3890035557641836,1.0,21616.0,367.0,0.03386858619416759,486.74,-0.5609818322149088,nan,nan,183.30155793362997,22.912694741703746,0.2234059952565601,1452.2911573872086,0.4228994968937567,0.7469399900123883,0.0,199.75991800893098,-181.82239868285356,-146.6408064918242,-35.181592191029374,0.12495608499913184,0.12495608499913184
robot_dropout_mid_task,reference_resilient_oracle,Reference centralized resilient recovery,model_based_reference,centralized,reference,centralized_resilient_recovery,reference_model_based_reference_centralized,none,centralized_resilient_recovery,global_state_and_event_observation,0,10,False,False,50,1.0,0.06,0.06,0.04,53.7336,0.06,6.216851238090319,6.216851238090319,5.358191022240611,5.358191022240611,0.94,2.0,0.98,0.9701176470588235,3.4805608299190665,-0.21554111175891158,0.039200000000000006,25.6452,4.376400000000001,0.9039999999999978,1.0,4.34,78.52,0.75,2.0,0.24466124632106198,0.3946612463210619,1.0,21616.0,293.08,0.027046880767811,380.4,-0.5604079059044164,nan,nan,179.72773216608465,22.46596652076058,0.2293487649143916,1422.712341127389,0.41465423626357656,0.763538656457108,0.0,198.77150199143216,-146.6408064918242,-146.6408064918242,0.0,0.0,0.0
robot_dropout_mid_task,replicator_repair_recovery,Replicator repair recovery,model_based,decentralized,proposed,replicator_integer_repair,proposed_model_based_decentralized,model_based_tuning_optional,distributed_replicator_repair,local_payoff_and_repair,0,5,False,False,50,1.0,0.0,0.0,0.0,54.0,0.0,7.304730132265914,7.304730132265914,8.361295775941933,8.361295775941933,1.0,2.0,1.0,0.963450980392157,3.9679217491639633,-0.19424321834487035,0.0476,27.4876,4.712400000000001,0.9291999999999984,1.0,4.02,77.4,0.75,2.0,0.22893120619736412,0.3789312061973641,1.0,21616.0,364.18,0.03360834256183093,476.76,-0.5633870372476903,nan,nan,184.42569714822045,23.053212143527556,0.2267959740569832,1460.7680749034118,0.42549302590490135,0.7469399900123882,0.0,198.3318719966337,-175.5497656590748,-146.6408064918242,-28.908959167250586,0.10213474080617597,0.10213474080617597
robot_dropout_mid_task,smith_qr_recovery,Smith-QR recovery,model_based,decentralized,proposed,smith_qr_recovery,proposed_model_based_decentralized,model_based_tuning_optional,distributed_smith_qr_recovery,local_deficit_prices,0,5,False,False,50,1.0,0.02,0.02,0.02,53.9112,0.02,7.441765873649278,7.441765873649278,8.596788916775292,8.596788916775292,0.98,2.0,0.99,0.9644705882352941,4.204301104871411,-0.2589869812754567,0.126,27.9188,3.6231999999999998,1.085999999999998,1.0,4.26,82.64,0.75,2.0,0.23151026402636332,0.38151026402636334,1.0,21616.0,384.56,0.0354891103728313,499.86,-0.5623057030740057,nan,nan,182.6946779212336,22.8368347401542,0.22733748551904578,1447.5203264692204,0.4214993492091952,0.7469399900123882,0.0,199.39443400362507,-171.11114847077562,-146.6408064918242,-24.47034197895141,0.11350434270077417,0.11350434270077417
robot_dropout_mid_task,tensor_flow_recovery,Tensor-flow recovery,model_based,decentralized,proposed,tensor_flow_recovery,proposed_model_based_decentralized,model_based_tuning_optional,distributed_tensor_flow_recovery,local_tensor_field,0,7,False,False,50,1.0,0.04,0.04,0.04,53.7468,0.04,7.264138653249807,7.264138653249807,8.909903304778481,8.909903304778481,0.96,2.0,0.98,0.9800784313725492,3.8308093555309686,-0.22410367112181626,0.0308,27.459600000000005,3.950800000000001,0.7359999999999985,1.0,4.16,97.52,0.75,2.0,0.241540563746314,0.391540563746314,1.0,21616.0,306.6,0.028294573643410856,406.1,-0.5600053730932597,nan,nan,180.496947744149,22.562118468018625,0.22662380824175993,1427.6982484563878,0.4164289122927026,0.7469399900123882,0.0,199.59466199856251,-158.91320801040408,-146.6408064918242,-12.272401518579851,0.05957697282903219,0.05957697282903219
ALL_SCENARIOS,cbba_recovery,CBBA recovery,sota,decentralized,baseline,cbba_recovery_auction,baseline_sota_decentralized,none,distributed_auction_recovery,local_bids_plus_neighbors,0,4,False,False,400,1.175,0.005,0.0025,0.0,53.90473786442563,0.0225,9.610940175510816,10.034496023328135,31.07500169249892,33.04079722344195,0.9775,1.9725,0.6416666666666667,0.8253068371037041,19.12481124355215,-0.24259510451425825,5.4089,40.8156,1.72445,0.9134377717561716,1.71,0.9525,84.39,0.9436319444444444,0.45,0.14195970857768975,0.29195970857768977,0.9189494528850605,22002.415,665.3125,0.04788450329609781,847.305,-0.5724788803146855,-0.2254191862761515,-0.16146808620961273,233.32040506041056,28.021960747168265,0.17613022543514345,1841.8097541772713,0.5083856304890637,0.7265688545284792,0.0,330.76351125520887,-229.5629985043294,-120.77498353034512,-108.78801497398425,0.3306710813674961,0.3306710813674961
ALL_SCENARIOS,cbf_recovery,CBF recovery,sota,centralized,baseline,centralized_cbf_recovery,baseline_sota_centralized,none,centralized_cbf_recovery,global_state_and_obstacles,0,5,False,False,400,1.2625,0.16,0.14541666666666667,0.065,52.68366677989849,0.14541666666666667,8.12412506058289,8.687557505192984,23.216739508780122,26.115795596722442,0.8545833333333335,1.885,0.89875,0.976229354003015,4.431429891197926,-0.114786539339552,0.06720000000000001,38.012100000000004,3.61235,0.37327094229697494,1.2825,2.675,94.9025,0.9445069444444445,0.4425,0.16528992144766186,0.3152899214476618,1.0,23809.48,473.445,0.031039008417620355,620.66,-0.5631951102787397,-0.22506817239734175,-0.1647243456390298,220.87460705254242,26.71191537663925,0.19700130378941882,1738.1095032901026,0.4852465798299317,0.7265688545284793,0.0,319.2504932443262,-151.23304749467576,-120.77498353034512,-30.458063964330623,0.12744600793108926,0.12744600793108926
ALL_SCENARIOS,classic_centralized_replan,Classic centralized replanning,classic,centralized,baseline,periodic_global_replan,baseline_classic_centralized,none,centralized_periodic_replan,global_state,0,2,False,False,400,1.1525,0.01,0.005,0.0025,53.47743362971277,0.0325,9.524178345453624,9.903577421404885,31.92825072216395,33.708544471190514,0.9675,1.995,0.64125,0.8027613221333364,18.645087930126202,-0.25595341512573594,5.323150000000001,40.412400000000005,1.3349000000000002,1.0254448185200185,1.68,0.84,70.0875,0.9243958333333333,0.6025,0.12543189713199748,0.27543189713199745,1.0,23809.48,682.6225,0.049002614283740836,913.2375,-0.5760972064538233,-0.2245383188733183,-0.16567346400902433,237.53179407034003,28.563735309691197,0.17363427550662347,1875.6553748082233,0.5194217894495694,0.7430817830404902,0.0,332.0454622467514,-228.19653618990088,-120.77498353034512,-107.42155265955574,0.32474020563251704,0.32474020563251704
ALL_SCENARIOS,classic_decentralized_greedy_recovery,Classic decentralized greedy recovery,classic,decentralized,baseline,local_greedy_recovery,baseline_classic_decentralized,none,local_greedy_recovery,local_load_robot_state,0,2,False,False,400,1.2725,0.0075,0.00625,0.0,54.68646441358584,0.01125,9.432495308654238,10.076002512608285,29.543921785775865,32.84032291801182,0.98875,1.875,0.6583333333333334,0.7891157603033057,18.12803642027815,-0.26027267635986745,5.048050000000001,43.80915000000001,2.2270499999999998,1.1758789414332427,1.7625,0.8825,58.06,0.9263402777777778,0.5875,0.13827972637372615,0.2882797263737262,0.9012358316852587,21597.265,569.15,0.041749429058871225,731.11,-0.5722220193056498,-0.2258423429154355,-0.1653167345763174,226.54020825581244,27.263794904049973,0.1786272279035981,1788.957598210595,0.49649678217522847,0.7100559260164683,0.0,329.98521649627946,-212.84268966642375,-120.77498353034512,-92.06770613607858,0.2690372886374451,0.2690372886374451
ALL_SCENARIOS,ours_guarded_wrench_market_recovery,Ours guarded wrench-market recovery,model_based,decentralized,proposed,guarded_wrench_market_recovery,proposed_model_based_decentralized,model_based_tuning_optional,guarded_wrench_market_recovery,local_wrench_prices_and_repair,0,8,False,False,400,1.215,0.1975,0.18041666666666664,0.0875,52.48327265270264,0.18041666666666664,7.261586647853103,7.6668033644840605,17.86225492767179,20.087135818889823,0.8195833333333334,1.9325,0.8833333333333334,0.993100966852046,4.0819328290183465,-0.09395611706353389,0.09660000000000002,33.899950000000004,4.112150000000001,0.26582094229697484,1.24,2.81,136.95,0.9441944444444446,0.445,0.15114896932870076,0.3011489693287007,0.9093686956167986,21782.315,474.2325,0.031919574961556355,622.905,-0.5576482285007747,-0.22372184601633005,-0.16423813814373078,223.04908077960528,26.990293600342294,0.1944020313349079,1758.3360996415497,0.4897742542890759,0.759594711552501,0.0,327.1517110001878,-153.48898242589166,-120.77498353034512,-32.71399889554654,0.15665468319429698,0.15665468319429698
ALL_SCENARIOS,primal_dual_recovery,Primal-dual recovery,model_based,decentralized,proposed,primal_dual_recovery,proposed_model_based_decentralized,model_based_tuning_optional,distributed_primal_dual_recovery,local_dual_prices,0,6,False,False,400,1.2225,0.1825,0.16666666666666663,0.07,52.507014825968675,0.16666666666666663,7.726683079355091,8.166971857306038,20.10311634354481,22.258515507833263,0.8333333333333335,1.925,0.9033333333333334,0.9877713338678666,4.307895809475916,-0.11273664543920306,0.1274,35.14105000000001,4.0075,0.3008209422969751,1.2275,2.865,118.235,0.9445069444444445,0.4425,0.16022644889404195,0.31022644889404194,0.9107171177462908,21807.35,552.6675,0.03667967135229022,722.1,-0.5656760198668371,-0.22377958955927837,-0.1638961585356071,222.4282986437066,26.908690432243056,0.19767959448385333,1752.3153899798574,0.48860600497111273,0.7430817830404902,0.0,324.3706392479362,-158.67688145546464,-120.77498353034512,-37.90189792511951,0.1720316132299808,0.1720316132299808
ALL_SCENARIOS,reference_resilient_oracle,Reference centralized resilient recovery,model_based_reference,centralized,reference,centralized_resilient_recovery,reference_model_based_reference_centralized,none,centralized_resilient_recovery,global_state_and_event_observation,0,10,False,False,400,1.305,0.2275,0.19416666666666668,0.115,52.59132439762973,0.19416666666666668,6.889026388248926,7.605139981750048,16.444973809014815,19.362652021441054,0.8058333333333334,1.8425,0.8720833333333334,0.9857556283364013,3.9219255804345234,-0.09139031368904664,0.084,35.749700000000004,5.07605,0.34667094229697476,1.3125,2.7275,91.5225,0.9441944444444446,0.445,0.16935610697183492,0.3193561069718349,1.0,23809.48,372.1025,0.024578206513517227,488.17,-0.5569552072238737,-0.22139480315155488,-0.1762923107545625,215.45983937966832,26.060936068642626,0.20484831551098126,1697.7663392898744,0.472692580088237,0.759594711552501,0.0,322.15281025040895,-120.77498353034512,-120.77498353034512,0.0,0.0,0.0
ALL_SCENARIOS,replicator_repair_recovery,Replicator repair recovery,model_based,decentralized,proposed,replicator_integer_repair,proposed_model_based_decentralized,model_based_tuning_optional,distributed_replicator_repair,local_payoff_and_repair,0,5,False,False,400,1.245,0.1625,0.14916666666666667,0.0675,52.50482840610729,0.14916666666666667,7.942493509619787,8.462128777192989,22.016423689262474,24.76663560046191,0.8508333333333334,1.9025,0.9095833333333334,0.9742565957860414,4.5657850470009596,-0.10421407954464092,0.21665000000000004,36.72655,3.7044000000000006,0.424720942296975,1.255,2.785,94.3,0.9445069444444445,0.4425,0.15798262820768516,0.3079826282076852,0.9076217567446292,21742.33,525.105,0.03449237108329927,685.575,-0.5652498978261166,-0.2253500837608117,-0.16785777935012236,222.5819355345123,26.91601960228216,0.19744095879404233,1752.5360225656434,0.4889031413151774,0.7430817830404902,0.0,320.20231300237356,-152.23506173680914,-120.77498353034512,-31.460078206464036,0.1344337039274951,0.1344337039274951
ALL_SCENARIOS,smith_qr_recovery,Smith-QR recovery,model_based,decentralized,proposed,smith_qr_recovery,proposed_model_based_decentralized,model_based_tuning_optional,distributed_smith_qr_recovery,local_deficit_prices,0,5,False,False,400,1.225,0.17,0.15541666666666665,0.0675,52.50408881739173,0.15541666666666665,7.942785949376632,8.35398063750344,21.007886648132757,23.08794628319888,0.8445833333333335,1.9225,0.9004166666666665,0.9805835916952802,4.551343996667608,-0.11704886446375637,0.22610000000000002,35.8547,3.6417500000000005,0.43767094229697484,1.2425,2.88,102.295,0.9445069444444445,0.4425,0.15976505518697853,0.3097650551869785,0.9075892460947307,21742.615,539.3325,0.03553768486594215,701.5675,-0.565309337317236,-0.22438673656593416,-0.17332842219924446,222.24086594956745,26.878071796478697,0.19727515384190503,1751.0832774468252,0.48814782911403576,0.7430817830404902,0.0,320.05530850292416,-154.9770742545678,-120.77498353034512,-34.20209072422268,0.15185541054436172,0.15185541054436172
ALL_SCENARIOS,tensor_flow_recovery,Tensor-flow recovery,model_based,decentralized,proposed,tensor_flow_recovery,proposed_model_based_decentralized,model_based_tuning_optional,distributed_tensor_flow_recovery,local_tensor_field,0,7,False,False,400,1.245,0.175,0.15916666666666665,0.0825,52.536668378787944,0.15916666666666665,7.717845238393623,8.205313339775005,19.680732031460465,22.134840506113186,0.8408333333333334,1.9025,0.9,0.9906161605724523,4.29847789579947,-0.09918573332366763,0.14,36.1144,3.8769500000000003,0.3057209422969749,1.2575,2.75,121.46,0.9438819444444445,0.4475,0.15363106231513252,0.3036310623151325,0.9098281668909752,21792.005,494.6075,0.03281259783537564,649.1375,-0.5607669270566566,-0.22329273811654726,-0.16591179251177782,221.44631161019194,26.779588963655115,0.19836429415955853,1745.3860946437312,0.4858369906524127,0.7430817830404902,0.0,326.7544954959885,-153.9259376540889,-120.77498353034512,-33.150954123743766,0.1433918173567546,0.1433918173567546
