scenario_generator,method,method_label,method_family,method_scope,method_ownership,method_variant,method_comparison_group,method_training_type,method_execution_model,method_communication_pattern,method_trainable_parameters,method_training_parameters,method_tuned_parameters,method_training_episodes,method_train_seed_count,method_validation_seed_count,method_test_seed_count,method_tuning_type,method_tuning_seed_count,method_tuning_validation_seed_count,method_tuning_artifact,method_uses_neural_policy,method_uses_decoder,method_checkpoint_version,method_rollout_action_mode,n,capacity_success_rate_mean,served_load_rate_mean,capacity_satisfaction_ratio_mean,demand_satisfaction_ratio_mean,coalition_success_rate_mean,under_capacity_kg_mean,over_capacity_kg_mean,capacity_waste_ratio_mean,mean_capacity_margin_kg_mean,nominal_payload_assigned_kg_mean,effective_capacity_assigned_kg_mean,incomplete_capacity_kg_mean,incomplete_capacity_ratio_mean,served_capacity_alignment_mean,robots_underassigned_mean,robots_overassigned_mean,travel_distance_m_mean,estimated_arrival_time_s_mean,energy_proxy_wh_mean,score_value_mean,oracle_score_value_mean,signed_score_delta_vs_oracle_mean,oracle_dominance_violation_mean,optimality_gap_vs_oracle_mean,capacity_oracle_satisfaction_ratio_mean,capacity_oracle_success_rate_mean,effective_feasibility_ratio_mean,capacity_gap_vs_capacity_oracle_mean,signed_capacity_delta_vs_capacity_oracle_mean,priority_regret_mean,communication_messages_mean,communication_coverage_ratio_mean,runtime_ms_mean,captured_reward_mean,oracle_reward_mean
balanced_capacity,capacity_oracle_reference,Pure capacity oracle reference,model_based_oracle,centralized,reference,exact_capacity_coverage_replay,centralized_capacity_ceiling_reference,none,centralized_exact_capacity_ceiling_replay,centralized_all_robot_load_pairs,0,0,2,0,0,0,0,,0,0,,False,False,,supervised_or_static,640,0.16848958333333333,0.16848958333333333,0.5049633105748023,0.5049633105748023,0.16848958333333333,198.31906426511506,1.1724519568705318,0.0057303248702383815,-57.6549270328346,430.30484344975946,200.94714983171525,159.27439430259284,0.7981566509971791,0.19896431673763942,3.0140625,3.08125,63.42963399192985,21.160841736538217,384.21287107652097,226.3916874259246,239.98060503580714,-13.588917609882557,0.0,0.05822593473645341,0.5049633105748023,0.16848958333333333,0.5049633105748023,0.0,0.0,3.395822042349536,31.5,1.0,13.067387502087513,1.7179550220123772,5.113777064361914
balanced_capacity,oracle_reference,Oracle reference,model_based_oracle,centralized,reference,exact_capacity_reference_replay,centralized_oracle_reference,none,centralized_exact_reference_replay,centralized_all_robot_load_pairs,0,0,3,0,0,0,0,,0,0,,False,False,,supervised_or_static,640,0.4549479166666666,0.4549479166666666,0.4910742272394888,0.4910742272394888,0.4549479166666666,203.7188386746123,4.110572289843773,0.0205752844561523,-58.359981287095636,430.30484344975946,198.48549575519127,64.0336725621224,0.32775954312742,0.6670909452603728,3.3125,3.3796875,66.29361651913112,22.184073388403686,401.3430468309057,239.98060503580714,239.98060503580714,0.0,0.0,0.0,0.5049633105748023,0.16848958333333333,0.5049633105748023,0.027286156152464297,-0.013889083335313529,0.0,31.5,1.0,45.87653968756058,5.113777064361914,5.113777064361914
balanced_capacity,replicator_capacity_marginal,Replicator capacity marginal payoff,model_based,decentralized,baseline,population_game_marginal_capacity_payoff,sp2_plain_vs_marginal_ablation,none,distributed_marginal_capacity_payoff_rule,local_effective_capacity_marginal_scores,0,0,4,0,0,0,0,,0,0,,False,False,,supervised_or_static,640,0.09036458333333333,0.09036458333333333,0.5047685959347655,0.5047685959347655,0.09036458333333333,198.1607721293665,2.8905717046363213,0.014759962390392478,-57.10370188369268,430.30484344975946,202.8235617152296,180.68809803387836,0.8888380604239303,0.10214896523150876,1.6640625,1.73125,61.884529296458695,22.261925855810482,375.72287259667183,201.7188386001275,239.98060503580714,-38.26176643567966,0.0,0.16024647313726365,0.5049633105748023,0.16848958333333333,0.5049633105748023,0.019088524586303366,-0.000194714640036793,4.245835646769204,31.5,1.0,0.42722515390778426,0.8682820562567348,5.113777064361914
balanced_capacity,replicator_capacity_plain,Replicator capacity plain payoff,model_based,decentralized,baseline,population_game_plain_payoff,sp2_plain_vs_marginal_ablation,none,distributed_plain_capacity_payoff_rule,local_deficit_pressure_scores,0,0,4,0,0,0,0,,0,0,,False,False,,supervised_or_static,640,0.001171875,0.001171875,0.47381986216001815,0.47381986216001815,0.001171875,210.84770835669224,0.049624820341001116,0.0003031645884078926,-61.60512314209025,430.30484344975946,187.2956786036085,187.11012730638313,0.9988194774703963,0.001013956457677466,1.365625,1.4328125,77.24215993030778,24.414858617558878,467.8481996075037,150.78354844499341,239.98060503580714,-89.19705659081373,0.0,0.3649933151733024,0.5049633105748023,0.16848958333333333,0.5049633105748023,0.06667670374512097,-0.03114344841478415,5.10402158637171,31.5,1.0,0.4406551524880342,0.009755477990204991,5.113777064361914
balanced_capacity,smith_capacity_marginal,Smith-QR capacity marginal payoff,model_based,decentralized,proposed,smith_qr_marginal_capacity_payoff,sp2_plain_vs_marginal_ablation,none,distributed_smith_qr_marginal_payoff_rule,local_effective_capacity_marginal_scores,0,0,4,0,0,0,0,,0,0,,False,False,,supervised_or_static,640,0.06848958333333333,0.06848958333333333,0.5064273859286214,0.5064273859286214,0.06848958333333333,197.59213568397482,2.017352312505289,0.010110210797800164,-57.184146281374844,430.30484344975946,202.51897876849026,186.82970974886447,0.9216017034543436,0.07211469037588991,1.39375,1.4609375,61.16362593020627,21.36305349230832,370.8241377863769,200.1736993649526,239.98060503580714,-39.80690567085455,0.0,0.16643320077258367,0.5049633105748023,0.16848958333333333,0.5049633105748023,0.016450353346285217,0.0014640753538190852,4.4706925931728865,31.5,1.0,0.44606828050746117,0.6430844711890273,5.113777064361914
balanced_capacity,smith_capacity_plain,Smith-QR capacity plain payoff,model_based,decentralized,proposed,smith_qr_plain_payoff,sp2_plain_vs_marginal_ablation,none,distributed_smith_qr_plain_payoff_rule,local_deficit_pressure_scores,0,0,4,0,0,0,0,,0,0,,False,False,,supervised_or_static,640,0.001171875,0.001171875,0.4686808340530346,0.4686808340530346,0.001171875,212.8109247233495,0.01206505343241043,6.967610858159448e-05,-62.18391006504196,430.30484344975946,185.2949024700427,185.12870108125986,0.9989259293677275,0.0010152353963514254,1.38125,1.4484375,79.641895411816,24.775940051730764,482.5601846028646,148.65322282544304,239.98060503580714,-91.3273822103641,0.0,0.37417232029483793,0.5049633105748023,0.16848958333333333,0.5049633105748023,0.07566725066906141,-0.03628247652176762,5.10402158637171,31.5,1.0,0.43165625120309414,0.009755477990204991,5.113777064361914
battery_constrained,capacity_oracle_reference,Pure capacity oracle reference,model_based_oracle,centralized,reference,exact_capacity_coverage_replay,centralized_capacity_ceiling_reference,none,centralized_exact_capacity_ceiling_replay,centralized_all_robot_load_pairs,0,0,2,0,0,0,0,,0,0,,False,False,,supervised_or_static,240,0.134375,0.134375,0.4015636813793924,0.4015636813793924,0.134375,233.29556828700032,1.0414467246690284,0.0061393661467401385,-58.06353039058283,382.9263855296774,150.90743150617575,120.08757517201136,0.7998878805572072,0.19744046119332517,4.016666666666667,3.05,57.2959487217196,21.287204751757606,347.24278864417977,217.10455090414507,228.4307685261226,-11.326217621977577,0.0,0.05054447711407929,0.4015636813793924,0.134375,0.4015636813793924,0.0,0.0,2.9685041080647787,32.0,0.6557291666666667,10.545902086111406,1.3979042505712442,4.366408358636024
battery_constrained,oracle_reference,Oracle reference,model_based_oracle,centralized,reference,exact_capacity_reference_replay,centralized_oracle_reference,none,centralized_exact_reference_replay,centralized_all_robot_load_pairs,0,0,3,0,0,0,0,,0,0,,False,False,,supervised_or_static,240,0.390625,0.390625,0.3883858300775225,0.3883858300775225,0.390625,238.09884269355328,3.5042740178191667,0.02231048896541665,-58.64864216893352,382.9263855296774,148.56698439277298,45.587947685254036,0.31210228093191966,0.6823032786380947,4.166666666666667,3.2,59.80266300285328,21.948583999073755,362.149867447646,228.4307685261226,228.4307685261226,0.0,0.0,0.0,0.4015636813793924,0.134375,0.4015636813793924,0.03257671761330963,-0.013177851301869967,0.0,32.0,0.640625,38.80415417176361,4.366408358636024,4.366408358636024
battery_constrained,replicator_capacity_marginal,Replicator capacity marginal payoff,model_based,decentralized,baseline,population_game_marginal_capacity_payoff,sp2_plain_vs_marginal_ablation,none,distributed_marginal_capacity_payoff_rule,local_effective_capacity_marginal_scores,0,0,4,0,0,0,0,,0,0,,False,False,,supervised_or_static,240,0.07395833333333333,0.07395833333333333,0.40924065077201893,0.40924065077201893,0.07395833333333333,230.058345286186,2.224071786922131,0.014157347753406215,-56.95856837481597,382.9263855296774,155.32727956924316,138.40155601191105,0.8926683547476912,0.09929943140870892,2.5125,1.5458333333333334,52.600509583671354,21.422037871182578,317.1502486979131,191.98379863782526,228.4307685261226,-36.446969888297374,0.0,0.16251632859110401,0.4015636813793924,0.134375,0.4015636813793924,0.014160233048280717,0.00767696939262655,3.640802325999124,16.6875,0.7041666666666667,0.4009891670042028,0.7296855015913265,4.366408358636024
battery_constrained,replicator_capacity_plain,Replicator capacity plain payoff,model_based,decentralized,baseline,population_game_plain_payoff,sp2_plain_vs_marginal_ablation,none,distributed_plain_capacity_payoff_rule,local_deficit_pressure_scores,0,0,4,0,0,0,0,,0,0,,False,False,,supervised_or_static,240,0.0,0.0,0.3804174552045069,0.3804174552045069,0.0,241.31898665509598,0.0,0.0,-60.329746663773996,382.9263855296774,141.84256641341108,141.84256641341108,1.0,0.0,2.2125,1.2458333333333333,67.52077395124527,23.88907532197653,408.8680236562544,132.162789945613,228.4307685261226,-96.2679785805096,0.0,0.4149504186912258,0.4015636813793924,0.134375,0.4015636813793924,0.0648771378613589,-0.021146226174885475,4.366408358636024,16.6875,0.5848958333333333,0.39034333458403125,0.0,4.366408358636024
battery_constrained,smith_capacity_marginal,Smith-QR capacity marginal payoff,model_based,decentralized,proposed,smith_qr_marginal_capacity_payoff,sp2_plain_vs_marginal_ablation,none,distributed_smith_qr_marginal_payoff_rule,local_effective_capacity_marginal_scores,0,0,4,0,0,0,0,,0,0,,False,False,,supervised_or_static,240,0.05625,0.05625,0.4092886580522183,0.4092886580522183,0.05625,230.03845919240558,1.8064382441208506,0.011245313835952368,-57.05800523707118,382.9263855296774,154.92953212022238,142.59567216875604,0.9224136830438923,0.0703876000870125,2.316666666666667,1.35,51.34848490067778,20.40530168634768,310.55936769830026,190.65074451174348,228.4307685261226,-37.780024014379144,0.0,0.16723120184251308,0.4015636813793924,0.134375,0.4015636813793924,0.014182631823462638,0.0077249766728259206,3.8237323969655717,16.6875,0.7067708333333333,0.3785225038882345,0.5426759616704515,4.366408358636024
battery_constrained,smith_capacity_plain,Smith-QR capacity plain payoff,model_based,decentralized,proposed,smith_qr_plain_payoff,sp2_plain_vs_marginal_ablation,none,distributed_smith_qr_plain_payoff_rule,local_deficit_pressure_scores,0,0,4,0,0,0,0,,0,0,,False,False,,supervised_or_static,240,0.0010416666666666667,0.0010416666666666667,0.37463161775808373,0.37463161775808373,0.0010416666666666667,243.4050607345759,0.014932951746957102,0.0001188053499667968,-60.84753194570724,382.9263855296774,139.7714252856781,139.62087304590284,0.998802218621082,0.001110644140750513,2.225,1.2583333333333333,70.17011616749325,24.3703110401912,425.84977927631445,129.83413728469756,228.4307685261226,-98.59663124142506,0.0,0.42527108116472323,0.4015636813793924,0.134375,0.4015636813793924,0.07730519469196805,-0.02693206362130868,4.357246009993012,16.6875,0.5692708333333333,0.3795437524483229,0.009162348643011305,4.366408358636024
heavy_capacity,capacity_oracle_reference,Pure capacity oracle reference,model_based_oracle,centralized,reference,exact_capacity_coverage_replay,centralized_capacity_ceiling_reference,none,centralized_exact_capacity_ceiling_replay,centralized_all_robot_load_pairs,0,0,2,0,0,0,0,,0,0,,False,False,,supervised_or_static,320,0.18703124999999998,0.18703124999999998,0.3740869455949615,0.3740869455949615,0.18703124999999998,348.73036572901526,2.1280811226658445,0.009937861352070431,-78.09707776030348,444.55286489761,208.7740666824049,153.88089480189456,0.7370611930573078,0.2587193244410063,5.7125,3.196875,61.984073504238154,20.808495114207886,376.00566723404876,258.18489969661493,272.4363212532254,-14.251421556610405,0.0,0.05461426129808537,0.3740869455949615,0.18703124999999998,0.3740869455949615,0.0,0.0,3.614351106849989,40.5,1.0,17.628962184971897,2.352295847518509,5.966646954368498
heavy_capacity,oracle_reference,Oracle reference,model_based_oracle,centralized,reference,exact_capacity_reference_replay,centralized_oracle_reference,none,centralized_exact_reference_replay,centralized_all_robot_load_pairs,0,0,3,0,0,0,0,,0,0,,False,False,,supervised_or_static,320,0.4325,0.4325,0.3629417313530342,0.3629417313530342,0.4325,354.86239796695645,5.609299223780819,0.026535130110048443,-78.69687424324309,444.55286489761,206.12325254557874,54.902205887185744,0.27047313466591577,0.7242260653285942,5.9875,3.471875,65.00961805904787,21.81731187023524,394.24521406851784,272.4363212532254,272.4363212532254,0.0,0.0,0.0,0.3740869455949615,0.18703124999999998,0.3740869455949615,0.02931994328418928,-0.011145214241927295,0.0,40.5,1.0,68.82615656031703,5.966646954368498,5.966646954368498
heavy_capacity,replicator_capacity_marginal,Replicator capacity marginal payoff,model_based,decentralized,baseline,population_game_marginal_capacity_payoff,sp2_plain_vs_marginal_ablation,none,distributed_marginal_capacity_payoff_rule,local_effective_capacity_marginal_scores,0,0,4,0,0,0,0,,0,0,,False,False,,supervised_or_static,320,0.08421875000000001,0.08421875000000001,0.38267590864602774,0.38267590864602774,0.08421875000000001,343.69130607731665,4.272288005031376,0.01970503891870279,-76.46752767992295,444.55286489761,215.95733321646904,193.17587619496808,0.8929448854840899,0.09534223652318614,3.746875,1.23125,55.339719294769296,20.41578945686255,335.66587107720204,219.99661793439674,272.4363212532254,-52.43970331882863,0.0,0.19440836209035167,0.3740869455949615,0.18703124999999998,0.3740869455949615,0.015393371776630166,0.008588963051066184,5.022380839493626,40.5,1.0,0.41648843907751143,0.9442661148748727,5.966646954368498
heavy_capacity,replicator_capacity_plain,Replicator capacity plain payoff,model_based,decentralized,baseline,population_game_plain_payoff,sp2_plain_vs_marginal_ablation,none,distributed_plain_capacity_payoff_rule,local_deficit_pressure_scores,0,0,4,0,0,0,0,,0,0,,False,False,,supervised_or_static,320,0.0,0.0,0.3487183885606664,0.3487183885606664,0.0,362.96112583242564,0.0,0.0,-81.73829117329022,444.55286489761,192.41522545632867,192.41522545632867,1.0,0.0,3.778125,1.2625,78.1857688347638,24.344201029641916,475.37569668065936,119.36772686255847,272.4363212532254,-153.06859439066687,0.0,0.5437545507705492,0.3740869455949615,0.18703124999999998,0.3740869455949615,0.07745253555211418,-0.0253685570342951,5.966646954368498,40.5,1.0,0.4300440603401512,0.0,5.966646954368498
heavy_capacity,smith_capacity_marginal,Smith-QR capacity marginal payoff,model_based,decentralized,proposed,smith_qr_marginal_capacity_payoff,sp2_plain_vs_marginal_ablation,none,distributed_smith_qr_marginal_payoff_rule,local_effective_capacity_marginal_scores,0,0,4,0,0,0,0,,0,0,,False,False,,supervised_or_static,320,0.06859375,0.06859375,0.381771299436218,0.381771299436218,0.06859375,344.0859892449868,3.721830936442879,0.016908179178174415,-76.67513497925246,444.55286489761,215.01219298021041,197.15910386632896,0.9170862826707946,0.07198619818295929,3.640625,1.125,54.92308736121346,19.784406531117046,333.4175017891861,218.5220198680184,272.4363212532254,-53.914301385206954,0.0,0.19948433801336718,0.3740869455949615,0.18703124999999998,0.3740869455949615,0.014623238877188393,0.007684353841256477,5.2089013025446,40.5,1.0,0.42146124578721356,0.7577456518238984,5.966646954368498
heavy_capacity,smith_capacity_plain,Smith-QR capacity plain payoff,model_based,decentralized,proposed,smith_qr_plain_payoff,sp2_plain_vs_marginal_ablation,none,distributed_smith_qr_plain_payoff_rule,local_deficit_pressure_scores,0,0,4,0,0,0,0,,0,0,,False,False,,supervised_or_static,320,0.0,0.0,0.34437802967083114,0.34437802967083114,0.0,365.24387185019185,0.0,0.0,-82.24964604430684,444.55286489761,190.13247943856248,190.13247943856248,1.0,0.0,3.778125,1.2625,80.4838802706969,24.996467836319095,489.25683330452574,117.35565027329065,272.4363212532254,-155.08067097993472,0.0,0.5513414602850004,0.3740869455949615,0.18703124999999998,0.3740869455949615,0.08734976042347203,-0.02970891592413033,5.966646954368498,40.5,1.0,0.41307750179839786,0.0,5.966646954368498
light_mixed,capacity_oracle_reference,Pure capacity oracle reference,model_based_oracle,centralized,reference,exact_capacity_coverage_replay,centralized_capacity_ceiling_reference,none,centralized_exact_capacity_ceiling_replay,centralized_all_robot_load_pairs,0,0,2,0,0,0,0,,0,0,,False,False,,supervised_or_static,320,0.4458333333333333,0.4458333333333333,0.8160252621450507,0.8160252621450507,0.4458333333333333,36.36907382615276,5.803688322138936,0.03687375738236717,-9.059707005313303,323.3608944465971,148.79497763004096,79.80916620716029,0.5504189234839714,0.44018573598409294,0.3875,2.2625,50.636465841564565,21.18513745971726,304.31183461052854,319.08381801458575,325.06302802849115,-5.979210013905435,0.0,0.020654190959534163,0.8160252621450507,0.4458333333333333,0.8160252621450507,0.0,0.0,1.9311470336737049,24.5,1.0,9.864860936067998,3.5459366429390533,5.477083676612758
light_mixed,oracle_reference,Oracle reference,model_based_oracle,centralized,reference,exact_capacity_reference_replay,centralized_oracle_reference,none,centralized_exact_reference_replay,centralized_all_robot_load_pairs,0,0,3,0,0,0,0,,0,0,,False,False,,supervised_or_static,320,0.6716145833333333,0.6716145833333333,0.7951058275771054,0.7951058275771054,0.6716145833333333,40.30102263739319,8.825780936554498,0.057732137134635916,-9.32998683832518,323.3784227232239,147.88512143321609,37.16750904963836,0.2599323721898471,0.7288672718444957,0.56875,2.44375,52.02988700067508,21.887759843946338,311.7383979405364,325.06302802849115,325.06302802849115,0.0,0.0,0.0,0.8160252621450507,0.4458333333333333,0.8160252621450507,0.027725148952363922,-0.02091943456794541,0.0,24.5,1.0,31.325104061397724,5.477083676612758,5.477083676612758
light_mixed,replicator_capacity_marginal,Replicator capacity marginal payoff,model_based,decentralized,baseline,population_game_marginal_capacity_payoff,sp2_plain_vs_marginal_ablation,none,distributed_marginal_capacity_payoff_rule,local_effective_capacity_marginal_scores,0,0,4,0,0,0,0,,0,0,,False,False,,supervised_or_static,320,0.4114583333333333,0.4114583333333333,0.7640030036896123,0.7640030036896123,0.4114583333333333,44.8950785681281,13.846767376019292,0.09094570627833357,-9.156901972696584,326.46439082350463,148.31205194194598,78.25365293511443,0.5433642193047911,0.4161251761574345,0.31875,2.271875,53.2006839118488,22.51609107230924,319.16884269653735,297.34998187987543,325.06302802849115,-27.713046148615717,0.0,0.08597924542169184,0.8160252621450507,0.4458333333333333,0.8160252621450507,0.06369527750484483,-0.05202225845543852,2.3242642817154238,24.5,1.0,0.3261468773416709,3.208732282890195,5.477083676612758
light_mixed,replicator_capacity_plain,Replicator capacity plain payoff,model_based,decentralized,baseline,population_game_plain_payoff,sp2_plain_vs_marginal_ablation,none,distributed_plain_capacity_payoff_rule,local_deficit_pressure_scores,0,0,4,0,0,0,0,,0,0,,False,False,,supervised_or_static,320,0.24296875,0.24296875,0.7727848740556429,0.7727848740556429,0.24296875,43.98544283887078,6.929605437735255,0.04508498234244101,-10.989827302141142,326.2010305647007,142.30452573291925,102.19640934400063,0.7412552218140863,0.23798103794198971,0.11875,2.0625,59.595691692814874,24.137694316510732,358.48464550530906,279.74944426714467,325.06302802849115,-45.31358376134655,0.0,0.14819456168744494,0.8160252621450507,0.4458333333333333,0.8160252621450507,0.05475495362155238,-0.04324038808940794,3.577010487247448,24.5,1.0,0.3324568755488144,1.9236683912715002,5.477083676612758
light_mixed,smith_capacity_marginal,Smith-QR capacity marginal payoff,model_based,decentralized,proposed,smith_qr_marginal_capacity_payoff,sp2_plain_vs_marginal_ablation,none,distributed_smith_qr_marginal_payoff_rule,local_effective_capacity_marginal_scores,0,0,4,0,0,0,0,,0,0,,False,False,,supervised_or_static,320,0.3848958333333333,0.3848958333333333,0.7650432806295907,0.7650432806295907,0.3848958333333333,44.690486818411024,13.018347085991332,0.08572592121623321,-9.334888313307783,326.46439082350463,147.6882234016351,83.7001466166673,0.5834146648743272,0.37558002021859516,0.2625,2.215625,53.510836871813716,22.30253247921467,320.8518168798988,296.3002926088452,325.06302802849115,-28.762735419645946,0.0,0.08908965982629556,0.8160252621450507,0.4458333333333333,0.8160252621450507,0.062358505363758886,-0.05098198151546016,2.561146901246985,24.5,1.0,0.3216081251594005,2.9628390143546985,5.477083676612758
light_mixed,smith_capacity_plain,Smith-QR capacity plain payoff,model_based,decentralized,proposed,smith_qr_plain_payoff,sp2_plain_vs_marginal_ablation,none,distributed_smith_qr_plain_payoff_rule,local_deficit_pressure_scores,0,0,4,0,0,0,0,,0,0,,False,False,,supervised_or_static,320,0.22942708333333334,0.22942708333333334,0.7657623558226792,0.7657623558226792,0.22942708333333334,45.269476387888915,6.458529660390719,0.04218959303872013,-11.483089876105453,326.2010305647007,140.5494164065566,103.56916516420259,0.758699898654495,0.22095670774743287,0.109375,2.053125,61.70701711782186,24.46918777688566,370.8546391385601,276.4906815340009,325.06302802849115,-48.57234649449026,0.0,0.15885830341764948,0.8160252621450507,0.4458333333333333,0.8160252621450507,0.06333468709532415,-0.050262906322371605,3.6879328635372692,24.5,1.0,0.31169156573014334,1.802460675596008,5.477083676612758
monte_carlo,capacity_oracle_reference,Pure capacity oracle reference,model_based_oracle,centralized,reference,exact_capacity_coverage_replay,centralized_capacity_ceiling_reference,none,centralized_exact_capacity_ceiling_replay,centralized_all_robot_load_pairs,0,0,2,0,0,0,0,,0,0,,False,False,,supervised_or_static,40,0.2833333333333333,0.2833333333333333,0.6056872938343625,0.6056872938343625,0.2833333333333333,200.9189165619216,5.977874964107025,0.025006545256603722,-62.45486257386695,449.54568179523284,238.0669994475069,172.1215050611075,0.6999656431238135,0.2946925959773169,2.875,2.725,63.82018417832878,20.752184661103797,380.7675968193322,251.22768136447084,266.10883142407295,-14.881150059602064,0.0,0.06328757450365248,0.6056872938343625,0.2833333333333333,0.6056872938343625,0.0,0.0,3.5923418510828773,32.15,0.5598511904761905,9.114185001817532,3.018538543501239,6.610880394584117
monte_carlo,oracle_reference,Oracle reference,model_based_oracle,centralized,reference,exact_capacity_reference_replay,centralized_oracle_reference,none,centralized_exact_reference_replay,centralized_all_robot_load_pairs,0,0,3,0,0,0,0,,0,0,,False,False,,supervised_or_static,40,0.5275000000000001,0.5275000000000001,0.5910419432174955,0.5910419432174955,0.5275000000000001,207.49932589967312,9.346306863011652,0.038639097308190484,-63.50343590443517,449.54568179523284,234.85502200866003,63.43487795127716,0.31733809237446814,0.6741910106449979,3.175,3.025,65.98326592407194,21.460610888751553,393.59650650073974,266.10883142407295,266.10883142407295,0.0,0.0,0.0,0.6056872938343625,0.2833333333333333,0.6056872938343625,0.02344862532706657,-0.014645350616867042,0.0,32.15,0.5413095238095238,42.316937501891516,6.610880394584117,6.610880394584117
monte_carlo,replicator_capacity_marginal,Replicator capacity marginal payoff,model_based,decentralized,baseline,population_game_marginal_capacity_payoff,sp2_plain_vs_marginal_ablation,none,distributed_marginal_capacity_payoff_rule,local_effective_capacity_marginal_scores,0,0,4,0,0,0,0,,0,0,,False,False,,supervised_or_static,40,0.22333333333333333,0.22333333333333333,0.5755092001048595,0.5755092001048595,0.22333333333333333,208.1854534965486,11.701369620061092,0.05795711241469563,-62.875614733083545,449.6862460919704,236.52395716883402,186.0357132645,0.7641465364676413,0.20920177881836613,2.025,1.875,66.68257709604856,23.276649982518204,401.64571065062114,229.23846094758983,266.10883142407295,-36.87037047648313,0.0,0.14833273760046242,0.6056872938343625,0.2833333333333333,0.6056872938343625,0.047926279827162854,-0.030178093729503003,4.306228278189673,13.325,0.5833928571428573,0.44939749932382256,2.3046521163944447,6.610880394584117
monte_carlo,replicator_capacity_plain,Replicator capacity plain payoff,model_based,decentralized,baseline,population_game_plain_payoff,sp2_plain_vs_marginal_ablation,none,distributed_plain_capacity_payoff_rule,local_deficit_pressure_scores,0,0,4,0,0,0,0,,0,0,,False,False,,supervised_or_static,40,0.14916666666666667,0.14916666666666667,0.5631032220978336,0.5631032220978336,0.14916666666666667,220.09593322317102,7.152740658373679,0.03284244121263079,-67.83123091970717,450.9721598888815,220.06484848052415,187.1571362800733,0.8536282503752226,0.13179644834670173,1.45,1.325,79.418051675532,24.160516091180956,474.8943300008883,200.10567720594764,266.10883142407295,-66.00315421812533,0.0,0.26757407635674335,0.6056872938343625,0.2833333333333333,0.6056872938343625,0.0736952332684994,-0.042584071736529054,5.077554619130734,13.325,0.49083333333333334,0.4597700055455789,1.533325775453383,6.610880394584117
monte_carlo,smith_capacity_marginal,Smith-QR capacity marginal payoff,model_based,decentralized,proposed,smith_qr_marginal_capacity_payoff,sp2_plain_vs_marginal_ablation,none,distributed_smith_qr_marginal_payoff_rule,local_effective_capacity_marginal_scores,0,0,4,0,0,0,0,,0,0,,False,False,,supervised_or_static,40,0.20249999999999999,0.20249999999999999,0.5781142505441008,0.5781142505441008,0.20249999999999999,207.64634772634594,11.143827192313523,0.05521792887117076,-62.790713741321795,449.6862460919704,236.50552051128906,194.06247246343273,0.7976768664896227,0.17446838469226053,1.9,1.75,65.91718085282696,22.75499094566774,397.1068433564011,228.15733900547403,266.10883142407295,-37.951492418598924,0.0,0.1537409173332882,0.6056872938343625,0.2833333333333333,0.6056872938343625,0.04357532558114411,-0.027573043290261806,4.5958044175990365,13.325,0.5827678571428572,0.42878249078057706,2.01507597698508,6.610880394584117
monte_carlo,smith_capacity_plain,Smith-QR capacity plain payoff,model_based,decentralized,proposed,smith_qr_plain_payoff,sp2_plain_vs_marginal_ablation,none,distributed_smith_qr_plain_payoff_rule,local_deficit_pressure_scores,0,0,4,0,0,0,0,,0,0,,False,False,,supervised_or_static,40,0.13583333333333333,0.13583333333333333,0.5620202185396843,0.5620202185396843,0.13583333333333333,220.6704260750151,6.457362160027611,0.02895951648194995,-68.1565472629719,450.9721598888815,218.79497713033396,188.18688591623732,0.86674104779775,0.1213241865885792,1.45,1.325,80.86106474731434,24.689616802366867,484.21621733493004,197.77485754413914,266.10883142407295,-68.33397387993381,0.0,0.2754270378865297,0.6056872938343625,0.2833333333333333,0.6056872938343625,0.07653616469964049,-0.043667075294678226,5.2370930497794985,13.325,0.4772916666666667,0.450624997029081,1.3737873448046178,6.610880394584117
