bias,mae,method,n_points,r2,rmse,scenario,scenario_case,slope,theory_capped_to_weight,window
-3.622429416017055,4.0509905827995425,smith,347,0.0037261008398943307,5.006641862025674,comm_degradation,R1.5_p0,-0.022747500729813814,False,all
-3.227620272575253,3.6561814393577396,smith,347,0.00019175126752035698,4.668281952070417,comm_degradation,R1.5_p0,-0.005215757957108408,True,all
-1.5014277761665495,2.546021383163746,smith,273,0.13427490814193266,3.216364257369852,comm_degradation,R1.5_p0,0.16253164136843606,False,contact_only
-1.2094124218147615,2.254006028811958,smith,273,0.1756777477447209,2.9788616780708703,comm_degradation,R1.5_p0,0.18901415075943095,True,contact_only
-1.5565801181887626,2.6290069971134566,smith,235,0.06665196954742336,3.406947003909269,comm_degradation,R1.5_p0,0.1315802785614452,False,post_first_contact_20s
-1.3841102685633988,2.4565371474880937,smith,235,0.07470719164400053,3.2907829796004275,comm_degradation,R1.5_p0,0.14044753399269289,True,post_first_contact_20s
-1.9838870945895397,2.8353740629197723,smith,181,0.09475622535933703,3.6212614084728463,comm_degradation,R1.5_p0,0.15753061297641704,False,post_first_contact_40s
-1.8854614626329849,2.7369484309632175,smith,181,0.10054948737021696,3.5321532552186454,comm_degradation,R1.5_p0,0.16394673073928895,True,post_first_contact_40s
-3.762821279600545,4.16185505853072,smith_no_prices,86,0.07826777571962906,5.131528852456441,comm_degradation,R1.5_p0,-0.09580516254342941,False,all
-3.362839974641147,3.7618737535713227,smith_no_prices,86,0.059882860327817755,4.815156861775431,comm_degradation,R1.5_p0,-0.08410772030423111,True,all
-1.4491999667665234,2.380023184353031,smith_no_prices,61,0.06124894404260406,3.0127974599167984,comm_degradation,R1.5_p0,0.09757853132278829,False,contact_only
-1.1001567664207086,2.0309799840072165,smith_no_prices,61,0.10315503248352642,2.721050196350307,comm_degradation,R1.5_p0,0.13040400151471238,True,contact_only
-1.4440046060520484,2.365697016465515,smith_no_prices,53,0.007493353237286171,3.109902971299864,comm_degradation,R1.5_p0,0.041413321649767604,False,post_first_contact_20s
-1.291116693118883,2.21280910353235,smith_no_prices,53,0.0063551249417742595,3.05101263833374,comm_degradation,R1.5_p0,0.03810266674148797,True,post_first_contact_20s
-1.8497092269362612,2.689129717688421,smith_no_prices,40,0.010052301176784573,3.4257054562364067,comm_degradation,R1.5_p0,0.04607505047107049,False,post_first_contact_40s
-1.8070134141966505,2.6464339049488097,smith_no_prices,40,0.00997935729078292,3.4027278180638088,comm_degradation,R1.5_p0,0.04591814578349014,True,post_first_contact_40s
-3.13412589681544,3.505584243984002,smith_no_integer,93,0.15395480170787013,4.2988621203593835,comm_degradation,R1.5_p0,0.15711005583575832,False,all
-2.759431532789432,3.130889879957994,smith_no_integer,93,0.22468047997485618,3.910967043743642,comm_degradation,R1.5_p0,0.1934248759867502,True,all
-1.954692856572831,2.7020350830552786,smith_no_integer,88,0.29265788639567125,3.328177726794237,comm_degradation,R1.5_p0,0.24115307792378435,False,contact_only
-1.710764167192783,2.45810639367523,smith_no_integer,88,0.3373663066208017,3.144857493207064,comm_degradation,R1.5_p0,0.2577659158572503,True,contact_only
-1.9681641778132561,2.6605211990315407,smith_no_integer,77,0.30573252733178136,3.296154690751825,comm_degradation,R1.5_p0,0.2744137098770634,False,post_first_contact_20s
-1.8114995241938987,2.5038565454121833,smith_no_integer,77,0.3237971850028779,3.173374131867203,comm_degradation,R1.5_p0,0.2832332026427162,True,post_first_contact_20s
-2.099021788503763,2.7941275870530324,smith_no_integer,64,0.27767782935715457,3.412007804205958,comm_degradation,R1.5_p0,0.29828710333292996,False,post_first_contact_40s
-1.9951700865158253,2.6902758850650943,smith_no_integer,64,0.2941216411947505,3.3057951300217256,comm_degradation,R1.5_p0,0.3095610871518538,True,post_first_contact_40s
-3.8666301253458975,4.330946074202724,smith_effective_occupancy,85,0.048062124481916935,5.286391820322575,comm_degradation,R1.5_p0,-0.07706109389009999,False,all
-3.461787616339454,3.9261035651962803,smith_effective_occupancy,85,0.03544386655674414,4.977771288040014,comm_degradation,R1.5_p0,-0.06611399903410603,True,all
-1.052868948461691,2.526488440126402,smith_effective_occupancy,61,0.061647915919781804,3.191994861740495,comm_degradation,R1.5_p0,0.12263886726101668,False,contact_only
-0.7913463875409307,2.2649658792056413,smith_effective_occupancy,61,0.07702678786926398,3.015503553949249,comm_degradation,R1.5_p0,0.14026023618278083,True,contact_only
-1.2208184499666836,2.8221784108014076,smith_effective_occupancy,51,0.0027538067666100785,3.636799830563122,comm_degradation,R1.5_p0,0.02914622738774049,False,post_first_contact_20s
-0.9920728117348939,2.593432772569617,smith_effective_occupancy,51,0.006153734164178193,3.482675556734598,comm_degradation,R1.5_p0,0.04436868433377579,True,post_first_contact_20s
-1.937275018809597,2.9386761652243893,smith_effective_occupancy,37,0.02033897663749218,3.7725084758656195,comm_degradation,R1.5_p0,0.062440267412092444,False,post_first_contact_40s
-1.7665072559319543,2.767908402346747,smith_effective_occupancy,37,0.021616244244170746,3.6489439523361535,comm_degradation,R1.5_p0,0.0652528796349068,True,post_first_contact_40s
-2.40697774709186,3.381511445966875,smith,1348,0.11504380861795604,4.034796359629913,comm_degradation,R12_p0,0.20470825957815805,False,all
-1.6280457421764147,2.60257944105143,smith,1348,0.16995384183165563,3.3217079329832675,comm_degradation,R12_p0,0.2681762725889042,True,all
-0.29040871376131194,2.0963665841451515,smith,1255,0.4175696652048547,2.692113574016164,comm_degradation,R12_p0,0.4573321716923987,False,contact_only
0.4902599253894494,1.3156979449943902,smith,1255,0.6179410939679626,2.0052451304982037,comm_degradation,R12_p0,0.6182230915755986,True,contact_only
0.2315975478340462,2.1580867105808066,smith,764,0.35712101410326635,2.808242908092583,comm_degradation,R12_p0,0.5233179198933464,False,post_first_contact_20s
0.8714500341412708,1.518234224273582,smith,764,0.4979434106330958,2.4640939454293593,comm_degradation,R12_p0,0.6576543453852807,True,post_first_contact_20s
-1.2455486293707616,1.9890052445879183,smith,156,0.5896129170056257,2.474177511187154,comm_degradation,R12_p0,0.8944287500138118,False,post_first_contact_40s
-0.4845340359174247,1.2279906511345813,smith,156,0.7076627820078031,1.8608819634766305,comm_degradation,R12_p0,0.9357210318031575,True,post_first_contact_40s
-1.6530501104468758,3.1612762084016013,smith_no_prices,411,0.008728293248355001,4.012618010943078,comm_degradation,R12_p0,0.05436847549078677,False,all
-1.1501854009175587,2.6584114988722853,smith_no_prices,411,0.01563725495408641,3.5757549204523635,comm_degradation,R12_p0,0.07892472271378845,True,all
0.6624089106261523,2.0651015855658605,smith_no_prices,384,0.3729745411111193,2.785290248961375,comm_degradation,R12_p0,0.44672581194762534,False,contact_only
1.1396236664839827,1.5878868297080302,smith_no_prices,384,0.5262481687615226,2.3932735502120073,comm_degradation,R12_p0,0.5910720682445583,True,contact_only
1.4316263266484324,2.5525244798547178,smith_no_prices,217,0.25514678318074524,3.3613293482442734,comm_degradation,R12_p0,0.4201284025658561,False,post_first_contact_20s
1.7859030369041837,2.198247769598966,smith_no_prices,217,0.342133409951207,3.2182482054290396,comm_degradation,R12_p0,0.5180750741038662,True,post_first_contact_20s
-1.2660798771791997,2.738408156875441,smith_no_prices,22,0.2140708371406479,3.395927196377991,comm_degradation,R12_p0,0.5614288381188317,False,post_first_contact_40s
-0.48417266736681003,1.9565009470630512,smith_no_prices,22,0.33964486233554614,3.005266865118046,comm_degradation,R12_p0,0.5994090557197097,True,post_first_contact_40s
-3.2707737762480127,3.3175441716165657,smith_no_integer,225,0.5548171740848045,3.761685796879688,comm_degradation,R12_p0,0.6129287593224313,False,all
-2.232928948807007,2.27969934417556,smith_no_integer,225,0.6805827740878705,2.7493628873229428,comm_degradation,R12_p0,0.6620820972880855,True,all
-1.7649998260894877,1.8725663689181296,smith_no_integer,210,0.7011176338597216,2.3291592177119673,comm_degradation,R12_p0,0.7519980693955562,False,contact_only
-0.6627812146953137,0.7703477575239555,smith_no_integer,210,0.9206980812460888,1.0634466968484984,comm_degradation,R12_p0,0.8407549343481144,True,contact_only
-1.2953345517191739,1.5473597506444208,smith_no_integer,152,0.7735693964388435,1.9064657273464505,comm_degradation,R12_p0,1.0028475316399212,False,post_first_contact_20s
-0.5012916962787759,0.7533168952040228,smith_no_integer,152,0.849129054524154,1.2470504767824881,comm_degradation,R12_p0,1.0039379539485362,True,post_first_contact_20s
-1.213921772731983,1.569525243501865,smith_no_integer,67,0.7030642849370796,2.04145425985108,comm_degradation,R12_p0,0.938358783850527,False,post_first_contact_40s
-0.7464607727483875,1.102064243518269,smith_no_integer,67,0.7540469832076969,1.6654374444145084,comm_degradation,R12_p0,0.9674737236083696,True,post_first_contact_40s
-2.846479106452603,3.6169652586574093,smith_effective_occupancy,326,0.1961690586039373,4.17268425852972,comm_degradation,R12_p0,0.2694467644148872,False,all
-1.7525239138120983,2.5230100660169037,smith_effective_occupancy,326,0.2896795779428287,3.137833393821381,comm_degradation,R12_p0,0.3589183357032887,True,all
-0.768685272655964,2.3126062454945857,smith_effective_occupancy,299,0.4182826185102083,2.8388910206324707,comm_degradation,R12_p0,0.44188864875822786,False,contact_only
0.3240616952238444,1.2198592776147767,smith_effective_occupancy,299,0.6706233811583344,1.840910356953575,comm_degradation,R12_p0,0.6359285095673741,True,contact_only
-0.2606517467239069,2.1996558997732505,smith_effective_occupancy,173,0.4016590098594134,2.742714825301434,comm_degradation,R12_p0,0.5506590634415381,False,post_first_contact_20s
0.6871485963770392,1.2518555566723044,smith_effective_occupancy,173,0.6118991217590148,2.12008480248015,comm_degradation,R12_p0,0.7355502969863272,True,post_first_contact_20s
-1.7991480579417107,2.562090577852685,smith_effective_occupancy,30,0.5654858217161027,2.902031445119057,comm_degradation,R12_p0,0.8407899737643251,False,post_first_contact_40s
-0.47435507563395257,1.2372975955449266,smith_effective_occupancy,30,0.8037974705690547,1.5773379435460728,comm_degradation,R12_p0,1.0564558941244233,True,post_first_contact_40s
-2.295097631908548,3.2800650718255113,smith,1380,0.1283223735235225,3.943520264296005,comm_degradation,R12_p0.9,0.21146413200368444,False,all
-1.612795333208439,2.5977627731254023,smith,1380,0.1785173516998364,3.2947741269028947,comm_degradation,R12_p0.9,0.26959283002975964,True,all
-0.24200911245579554,2.053497253584179,smith,1299,0.43117365769029703,2.6612332579867184,comm_degradation,R12_p0.9,0.4627438061871193,False,contact_only
0.46266775909199115,1.3488203820363929,smith,1299,0.6172376638923418,2.0136808289597417,comm_degradation,R12_p0.9,0.612939893323067,True,contact_only
0.300270437630572,2.0237192243333855,smith,806,0.3986509815489122,2.688656476842024,comm_degradation,R12_p0.9,0.5677684748995973,False,post_first_contact_20s
0.8207283164636486,1.503261345500309,smith,806,0.5156632097905305,2.4150008836425694,comm_degradation,R12_p0.9,0.6771961845301581,True,post_first_contact_20s
-1.2229629666614321,1.8031299379626993,smith,172,0.6232028496468153,2.304229961900279,comm_degradation,R12_p0.9,0.9022902428239223,False,post_first_contact_40s
-0.5414892781079735,1.1216562494092406,smith,172,0.7147699818310355,1.7834358936136399,comm_degradation,R12_p0.9,0.9188586258904797,True,post_first_contact_40s
-1.5880466085450209,3.101730711696554,smith_no_prices,411,0.011783858368567546,3.934769279624218,comm_degradation,R12_p0.9,0.06231269875246303,False,all
-1.138384339177906,2.652068442329439,smith_no_prices,411,0.01920077092199235,3.5292788099685484,comm_degradation,R12_p0.9,0.0860177453038883,True,all
0.6717806285480713,2.0553908552095637,smith_no_prices,383,0.3846367984498531,2.7533642371363647,comm_degradation,R12_p0.9,0.45180009128700804,False,contact_only
1.1075026014459826,1.6196688823116527,smith_no_prices,383,0.5348074035074382,2.369400877669495,comm_degradation,R12_p0.9,0.5882738247749414,True,contact_only
1.2509548475903753,2.40283778970605,smith_no_prices,224,0.23776940181492434,3.266495448640609,comm_degradation,R12_p0.9,0.4318990043378118,False,post_first_contact_20s
1.5622594162618437,2.091533221034582,smith_no_prices,224,0.3226882482171969,3.1416801673241017,comm_degradation,R12_p0.9,0.5175871535530917,True,post_first_contact_20s
-1.4860153734872792,2.702490782806431,smith_no_prices,24,0.17630247170316404,3.43004025986636,comm_degradation,R12_p0.9,0.42653505301953987,False,post_first_contact_40s
-0.9639472745707479,2.1804226838899,smith_no_prices,24,0.2568603613853093,3.180338307389339,comm_degradation,R12_p0.9,0.45970024797328735,True,post_first_contact_40s
-3.0523718794940353,3.0895052151813798,smith_no_integer,221,0.586227408707012,3.5314250166837526,comm_degradation,R12_p0.9,0.6384334815649959,False,all
-2.12929333041727,2.1664266661046145,smith_no_integer,221,0.7635538015596495,2.5286378591768854,comm_degradation,R12_p0.9,0.7174095666364877,True,all
-1.6687379733358585,1.7819050389271827,smith_no_integer,208,0.648749982597028,2.329554530724867,comm_degradation,R12_p0.9,0.7255007114822931,False,contact_only
-0.7303610503478317,0.8435281159391557,smith_no_integer,208,0.8788449478719093,1.210602824827193,comm_degradation,R12_p0.9,0.8325952763601004,True,contact_only
-1.1484455015250201,1.3955385720249,smith_no_integer,156,0.7831304515531377,1.7984838006026904,comm_degradation,R12_p0.9,1.0358033836776919,False,post_first_contact_20s
-0.5138141993184236,0.7609072698183038,smith_no_integer,156,0.8545171801205772,1.2440648185869518,comm_degradation,R12_p0.9,1.024086514479561,True,post_first_contact_20s
-1.0826346214419442,1.3558483997322757,smith_no_integer,76,0.7369926622553288,1.8408702682751843,comm_degradation,R12_p0.9,1.0146084836293365,False,post_first_contact_40s
-0.6783474014382718,0.9515611797286031,smith_no_integer,76,0.7782233371156364,1.5273472176492806,comm_degradation,R12_p0.9,1.0269623521878901,True,post_first_contact_40s
-2.623201299886256,3.4663860837083944,smith_effective_occupancy,370,0.20390391402747055,4.055601325624177,comm_degradation,R12_p0.9,0.26000258017158695,False,all
-1.7755503486813993,2.618735132503538,smith_effective_occupancy,370,0.25372164641492456,3.2441210387171444,comm_degradation,R12_p0.9,0.32055383361403333,True,all
-0.5935491471793958,2.203109478440512,smith_effective_occupancy,346,0.4619882899006824,2.728523467376839,comm_degradation,R12_p0.9,0.46301872323287874,False,contact_only
0.3198185879651031,1.2897417432960137,smith_effective_occupancy,346,0.659334640851366,1.9073650406869413,comm_degradation,R12_p0.9,0.6250257008047636,True,contact_only
0.08435562482724235,1.944551887215288,smith_effective_occupancy,210,0.5122269798316357,2.4615144378031264,comm_degradation,R12_p0.9,0.6433167899603209,False,post_first_contact_20s
0.7660573837340419,1.2628501283084885,smith_effective_occupancy,210,0.6493489320499191,2.094010768359974,comm_degradation,R12_p0.9,0.7757186552679568,True,post_first_contact_20s
-1.700227113142868,2.209179950333493,smith_effective_occupancy,34,0.7040431311624389,2.440556850155396,comm_degradation,R12_p0.9,0.9242761336868349,False,post_first_contact_40s
-0.5004911915379993,1.0094440287286246,smith_effective_occupancy,34,0.8604868021726819,1.3024612747717694,comm_degradation,R12_p0.9,1.05462563528095,True,post_first_contact_40s
-3.64262147612235,4.137805983410836,smith,499,0.0003069008100800019,5.040292291451212,comm_degradation,R3_p0,0.008891293207111304,False,all
-3.2482797401681434,3.7434642474566293,smith,499,0.0005998039357626439,4.703063215171919,comm_degradation,R3_p0,0.01276390601324663,True,all
-0.3760385540898425,1.9404640224631682,smith,374,0.3685032931929889,2.6298939239155095,comm_degradation,R3_p0,0.4360103592471089,False,contact_only
-0.0343497259549986,1.5987751943283242,smith,374,0.43739093218141667,2.32159858966142,comm_degradation,R3_p0,0.5021055174959854,True,contact_only
-0.24088282600307598,2.0044650458518714,smith,272,0.29607301910299755,2.875252660783313,comm_degradation,R3_p0,0.46796994210522547,False,post_first_contact_20s
0.0254076632759565,1.738174556572839,smith,272,0.3156306742892755,2.7167957905129327,comm_degradation,R3_p0,0.509494334316642,True,post_first_contact_20s
-1.6282681682396354,2.527821969489944,smith,102,0.1681223768930421,3.5023994104614173,comm_degradation,R3_p0,0.3045739087495176,False,post_first_contact_40s
-1.4522929338925188,2.3518467351428276,smith,102,0.16478663848323583,3.384422886593816,comm_degradation,R3_p0,0.3088650431650938,True,post_first_contact_40s
-3.8738670206896226,4.246124616848224,smith_no_prices,119,0.0012764306279291482,5.156008225778118,comm_degradation,R3_p0,-0.017670637253121013,False,all
-3.4843497276249686,3.85660732378357,smith_no_prices,119,0.0008562251525846554,4.836012217876567,comm_degradation,R3_p0,-0.014693156175544472,True,all
-0.4241889510604332,1.7896708561355914,smith_no_prices,80,0.3533495491652857,2.5045307061272104,comm_degradation,R3_p0,0.46179103908883457,False,contact_only
-0.059326325840353286,1.4248082309155117,smith_no_prices,80,0.45202196969390174,2.14874492897139,comm_degradation,R3_p0,0.5489664929188177,True,contact_only
-0.34146470198207834,1.9602778808982908,smith_no_prices,55,0.2920673546410667,2.744500395287829,comm_degradation,R3_p0,0.4985543665290825,False,post_first_contact_20s
-0.10113536825571551,1.7199485471719285,smith_no_prices,55,0.3133327437736535,2.597697645163641,comm_degradation,R3_p0,0.541296939963773,True,post_first_contact_20s
-2.096328783790311,2.7629954504569776,smith_no_prices,21,0.17190312636305827,3.5404210041167756,comm_degradation,R3_p0,0.2391206977374673,False,post_first_contact_40s
-1.8850705228394364,2.5517371895061034,smith_no_prices,21,0.16112589048416126,3.397650477927908,comm_degradation,R3_p0,0.23632178864428907,True,post_first_contact_40s
-3.1101203816366385,3.725542352938288,smith_no_integer,156,0.036031401892536175,4.5000964007269575,comm_degradation,R3_p0,0.11057368172373128,False,all
-2.766890151442297,3.382312122743946,smith_no_integer,156,0.04894491228448439,4.170939328233999,comm_degradation,R3_p0,0.13290091000551957,True,all
-0.5153049153666752,2.0115468495004403,smith_no_integer,135,0.38612932978377346,2.6067471287688084,comm_degradation,R3_p0,0.437395306778396,False,contact_only
-0.2282652935635885,1.7245072276973534,smith_no_integer,135,0.4355549972594921,2.3756952852418642,comm_degradation,R3_p0,0.48069035275560856,True,contact_only
-0.11917853000446607,1.8603856842711854,smith_no_integer,100,0.39204012404465893,2.5993999927172626,comm_degradation,R3_p0,0.5230658469509242,False,post_first_contact_20s
0.13518527691888624,1.6060218773478332,smith_no_integer,100,0.42333783385279034,2.444925542024135,comm_degradation,R3_p0,0.5660788148727006,True,post_first_contact_20s
-1.2729368301290303,1.855518392006546,smith_no_integer,41,0.4238439835866732,2.5518734872244266,comm_degradation,R3_p0,0.6377779842812271,False,post_first_contact_40s
-1.1543038968088986,1.7368854586864142,smith_no_integer,41,0.4351489406088829,2.46747562419728,comm_degradation,R3_p0,0.6481367571954378,True,post_first_contact_40s
-3.9178051628834063,4.373640651577322,smith_effective_occupancy,108,0.007620380679206895,5.346282041785637,comm_degradation,R3_p0,-0.03737854074121732,False,all
-3.519757216370061,3.9755927050639763,smith_effective_occupancy,108,0.012819958234683515,5.0172769142882006,comm_degradation,R3_p0,-0.050054549371276624,True,all
-0.16050101592115135,1.8952136529921801,smith_effective_occupancy,76,0.366367905941984,2.640135366879373,comm_degradation,R3_p0,0.43904154927117245,False,contact_only
0.18120525720451863,1.5535073798665096,smith_effective_occupancy,76,0.43945729341319306,2.317544207923246,comm_degradation,R3_p0,0.5161215560532549,True,contact_only
-0.23717730359904224,2.0436899452522277,smith_effective_occupancy,57,0.27035456700259375,2.929643108690361,comm_degradation,R3_p0,0.43794233966170737,False,post_first_contact_20s
0.05328501615461147,1.7532276254985741,smith_effective_occupancy,57,0.28016592930872686,2.7683533997621987,comm_degradation,R3_p0,0.4773591512026617,True,post_first_contact_20s
-1.560003543952983,2.951448341035969,smith_effective_occupancy,21,0.039665111463959346,4.015814149966623,comm_degradation,R3_p0,0.10784675127116232,False,post_first_contact_40s
-1.3681793610448543,2.7596241581278402,smith_effective_occupancy,21,0.022844866154170917,3.9027793110726647,comm_degradation,R3_p0,0.085580856913555,True,post_first_contact_40s
-2.361347793900471,3.3505007876122983,smith,1398,0.11161759399014815,4.011305665582546,comm_degradation,R4_p0,0.19994805253429618,False,all
-1.64329078844918,2.632443782161008,smith,1398,0.15976020270549485,3.353518726475463,comm_degradation,R4_p0,0.2570793456037843,True,all
-0.23429112360797127,2.0584558180664336,smith,1310,0.4256050137088374,2.6661438990211144,comm_degradation,R4_p0,0.46198127662985317,False,contact_only
0.49723645822682705,1.326928236231635,smith,1310,0.615315147885278,2.0253637919156184,comm_degradation,R4_p0,0.6132604114865643,True,contact_only
0.27035484035109,2.11251554648158,smith,802,0.3772099025228469,2.773657741295813,comm_degradation,R4_p0,0.538998257337873,False,post_first_contact_20s
0.8625301000602017,1.5203402867724685,smith,802,0.5034639806225113,2.461910376754954,comm_degradation,R4_p0,0.6625793895905088,True,post_first_contact_20s
-1.292441869470534,1.9089019363923498,smith,161,0.6037919868427823,2.4096008335873575,comm_degradation,R4_p0,0.9100590254537655,False,post_first_contact_40s
-0.5566969042396112,1.1731569711614267,smith,161,0.7044324752628012,1.8458121478377427,comm_degradation,R4_p0,0.9184542822660213,True,post_first_contact_40s
-1.6688280958437711,3.1821330012430225,smith_no_prices,409,0.00950453299764109,4.020022784678943,comm_degradation,R4_p0,0.05649213525983639,False,all
-1.1723442053752855,2.685649110774537,smith_no_prices,409,0.01563500902529069,3.589683933843575,comm_degradation,R4_p0,0.07857918688968109,True,all
0.6035898272026959,2.070113091197708,smith_no_prices,385,0.36408220195504337,2.813584330510936,comm_degradation,R4_p0,0.43960353937138114,False,contact_only
1.0722382055999131,1.601464712800491,smith_no_prices,385,0.5043299912950547,2.4264563359548283,comm_degradation,R4_p0,0.5754568334419581,True,contact_only
1.3678628197679163,2.547802268720485,smith_no_prices,216,0.24613784370449487,3.3603561618640048,comm_degradation,R4_p0,0.41596078062254616,False,post_first_contact_20s
1.7267552182052743,2.1889098702831267,smith_no_prices,216,0.32955120271124694,3.21686227755164,comm_degradation,R4_p0,0.5123914496983085,True,post_first_contact_20s
-1.162647508305207,2.677187588303239,smith_no_prices,23,0.21454476199827155,3.337290448240486,comm_degradation,R4_p0,0.5729326536783691,False,post_first_contact_40s
-0.41473626413683445,1.9292763441348664,smith_no_prices,23,0.344473966832088,2.957286037617305,comm_degradation,R4_p0,0.6131949192778355,True,post_first_contact_40s
-3.29350334330522,3.334995600759442,smith_no_integer,239,0.5612654587529724,3.771988343084948,comm_degradation,R4_p0,0.6031239293851223,False,all
-2.2903020706381443,2.331794328092366,smith_no_integer,239,0.6782532328965707,2.800708321960158,comm_degradation,R4_p0,0.6467897331767036,True,all
-1.7703181191861095,1.8839811311080352,smith_no_integer,225,0.6930390400400814,2.3497303436246484,comm_degradation,R4_p0,0.730391193213772,False,contact_only
-0.7051486938741691,0.8188117057960954,smith_no_integer,225,0.8948681620605777,1.1888317581965422,comm_degradation,R4_p0,0.8105261780950082,True,contact_only
-1.3132568399183926,1.5032133906209586,smith_no_integer,158,0.7992668775098953,1.8568064515341647,comm_degradation,R4_p0,1.0088423152478063,False,post_first_contact_20s
-0.5178226127217637,0.7077791634243297,smith_no_integer,158,0.8636228358098037,1.1993497108714661,comm_degradation,R4_p0,0.9998148492578176,True,post_first_contact_20s
-1.1676195997692869,1.4612358544848412,smith_no_integer,68,0.720441648443603,1.939704439754808,comm_degradation,R4_p0,0.9417910733599502,False,post_first_contact_40s
-0.6864094851586928,0.9800257398742467,smith_no_integer,68,0.7707957264398477,1.558456808620074,comm_degradation,R4_p0,0.9627305946008716,True,post_first_contact_40s
-2.5068458102649136,3.4406018555470936,smith_effective_occupancy,363,0.1523417060604757,4.060482596251304,comm_degradation,R4_p0,0.2286731124242144,False,all
-1.6640261390162614,2.597782184298441,smith_effective_occupancy,363,0.21478673961525407,3.2520225461795107,comm_degradation,R4_p0,0.29821356091087875,True,all
-0.3896706691073739,2.178849424823562,smith_effective_occupancy,342,0.42735706405526597,2.756512695754472,comm_degradation,R4_p0,0.44977333809662434,False,contact_only
0.48787802208941666,1.3013007336267712,smith_effective_occupancy,342,0.6522212804694107,1.9612174176494412,comm_degradation,R4_p0,0.6226152687857109,True,contact_only
0.13602764805377282,2.1154413765150775,smith_effective_occupancy,207,0.43274714794985447,2.727514911966287,comm_degradation,R4_p0,0.575987161795391,False,post_first_contact_20s
0.7985522175011911,1.4529168070676588,smith_effective_occupancy,207,0.5649187192472751,2.3520560960511223,comm_degradation,R4_p0,0.7105643739057382,True,post_first_contact_20s
-2.127719333663952,2.5207018940437056,smith_effective_occupancy,32,0.5968227842734279,2.8628124939255675,comm_degradation,R4_p0,0.8567696249108749,False,post_first_contact_40s
-0.9642412043217441,1.357223764701498,smith_effective_occupancy,32,0.7219246444937092,1.8530559575160641,comm_degradation,R4_p0,0.9020543699009794,True,post_first_contact_40s
-2.3761619014642816,3.3609984845631007,smith,1362,0.1215723223829015,4.0189943331986475,comm_degradation,R6_p0,0.21113718994859482,False,all
-1.6146380851481934,2.5994746682470127,smith,1362,0.17385036811364507,3.322069123520683,comm_degradation,R6_p0,0.27241293053692184,True,all
-0.2732592626579569,2.0887052862631976,smith,1268,0.42213202059671406,2.6950396510262515,comm_degradation,R6_p0,0.4593541924637266,False,contact_only
0.4944786525794883,1.320967371025752,smith,1268,0.6181306477025217,2.01877064111293,comm_degradation,R6_p0,0.6172299490618084,True,contact_only
0.22343763847898107,2.1341041700718764,smith,781,0.37058066300474535,2.7839793480898525,comm_degradation,R6_p0,0.5355165413824894,False,post_first_contact_20s
0.8484286158653407,1.5091131926855166,smith,781,0.5046065707690706,2.451133719500708,comm_degradation,R6_p0,0.6647885757638354,True,post_first_contact_20s
-1.3407110277511103,1.9913278539922243,smith,161,0.6135344810627212,2.4660735154150686,comm_degradation,R6_p0,0.9310147704239609,False,post_first_contact_40s
-0.5826227818022205,1.2332396080433345,smith,161,0.7206409273295968,1.8522618223143632,comm_degradation,R6_p0,0.9505229618548874,True,post_first_contact_40s
-1.6530501104468758,3.1612762084016013,smith_no_prices,411,0.008728293248355001,4.012618010943078,comm_degradation,R6_p0,0.05436847549078677,False,all
-1.1501854009175587,2.6584114988722853,smith_no_prices,411,0.01563725495408641,3.5757549204523635,comm_degradation,R6_p0,0.07892472271378845,True,all
0.6624089106261523,2.0651015855658605,smith_no_prices,384,0.3729745411111193,2.785290248961375,comm_degradation,R6_p0,0.44672581194762534,False,contact_only
1.1396236664839827,1.5878868297080302,smith_no_prices,384,0.5262481687615226,2.3932735502120073,comm_degradation,R6_p0,0.5910720682445583,True,contact_only
1.4316263266484324,2.5525244798547178,smith_no_prices,217,0.25514678318074524,3.3613293482442734,comm_degradation,R6_p0,0.4201284025658561,False,post_first_contact_20s
1.7859030369041837,2.198247769598966,smith_no_prices,217,0.342133409951207,3.2182482054290396,comm_degradation,R6_p0,0.5180750741038662,True,post_first_contact_20s
-1.2660798771791997,2.738408156875441,smith_no_prices,22,0.2140708371406479,3.395927196377991,comm_degradation,R6_p0,0.5614288381188317,False,post_first_contact_40s
-0.48417266736681003,1.9565009470630512,smith_no_prices,22,0.33964486233554614,3.005266865118046,comm_degradation,R6_p0,0.5994090557197097,True,post_first_contact_40s
-3.2707737762480127,3.3175441716165657,smith_no_integer,225,0.5548171740848045,3.761685796879688,comm_degradation,R6_p0,0.6129287593224313,False,all
-2.232928948807007,2.27969934417556,smith_no_integer,225,0.6805827740878705,2.7493628873229428,comm_degradation,R6_p0,0.6620820972880855,True,all
-1.7649998260894877,1.8725663689181296,smith_no_integer,210,0.7011176338597216,2.3291592177119673,comm_degradation,R6_p0,0.7519980693955562,False,contact_only
-0.6627812146953137,0.7703477575239555,smith_no_integer,210,0.9206980812460888,1.0634466968484984,comm_degradation,R6_p0,0.8407549343481144,True,contact_only
-1.2953345517191739,1.5473597506444208,smith_no_integer,152,0.7735693964388435,1.9064657273464505,comm_degradation,R6_p0,1.0028475316399212,False,post_first_contact_20s
-0.5012916962787759,0.7533168952040228,smith_no_integer,152,0.849129054524154,1.2470504767824881,comm_degradation,R6_p0,1.0039379539485362,True,post_first_contact_20s
-1.213921772731983,1.569525243501865,smith_no_integer,67,0.7030642849370796,2.04145425985108,comm_degradation,R6_p0,0.938358783850527,False,post_first_contact_40s
-0.7464607727483875,1.102064243518269,smith_no_integer,67,0.7540469832076969,1.6654374444145084,comm_degradation,R6_p0,0.9674737236083696,True,post_first_contact_40s
-2.7049373394649217,3.5250975915703258,smith_effective_occupancy,340,0.21587505779577187,4.105469586600748,comm_degradation,R6_p0,0.28469703477419617,False,all
-1.6936888453552255,2.5138490974606302,smith_effective_occupancy,340,0.2950183539223933,3.1471444764051806,comm_degradation,R6_p0,0.3668643923517043,True,all
-0.6790599544999234,2.272459959238622,smith_effective_occupancy,312,0.43249244841230405,2.844211573911186,comm_degradation,R6_p0,0.4473766097698401,False,contact_only
0.3481319614710314,1.245268043267667,smith_effective_occupancy,312,0.6653904415238394,1.9069564830886694,comm_degradation,R6_p0,0.6292414041179718,True,contact_only
-0.25014991092822597,2.0973556873851114,smith_effective_occupancy,190,0.4564902536463902,2.6452380242486386,comm_degradation,R6_p0,0.5960734856333648,False,post_first_contact_20s
0.6090085793690945,1.238197197087791,smith_effective_occupancy,190,0.6291555072514815,2.0914131284330795,comm_degradation,R6_p0,0.7583172117244846,True,post_first_contact_20s
-2.157809457838323,2.4909052477889557,smith_effective_occupancy,35,0.6895220638183768,2.812297522948925,comm_degradation,R6_p0,0.9737169644700207,False,post_first_contact_40s
-0.9270174438873665,1.2601132338379988,smith_effective_occupancy,35,0.8479567205005748,1.574810632212994,comm_degradation,R6_p0,1.0620583752750112,True,post_first_contact_40s
-3.1796262218154308,3.7949816784817436,smith,1203,0.16332289656650756,4.49755922073316,load_sweep,rho0.5,0.2365900893623111,False,all
-1.9008272894360125,2.5161827461023263,smith,1203,0.3129664450771783,3.1259279888158154,load_sweep,rho0.5,0.3766523236474484,True,all
-1.2561064502392614,2.4398445390212466,smith,1139,0.31554446262580627,3.328629428997691,load_sweep,rho0.5,0.3725114225244653,False,contact_only
0.0995801354200587,1.0841579533619266,smith,1139,0.6948313219074772,1.68959194411284,load_sweep,rho0.5,0.6704929080604685,True,contact_only
-0.24125798484575794,2.0644701023895915,smith,711,0.3590782206174834,2.7909642366412406,load_sweep,rho0.5,0.5197883865808277,False,post_first_contact_20s
0.6409359408540275,1.182276176689806,smith,711,0.591422260501727,2.0791562946352107,load_sweep,rho0.5,0.7429249685948588,True,post_first_contact_20s
-1.3163674500008289,2.018621887521609,smith,142,0.4413950386981067,2.724774569914604,load_sweep,rho0.5,0.727720802546513,False,post_first_contact_40s
-0.3061954060859124,1.0084498436066927,smith,142,0.7776488682738709,1.4620100911347615,load_sweep,rho0.5,0.9773039133887605,True,post_first_contact_40s
-2.758881422699126,3.7477059030748596,smith_no_prices,357,0.06060958552964224,4.589539443020022,load_sweep,rho0.5,0.1327341275520653,False,all
-1.5869161314919717,2.5757406118677046,smith_no_prices,357,0.12700664372349613,3.3317573547061587,load_sweep,rho0.5,0.23294839759707114,True,all
-0.7104676801533176,2.540271894370471,smith_no_prices,335,0.24766853175562276,3.5702348954055187,load_sweep,rho0.5,0.3091027760108271,False,contact_only
0.5747200414557553,1.2550841727613988,smith_no_prices,335,0.6232750474986108,1.9726847271395014,load_sweep,rho0.5,0.6371843864572109,True,contact_only
0.47874083903020004,2.4191975193316066,smith_no_prices,193,0.2802778056324763,3.245971950781072,load_sweep,rho0.5,0.4111084485635612,False,post_first_contact_20s
1.2708392681782077,1.6270990901835993,smith_no_prices,193,0.479199515203928,2.647615446975361,load_sweep,rho0.5,0.6360327193403714,True,post_first_contact_20s
-1.1205605203450757,2.313933140806745,smith_no_prices,19,0.333790287680388,3.113942084520106,load_sweep,rho0.5,0.5645235065281878,False,post_first_contact_40s
-0.047702756380632476,1.2410753768423022,smith_no_prices,19,0.6530901476490212,1.8540502764752291,load_sweep,rho0.5,0.9191506393383265,True,post_first_contact_40s
-3.6562789517480265,3.66617269152409,smith_no_integer,198,0.3600591068852229,4.370337423448642,load_sweep,rho0.5,0.46951318970644673,False,all
-2.0681530818373655,2.078046821613429,smith_no_integer,198,0.7623465814775265,2.469716502284518,load_sweep,rho0.5,0.7229598117703988,True,all
-2.234476465575128,2.297430380201977,smith_no_integer,188,0.39588796326000975,3.2626650078360417,load_sweep,rho0.5,0.508715563769647,False,contact_only
-0.6520344043448477,0.7149883189716967,smith_no_integer,188,0.9000827281022817,1.0922126980098394,load_sweep,rho0.5,0.8407347685601719,True,contact_only
-1.3622157603735328,1.5610345218154766,smith_no_integer,131,0.6382793935409495,2.1986625140247598,load_sweep,rho0.5,0.8258542017775418,False,post_first_contact_20s
-0.3599499143281444,0.5587686757700882,smith_no_integer,131,0.8687039805460878,1.0640649822419281,load_sweep,rho0.5,1.0055997595839512,True,post_first_contact_20s
-0.8683609211611972,1.083773274626993,smith_no_integer,55,0.8250023558658016,1.4447899465496372,load_sweep,rho0.5,1.1023849040821776,False,post_first_contact_40s
-0.49333294546551415,0.7087452989313099,smith_no_integer,55,0.9172410127334873,0.9503621932029302,load_sweep,rho0.5,1.0983858644804276,True,post_first_contact_40s
-3.4019103157187582,3.905448344651745,smith_effective_occupancy,314,0.24683751053840697,4.4833684070470365,load_sweep,rho0.5,0.2961684883825393,False,all
-2.042693623613054,2.5462316525460404,smith_effective_occupancy,314,0.4059434147485298,3.061163509790975,load_sweep,rho0.5,0.42974529237514786,True,all
-1.5136110218820313,2.4974150373127424,smith_effective_occupancy,297,0.35373402738465154,3.261699353090264,load_sweep,rho0.5,0.40940664611941185,False,contact_only
-0.023693229002852662,1.007497244433564,smith_effective_occupancy,297,0.7425384197935274,1.552553845138508,load_sweep,rho0.5,0.6960351320159285,True,contact_only
-0.5288020937948947,2.030408730580357,smith_effective_occupancy,183,0.42579461970870924,2.63183573310854,load_sweep,rho0.5,0.6159398970987937,False,post_first_contact_20s
0.4954369250661792,1.006169711719283,smith_effective_occupancy,183,0.6947817706165658,1.7914024825121413,load_sweep,rho0.5,0.8415913916531218,True,post_first_contact_20s
-2.078174823305207,3.2109516038374073,smith_effective_occupancy,32,0.1604280357308574,3.799549843243965,load_sweep,rho0.5,0.44484007960773986,False,post_first_contact_40s
-0.35032962292870656,1.4831064034609065,smith_effective_occupancy,32,0.5797239718467831,2.0066019095746674,load_sweep,rho0.5,0.9899131365257926,True,post_first_contact_40s
-2.0635656220559855,3.2384628755991804,smith,1390,0.09239631550037497,3.889606439895176,load_sweep,rho1.0,0.1832296178014014,False,all
-1.452276340960517,2.627173594503712,smith,1390,0.13150068233079037,3.3490287010706243,load_sweep,rho1.0,0.23269156979928937,True,all
0.010605404124512111,2.0638645691942283,smith,1315,0.41811305546868627,2.6206814821905695,load_sweep,rho1.0,0.46771206994187514,False,contact_only
0.6421874013694331,1.4322825719493075,smith,1315,0.5759475418316233,2.159254861405439,load_sweep,rho1.0,0.5930713786818964,True,contact_only
0.4700776925996802,2.192156159846752,smith,799,0.3317676330947825,2.8826582952356308,load_sweep,rho1.0,0.5197350952718361,False,post_first_contact_20s
0.997544543135317,1.664689309311115,smith,799,0.45105802600584366,2.6436021183641945,load_sweep,rho1.0,0.6296038272847803,True,post_first_contact_20s
-1.4123131272185616,2.070275582571785,smith,166,0.5144971025075861,2.6409237859375256,load_sweep,rho1.0,0.8641594282029927,False,post_first_contact_40s
-0.5862047426191431,1.244167197972367,smith,166,0.6287810358810094,2.043724949362378,load_sweep,rho1.0,0.8774014558302395,True,post_first_contact_40s
-1.2754760915522567,3.0676446995427904,smith_no_prices,416,0.0016345843095616486,3.918558019491153,load_sweep,rho1.0,0.023980089631073193,False,all
-0.9252479588416487,2.7174165668321826,smith_no_prices,416,0.0035824619473223684,3.630631499750793,load_sweep,rho1.0,0.03772366109090412,True,all
0.9535642072861132,2.0937328839109743,smith_no_prices,392,0.38217960038367105,2.7593157257493437,load_sweep,rho1.0,0.46632844940184165,False,contact_only
1.296068498675693,1.7512285925213948,smith_no_prices,392,0.4965986081562107,2.522359198692679,load_sweep,rho1.0,0.5721635764156731,True,contact_only
1.6259732563811717,2.6495438073473134,smith_no_prices,217,0.21312775267607165,3.442969589290294,load_sweep,rho1.0,0.40910781284948505,False,post_first_contact_20s
1.8891259585152718,2.386391105213213,smith_no_prices,217,0.28719888855895614,3.3637024846632824,load_sweep,rho1.0,0.48537351312088717,True,post_first_contact_20s
-0.4189645054380353,2.9531865537714,smith_no_prices,22,0.11190231233414483,3.7632579610773544,load_sweep,rho1.0,0.3655177614681298,False,post_first_contact_40s
0.2195483603582253,2.314673687975139,smith_no_prices,22,0.21224103481720336,3.4460151735908884,load_sweep,rho1.0,0.48038813417308723,True,post_first_contact_40s
-3.0478100797901977,3.051746381231847,smith_no_integer,223,0.6317700517788881,3.44984913029222,load_sweep,rho1.0,0.6888051179978105,False,all
-2.141415902390705,2.1453522038323545,smith_no_integer,223,0.766908823882375,2.525662441705808,load_sweep,rho1.0,0.7269329880239599,True,all
-1.6395682367693567,1.7142380849180494,smith_no_integer,217,0.7458733289502628,2.118163054241633,load_sweep,rho1.0,0.817260377614592,False,contact_only
-0.7063284499729137,0.7809982981216061,smith_no_integer,217,0.8881269775298618,1.178387470128615,load_sweep,rho1.0,0.8398511475569245,True,contact_only
-1.1662752059094292,1.296552793985045,smith_no_integer,159,0.8713261003822463,1.6143915680178642,load_sweep,rho1.0,1.098863022138336,False,post_first_contact_20s
-0.47511124575722036,0.605388833832836,smith_no_integer,159,0.9243571121659965,0.9819806824352675,load_sweep,rho1.0,1.0776909255430622,True,post_first_contact_20s
-1.2155503420073468,1.3358915916353509,smith_no_integer,72,0.8634102043375299,1.6713834088564925,load_sweep,rho1.0,1.1007462296635293,False,post_first_contact_40s
-0.6684233892887281,0.7887646389167321,smith_no_integer,72,0.9243384564767285,1.0835827780650655,load_sweep,rho1.0,1.0688227585466796,True,post_first_contact_40s
-2.408915216775927,3.409063033641027,smith_effective_occupancy,357,0.14271177491432208,3.994941015846577,load_sweep,rho1.0,0.2212227876685376,False,all
-1.5939403925871993,2.5940882094523,smith_effective_occupancy,357,0.20154963486570976,3.249439570703934,load_sweep,rho1.0,0.2845185351231783,True,all
-0.3264421424595593,2.1907761703640967,smith_effective_occupancy,335,0.41593798667577453,2.700439949096365,load_sweep,rho1.0,0.4592706085290808,False,contact_only
0.52191614157516,1.3424178863293768,smith_effective_occupancy,335,0.609435898098335,2.058534759323642,load_sweep,rho1.0,0.6096354397061324,True,contact_only
0.2453592090971206,2.18606942948461,smith_effective_occupancy,210,0.3940469390712903,2.7770456592463364,load_sweep,rho1.0,0.5678007279680441,False,post_first_contact_20s
0.9755793765820259,1.4558492619997048,smith_effective_occupancy,210,0.5670806555352157,2.3944091460856973,load_sweep,rho1.0,0.7169429867591347,True,post_first_contact_20s
-2.169221161183264,2.53863743993647,smith_effective_occupancy,34,0.5461855617612311,2.8667082788552216,load_sweep,rho1.0,0.9176293492391192,False,post_first_contact_40s
-0.8805778955708327,1.2499941743240388,smith_effective_occupancy,34,0.7009740688044941,1.7514762116355442,load_sweep,rho1.0,0.9973302590686796,True,post_first_contact_40s
-1.6710719862840855,3.19368096991333,smith,1382,0.05224913689163102,3.8555226698631717,load_sweep,rho1.7,0.13972627693396333,False,all
-1.1662525917563913,2.688861575385636,smith,1382,0.07739460832922263,3.4502046214857267,load_sweep,rho1.7,0.17869504982503787,True,all
0.402164566539196,2.1334449887442006,smith,1289,0.3935601051988298,2.709313653931584,load_sweep,rho1.7,0.45057569042032564,False,contact_only
0.92912581262723,1.6064837426561662,smith,1289,0.5277348814086724,2.3853192328867534,load_sweep,rho1.7,0.5588284482493622,True,contact_only
0.7450357482234559,2.3384822607108,smith,779,0.28979120764622734,3.0600882311973043,load_sweep,rho1.7,0.4644792227703508,False,post_first_contact_20s
1.2500212770473236,1.8334967318869324,smith,779,0.4053038579896864,2.8446474258469876,load_sweep,rho1.7,0.5773192703621263,True,post_first_contact_20s
-1.327349621326332,2.011522148873989,smith,146,0.474927614959314,2.645908911499174,load_sweep,rho1.7,0.7954509805862093,False,post_first_contact_40s
-0.58404172862466,1.2682142561723166,smith,146,0.5753688407790762,2.1384706605399004,load_sweep,rho1.7,0.8278478486839386,True,post_first_contact_40s
-1.023377856487186,3.0421232097560544,smith_no_prices,425,0.002175465713384672,3.863588527221921,load_sweep,rho1.7,0.02888484465180548,False,all
-0.7281502235800619,2.74689557684893,smith_no_prices,425,0.004077973177545657,3.6479950466421376,load_sweep,rho1.7,0.041400070399510554,True,all
1.0684262808423401,2.119931201248934,smith_no_prices,401,0.3805213030357414,2.794289324193201,load_sweep,rho1.7,0.4688188155001868,False,contact_only
1.365854681056768,1.8225028010345061,smith_no_prices,401,0.4704546382653586,2.6265957710180983,load_sweep,rho1.7,0.5531519452418054,True,contact_only
1.7187681549024072,2.5433226099379938,smith_no_prices,223,0.29738868081561853,3.3203197784831335,load_sweep,rho1.7,0.48689382194333536,False,post_first_contact_20s
2.0111234389790082,2.2509673258613927,smith_no_prices,223,0.3895677212009351,3.228832245296029,load_sweep,rho1.7,0.5788573156014516,True,post_first_contact_20s
-0.20654885454914776,2.8025007176512085,smith_no_prices,17,0.012229621410532077,3.7937637617306503,load_sweep,rho1.7,0.12698606262685158,False,post_first_contact_40s
0.2874667239769283,2.3084851391251324,smith_no_prices,17,0.03725693633072902,3.6116394515269135,load_sweep,rho1.7,0.22315158663181403,True,post_first_contact_40s
-3.0048183832257647,3.0178469479467775,smith_no_integer,214,0.6390985297575054,3.401168252476811,load_sweep,rho1.7,0.7273805791607838,False,all
-2.170844543558184,2.1838731082791973,smith_no_integer,214,0.7245150038578869,2.6155126308671406,load_sweep,rho1.7,0.7268718524813773,True,all
-1.6046534774265806,1.6827620180898963,smith_no_integer,196,0.7929506286020558,1.9848287039468084,load_sweep,rho1.7,0.8922639542470914,False,contact_only
-0.698645024298441,0.776753564961757,smith_no_integer,196,0.9086783068761485,1.0950189871840006,load_sweep,rho1.7,0.8638491796148459,True,contact_only
-1.2608123355289138,1.4086970640616825,smith_no_integer,147,0.8322543834384276,1.7475594691937302,load_sweep,rho1.7,1.084974219862404,False,post_first_contact_20s
-0.47875693738665587,0.6266416659194245,smith_no_integer,147,0.9021644852457071,1.0377945449209531,load_sweep,rho1.7,1.0524597459705853,True,post_first_contact_20s
-1.119192301092681,1.3140029703604936,smith_no_integer,69,0.8157793045967404,1.7051990221364812,load_sweep,rho1.7,1.1425109775910556,False,post_first_contact_40s
-0.6354192973869061,0.8302299666547187,smith_no_integer,69,0.8773383360504208,1.2320212711757124,load_sweep,rho1.7,1.1187720371752643,True,post_first_contact_40s
-1.7945655237656697,3.3533340545155297,smith_effective_occupancy,357,0.06082372002028047,3.9618708296503446,load_sweep,rho1.7,0.13960295990129287,False,all
-1.1525771212778022,2.7113456520276618,smith_effective_occupancy,357,0.09092940407068595,3.423154803318445,load_sweep,rho1.7,0.1836356814298418,True,all
0.4397088163085475,2.3228073263286984,smith_effective_occupancy,326,0.3831588826181176,2.8710132025735784,load_sweep,rho1.7,0.4135482132677586,False,contact_only
1.0830223953763398,1.6794937472609062,smith_effective_occupancy,326,0.537049375215698,2.4722670783508462,load_sweep,rho1.7,0.5404329554652125,True,contact_only
0.7153257267334677,2.5911333372869056,smith_effective_occupancy,188,0.2443840068288642,3.2593866452557125,load_sweep,rho1.7,0.41146225277945836,False,post_first_contact_20s
1.3467265146912242,1.95973254932915,smith_effective_occupancy,188,0.38704895626880376,2.960064875232243,load_sweep,rho1.7,0.5545049446618747,True,post_first_contact_20s
-2.1245235238332736,2.725997897490541,smith_effective_occupancy,29,0.4213292132550954,3.239181997511526,load_sweep,rho1.7,0.7520274393376777,False,post_first_contact_40s
-0.8094284722791869,1.4109028459364543,smith_effective_occupancy,29,0.5704227006369429,2.252777029054007,load_sweep,rho1.7,0.808315423774324,True,post_first_contact_40s
-2.458691254754161,3.3371045015424534,smith,2586,0.1690220825609512,3.906288708955494,nominal_flow,rho0.7,0.24174125868261453,False,all
-1.5351563152972203,2.413569562085513,smith,2586,0.25805541888769434,3.0346548856667974,nominal_flow,rho0.7,0.32503552820393855,True,all
-0.5899219977043528,2.12873613284231,smith,2493,0.4263260217432612,2.6708915050420647,nominal_flow,rho0.7,0.4821771084235474,False,contact_only
0.39669359755576306,1.142120537582194,smith,2493,0.6787922965970021,1.7884919611243866,nominal_flow,rho0.7,0.6757486981081073,True,contact_only
-0.2316807941285579,2.0401320828994542,smith,1428,0.39543161787460746,2.671134742117446,nominal_flow,rho0.7,0.5723217848152087,False,post_first_contact_20s
0.6092865099420461,1.1991647788288504,smith,1428,0.5996095390959343,2.0795284255857025,nominal_flow,rho0.7,0.7590981985775637,True,post_first_contact_20s
-1.4185457966368042,1.9989997846209735,smith,267,0.558908277290753,2.5279444544097553,nominal_flow,rho0.7,0.9222327939150202,False,post_first_contact_40s
-0.49897033919307376,1.079424327177243,smith,267,0.7724420590574614,1.5810694287108709,nominal_flow,rho0.7,1.0418515354390403,True,post_first_contact_40s
-1.8804467709973636,3.1161571024020462,smith_no_prices,811,0.0529009591306705,3.809405292261915,nominal_flow,rho0.7,0.12531175479189052,False,all
-1.2178892302579922,2.4535995616626742,smith_no_prices,811,0.09429404546565168,3.176280605532068,nominal_flow,rho0.7,0.18386876288461232,True,all
0.09262005565088229,2.0748583727883934,smith_no_prices,786,0.374518750492857,2.7323334763762954,nominal_flow,rho0.7,0.4520818928356187,False,contact_only
0.7982772066083751,1.3692012218309004,smith_no_prices,786,0.6002292013632218,2.082936383117571,nominal_flow,rho0.7,0.6437892384567019,True,contact_only
0.49699078363463023,2.123832117312127,smith_no_prices,425,0.29759369070213826,2.926177126781907,nominal_flow,rho0.7,0.4921419142442098,False,post_first_contact_20s
1.07027835333235,1.550544547614407,smith_no_prices,425,0.4864223943291368,2.4881467577539147,nominal_flow,rho0.7,0.6828980008908354,True,post_first_contact_20s
-1.3130804474847544,2.5692759795858886,smith_no_prices,42,0.25260746405095946,3.3964316846133795,nominal_flow,rho0.7,0.6545652958700556,False,post_first_contact_40s
-0.27476618585140977,1.5309617179525443,smith_no_prices,42,0.5549278227529164,2.329854109512211,nominal_flow,rho0.7,0.9583168643540732,True,post_first_contact_40s
-3.1506636965128725,3.1676925681967902,smith_no_integer,370,0.5761481419419846,3.646419682934531,nominal_flow,rho0.7,0.6221360915603207,False,all
-1.949950779828762,1.9669796515126794,smith_no_integer,370,0.8113210101500876,2.303819771141129,nominal_flow,rho0.7,0.7444509979708734,True,all
-1.864592417270438,1.9352300940106368,smith_no_integer,362,0.7012033132009587,2.3857786431569195,nominal_flow,rho0.7,0.7641362251665371,False,contact_only
-0.6087662624915634,0.6794039392317623,smith_no_integer,362,0.9248311720816453,0.992761023908171,nominal_flow,rho0.7,0.8556345938142382,True,contact_only
-1.3533163795758518,1.491417897432169,smith_no_integer,246,0.8094205331645282,1.8636569366854545,nominal_flow,rho0.7,1.0188898115885072,False,post_first_contact_20s
-0.4097500882682542,0.5478516061245712,smith_no_integer,246,0.9241811131570651,0.9217131330900034,nominal_flow,rho0.7,1.0648305689254904,True,post_first_contact_20s
-1.2209216465059125,1.4322435001254628,smith_no_integer,100,0.8356244342077156,1.7788134392318977,nominal_flow,rho0.7,1.1599930841115493,False,post_first_contact_40s
-0.641576541353649,0.8528983949731992,smith_no_integer,100,0.894804365750559,1.2124434922309593,nominal_flow,rho0.7,1.110189959286009,True,post_first_contact_40s
-2.8555142343143376,3.6539148806677426,smith_effective_occupancy,649,0.2210974161291741,4.117329259808883,nominal_flow,rho0.7,0.27996270355137565,False,all
-1.6187273249548513,2.417127971308256,smith_effective_occupancy,649,0.3230541778278788,3.0052442259177834,nominal_flow,rho0.7,0.36757635102978603,True,all
-1.0118588272378823,2.374258024811574,smith_effective_occupancy,619,0.44282374776618283,2.819271300659225,nominal_flow,rho0.7,0.4807326420947471,False,contact_only
0.31161541077029686,1.0507837868033947,smith_effective_occupancy,619,0.7380641035476567,1.6409320581671833,nominal_flow,rho0.7,0.696169384565569,True,contact_only
-0.6275098069917165,2.2105499451323403,smith_effective_occupancy,335,0.42662336479708374,2.7388156612070764,nominal_flow,rho0.7,0.5884729266690474,False,post_first_contact_20s
0.5113089560810046,1.071731182059619,smith_effective_occupancy,335,0.659092658502507,1.945447739951682,nominal_flow,rho0.7,0.7896661015169467,True,post_first_contact_20s
-1.7579383113352332,2.548627232481176,smith_effective_occupancy,48,0.39629734932376515,2.878989774511401,nominal_flow,rho0.7,0.7155035433889883,False,post_first_contact_40s
-0.4689460271302512,1.2596349482761933,smith_effective_occupancy,48,0.7124462199143835,1.5718459262722244,nominal_flow,rho0.7,0.9643642102573001,True,post_first_contact_40s
-3.62400840762471,3.914852699154386,smith,855,0.19469680336357464,4.563934680023228,nominal_flow_big,rho0.7_L30,0.24527425784623158,False,all
-2.597685239994352,2.888529531524029,smith,855,0.2827228860578411,3.5868573982859506,nominal_flow_big,rho0.7_L30,0.3109560547690091,True,all
-1.3333343438927732,2.2191577633385555,smith,735,0.39638111384172503,2.9525414777989227,nominal_flow_big,rho0.7_L30,0.45249411884934027,False,contact_only
-0.22395143221228955,1.109774851658072,smith,735,0.6618342716608008,1.7550272683133823,nominal_flow_big,rho0.7_L30,0.6580238849556106,True,contact_only
-0.9485110189618329,2.0438534683608856,smith,657,0.41689187888052015,2.7590034436587993,nominal_flow_big,rho0.7_L30,0.5569056331079876,False,post_first_contact_20s
0.06086795126278816,1.0344744981362644,smith,657,0.6398779933966188,1.8250092184815199,nominal_flow_big,rho0.7_L30,0.7660291500876143,True,post_first_contact_20s
-0.9625353815443365,1.9283739388147878,smith,500,0.4728649102742506,2.5677664364746575,nominal_flow_big,rho0.7_L30,0.6271163174158902,False,post_first_contact_40s
-0.046200227949001145,1.0120387852194523,smith,500,0.6610407827563923,1.753097475451351,nominal_flow_big,rho0.7_L30,0.8079971105716215,True,post_first_contact_40s
-3.3600067035367283,3.7920283678290385,smith_no_prices,227,0.07363080279292755,4.584161114328019,nominal_flow_big,rho0.7_L30,0.13600677481027554,False,all
-2.521931575311397,2.953953239603707,smith_no_prices,227,0.11045314788138227,3.783582910444158,nominal_flow_big,rho0.7_L30,0.17978359153677043,True,all
-0.759985795929192,2.0976428673785845,smith_no_prices,190,0.35394160119617135,2.999597855647027,nominal_flow_big,rho0.7_L30,0.4083177269853745,False,contact_only
0.15332373904611046,1.1843333324032816,smith_no_prices,190,0.6146586652106609,1.8822181322189704,nominal_flow_big,rho0.7_L30,0.63950476769099,True,contact_only
-0.22987020893549437,2.013114949111316,smith_no_prices,167,0.36290564295395655,2.894733585408608,nominal_flow_big,rho0.7_L30,0.48259083682483633,False,post_first_contact_20s
0.5726966487998935,1.2105480913759286,smith_no_prices,167,0.6087893858653054,2.019009597148808,nominal_flow_big,rho0.7_L30,0.7298772925386653,True,post_first_contact_20s
-0.04752883816684388,1.9600668152406577,smith_no_prices,119,0.37833381272845457,2.7177845244610346,nominal_flow_big,rho0.7_L30,0.5315499887532011,False,post_first_contact_40s
0.5818581108030279,1.330679866270786,smith_no_prices,119,0.5552303672604337,2.1575501981352403,nominal_flow_big,rho0.7_L30,0.7125003646743778,True,post_first_contact_40s
-3.5311103640349244,3.5458799432467254,smith_no_integer,200,0.4574943389697782,4.038502850038515,nominal_flow_big,rho0.7_L30,0.49718070522413665,False,all
-2.5006209804586312,2.515390559670432,smith_no_integer,200,0.6312445219531384,3.021215234225304,nominal_flow_big,rho0.7_L30,0.5606933943486713,True,all
-1.7266633929604565,1.8688119196147628,smith_no_integer,179,0.6345202520239315,2.341446730402608,nominal_flow_big,rho0.7_L30,0.7044427669610578,False,contact_only
-0.7820647813359927,0.9242133079902988,smith_no_integer,179,0.8057629006346027,1.428095454346282,nominal_flow_big,rho0.7_L30,0.762487105409435,True,contact_only
-1.4935238686923726,1.7089052181223405,smith_no_integer,163,0.663831319855088,2.190201997646201,nominal_flow_big,rho0.7_L30,0.8526370575153978,False,post_first_contact_20s
-0.5908774756730004,0.8062588251029688,smith_no_integer,163,0.8052017507656779,1.3440883587430597,nominal_flow_big,rho0.7_L30,0.9126701809753562,True,post_first_contact_20s
-1.3771516883893418,1.6856717866947213,smith_no_integer,136,0.6510351626553135,2.1750148952820783,nominal_flow_big,rho0.7_L30,0.8428547932079969,False,post_first_contact_40s
-0.5482897287900941,0.8568098270954737,smith_no_integer,136,0.7865956862329868,1.401006804494343,nominal_flow_big,rho0.7_L30,0.9294423162608528,True,post_first_contact_40s
-4.0867560645088075,4.345590147593426,smith_effective_occupancy,195,0.26447854493602907,4.90799932177765,nominal_flow_big,rho0.7_L30,0.27839433595046603,False,all
-2.8148836353820115,3.0737177184666296,smith_effective_occupancy,195,0.3283880620410654,3.712666650750804,nominal_flow_big,rho0.7_L30,0.3326534403763762,True,all
-1.888343752333562,2.6328153601533963,smith_effective_occupancy,164,0.3499068983216572,3.3282577424970095,nominal_flow_big,rho0.7_L30,0.42380152209087646,False,contact_only
-0.3667388538591095,1.1112104616789436,smith_effective_occupancy,164,0.6540177940828551,1.8171690508618525,nominal_flow_big,rho0.7_L30,0.6433896297532332,True,contact_only
-1.4943141142024081,2.264656623687238,smith_effective_occupancy,151,0.4670255446471544,2.844614231680553,nominal_flow_big,rho0.7_L30,0.634722104612407,False,post_first_contact_20s
-0.14109824122479256,0.9114407507096224,smith_effective_occupancy,151,0.6759791374513704,1.733962745508452,nominal_flow_big,rho0.7_L30,0.8346545089522389,True,post_first_contact_20s
-1.643825985926483,2.054757730757744,smith_effective_occupancy,114,0.5974339009828746,2.5935634696814973,nominal_flow_big,rho0.7_L30,0.7577184954424259,False,post_first_contact_40s
-0.32376721546255444,0.7346989602938154,smith_effective_occupancy,114,0.7979061389387574,1.3687361237479396,nominal_flow_big,rho0.7_L30,0.956296766829151,True,post_first_contact_40s
-2.005036300278076,3.066831100546632,smith,2434,0.16789254069954906,3.600723543088372,robot_failures,fail4,0.2558020442874672,False,all
-1.279970630146507,2.3417654304150632,smith,2434,0.23894676176498353,2.9508814418614104,robot_failures,fail4,0.32618889033609827,True,all
-0.3102320618924408,2.0225431166272076,smith,2351,0.4356721029731285,2.4957662636742337,robot_failures,fail4,0.5033807654670889,False,contact_only
0.465827845850029,1.2464832088847375,smith,2351,0.6126403316940963,1.9546043887804587,robot_failures,fail4,0.6402616655942878,True,contact_only
0.21602228605956791,2.0240283645914827,smith,1405,0.39339058132917903,2.6977060080437396,robot_failures,fail4,0.5633129082010842,False,post_first_contact_20s
0.8026302601277182,1.4374203905233318,smith,1405,0.4957732538263073,2.443572253328895,robot_failures,fail4,0.6732287861787327,True,post_first_contact_20s
-0.6220689554904089,1.818224823420635,smith,369,0.4845293653961693,2.341866489534846,robot_failures,fail4,0.7332467906219153,False,post_first_contact_40s
-0.07567492142727629,1.2718307893575025,smith,369,0.583950057362413,1.9900188138409471,robot_failures,fail4,0.8065540610029772,True,post_first_contact_40s
-1.3013973303473825,2.8289648882724436,smith_no_prices,756,0.05826394451674466,3.4529615574691896,robot_failures,fail4,0.14894769278181613,False,all
-0.8354579379530216,2.3630254958780825,smith_no_prices,756,0.0884208841973031,3.065313407117801,robot_failures,fail4,0.19501299085169563,True,all
0.46064851458242323,1.995313120372214,smith_no_prices,734,0.3925688460345228,2.5608160506725652,robot_failures,fail4,0.4930992768211493,False,contact_only
0.947189467032182,1.508772167922455,smith_no_prices,734,0.5326925647972409,2.2639309777274117,robot_failures,fail4,0.6121362603761421,True,contact_only
1.0955163090951143,2.178885185231614,smith_no_prices,435,0.34029609648265113,2.9686661825929357,robot_failures,fail4,0.5446924074372808,False,post_first_contact_20s
1.4640623684045961,1.8103391259221322,smith_no_prices,435,0.43380918395199475,2.8459489756452743,robot_failures,fail4,0.6410976918565218,True,post_first_contact_20s
0.15699119323043476,2.0034848294126855,smith_no_prices,74,0.29855740706147993,2.690144088022291,robot_failures,fail4,0.5979483195124792,False,post_first_contact_40s
0.5161208917582936,1.6443551308848272,smith_no_prices,74,0.3633497656689829,2.545628482134636,robot_failures,fail4,0.6753232489277199,True,post_first_contact_40s
-2.7334889634197204,2.789850158148572,smith_no_integer,363,0.6448374775955247,3.207813622512165,robot_failures,fail4,0.6429849588731416,False,all
-1.8370458549460522,1.893407049674904,smith_no_integer,363,0.8090608534313982,2.229729592593297,robot_failures,fail4,0.7194884503016287,True,all
-1.4858923323820596,1.6169871599371695,smith_no_integer,351,0.7841719325347993,1.9518119738210469,robot_failures,fail4,0.7800827206006838,False,contact_only
-0.5479681294352904,0.6790629569904004,smith_no_integer,351,0.9256214263548905,0.9948829800983614,robot_failures,fail4,0.8187451383535478,True,contact_only
-1.0048832445777829,1.2229650388208497,smith_no_integer,231,0.842892129915768,1.5132122300681432,robot_failures,fail4,0.9415483151504481,False,post_first_contact_20s
-0.37428479910755424,0.5923665933506216,smith_no_integer,231,0.9031557789944891,0.959759858631688,robot_failures,fail4,0.9677519846016399,True,post_first_contact_20s
-0.79476016855545,1.2223097400616578,smith_no_integer,110,0.7942413401568045,1.5273880223170184,robot_failures,fail4,0.891776161388844,False,post_first_contact_40s
-0.39239187368058515,0.8199414451867931,smith_no_integer,110,0.8564734251087308,1.150174682442796,robot_failures,fail4,0.923447509501022,True,post_first_contact_40s
-2.558681693947916,3.3815029037773168,smith_effective_occupancy,619,0.2704814209845764,3.798964551692879,robot_failures,fail4,0.3275927012314611,False,all
-1.495614710463978,2.3184359202933797,smith_effective_occupancy,619,0.36856009423491654,2.8373647139896603,robot_failures,fail4,0.4126616122039621,True,all
-0.9089813951466549,2.2561851591676554,smith_effective_occupancy,596,0.4637394182231074,2.619569998199389,robot_failures,fail4,0.512137800339263,False,contact_only
0.2321423150049857,1.1150614490160147,smith_effective_occupancy,596,0.6785470915288956,1.7630533872198395,robot_failures,fail4,0.6711695590058689,True,contact_only
-0.24404203092814908,2.2041890703251426,smith_effective_occupancy,340,0.3990491820222649,2.795183546433728,robot_failures,fail4,0.5582930259177926,False,post_first_contact_20s
0.6615203290609218,1.2986267103360718,smith_effective_occupancy,340,0.5208516782408876,2.387470501649959,robot_failures,fail4,0.6971843265070047,True,post_first_contact_20s
-1.1995392478026423,2.3926118789079935,smith_effective_occupancy,74,0.3615206492313797,2.810945648739557,robot_failures,fail4,0.6653921512911471,False,post_first_contact_40s
-0.3777122620207608,1.570784893126112,smith_effective_occupancy,74,0.48976008527660964,2.2298196567933024,robot_failures,fail4,0.7885552477357273,True,post_first_contact_40s
2.8421979092731218,5.205888655302141,smith,2017,0.4735773768178796,5.614451471673074,scarcity_extreme,rho2.2_heavy,-0.7078910831806853,False,all
2.846264827233113,5.201821737342152,smith,2017,0.4759961304734426,5.610278895531169,scarcity_extreme,rho2.2_heavy,-0.7126133086229489,True,all
5.874309832727484,5.9325539983246545,smith,1790,0.16477830311324393,6.217259264636229,scarcity_extreme,rho2.2_heavy,0.24970743228311904,False,contact_only
5.874309832727484,5.9325539983246545,smith,1790,0.16477830311324393,6.217259264636229,scarcity_extreme,rho2.2_heavy,0.24970743228311904,True,contact_only
6.343829046797118,6.5772083063487035,smith,1111,0.020701913076963674,6.872925577232192,scarcity_extreme,rho2.2_heavy,0.10968864958180012,False,post_first_contact_20s
6.343829046797118,6.5772083063487035,smith,1111,0.020701913076963674,6.872925577232192,scarcity_extreme,rho2.2_heavy,0.10968864958180012,True,post_first_contact_20s
2.8779613502640187,4.2783164006646075,smith,146,0.00433170354314405,5.138285795299746,scarcity_extreme,rho2.2_heavy,-0.05383984230061202,False,post_first_contact_40s
2.8779613502640187,4.2783164006646075,smith,146,0.00433170354314405,5.138285795299746,scarcity_extreme,rho2.2_heavy,-0.05383984230061202,True,post_first_contact_40s
3.515200099735548,5.450340337169974,smith_no_prices,652,0.6699063580605482,5.82340547443773,scarcity_extreme,rho2.2_heavy,-1.0361460899809187,False,all
3.515200099735548,5.450340337169974,smith_no_prices,652,0.6699063580605482,5.82340547443773,scarcity_extreme,rho2.2_heavy,-1.0361460899809187,True,all
6.367349371878431,6.367349371878431,smith_no_prices,578,0.23397625545808132,6.524751981278377,scarcity_extreme,rho2.2_heavy,0.3902117015315622,False,contact_only
6.367349371878431,6.367349371878431,smith_no_prices,578,0.23397625545808132,6.524751981278377,scarcity_extreme,rho2.2_heavy,0.3902117015315622,True,contact_only
6.90611631168992,7.045954353444376,smith_no_prices,351,0.02645804504279259,7.203730809320159,scarcity_extreme,rho2.2_heavy,0.15417747785243713,False,post_first_contact_20s
6.90611631168992,7.045954353444376,smith_no_prices,351,0.02645804504279259,7.203730809320159,scarcity_extreme,rho2.2_heavy,0.15417747785243713,True,post_first_contact_20s
4.080101045570097,5.717208182617009,smith_no_prices,22,0.21826744144818044,6.274312337743736,scarcity_extreme,rho2.2_heavy,-0.49872397012608677,False,post_first_contact_40s
4.080101045570097,5.717208182617009,smith_no_prices,22,0.21826744144818044,6.274312337743736,scarcity_extreme,rho2.2_heavy,-0.49872397012608677,True,post_first_contact_40s
-1.1545593423360039,3.1277855373198755,smith_no_integer,93,0.06363907272696201,3.8892340110116934,scarcity_extreme,rho2.2_heavy,0.26543341012512184,False,all
-1.1082700074619811,3.0814962024458525,smith_no_integer,93,0.07236379770014134,3.8116983412525234,scarcity_extreme,rho2.2_heavy,0.2873045137014051,True,all
1.0855602118748202,2.3519335577019325,smith_no_integer,69,0.2849104556759936,3.023968434334017,scarcity_extreme,rho2.2_heavy,0.388630871515584,False,contact_only
1.0855602118748202,2.3519335577019325,smith_no_integer,69,0.2849104556759936,3.023968434334017,scarcity_extreme,rho2.2_heavy,0.388630871515584,True,contact_only
1.1934058316599734,2.3769794257520425,smith_no_integer,56,0.33449696136317686,3.1139243208547676,scarcity_extreme,rho2.2_heavy,0.42553042478061237,False,post_first_contact_20s
1.1934058316599734,2.3769794257520425,smith_no_integer,56,0.33449696136317686,3.1139243208547676,scarcity_extreme,rho2.2_heavy,0.42553042478061237,True,post_first_contact_20s
1.1409250678026706,2.364139666937151,smith_no_integer,54,0.31032789395130655,3.129059265084141,scarcity_extreme,rho2.2_heavy,0.4123707120067867,False,post_first_contact_40s
1.1409250678026706,2.364139666937151,smith_no_integer,54,0.31032789395130655,3.129059265084141,scarcity_extreme,rho2.2_heavy,0.4123707120067867,True,post_first_contact_40s
2.806622785834603,5.247752586975661,smith_effective_occupancy,635,0.5280340370919547,5.627536633823326,scarcity_extreme,rho2.2_heavy,-0.7082846140940162,False,all
2.810306393749009,5.244068979061256,smith_effective_occupancy,635,0.532687809728488,5.62432873418608,scarcity_extreme,rho2.2_heavy,-0.714379663882457,True,all
5.914987584879508,5.93256678564345,smith_effective_occupancy,571,0.2761287723529736,6.204101786891141,scarcity_extreme,rho2.2_heavy,0.2936388116828663,False,contact_only
5.914987584879508,5.93256678564345,smith_effective_occupancy,571,0.2761287723529736,6.204101786891141,scarcity_extreme,rho2.2_heavy,0.2936388116828663,True,contact_only
6.450709019443442,6.681206982979262,smith_effective_occupancy,356,0.03379500051936979,6.920523198360245,scarcity_extreme,rho2.2_heavy,0.1357812434755369,False,post_first_contact_20s
6.450709019443442,6.681206982979262,smith_effective_occupancy,356,0.03379500051936979,6.920523198360245,scarcity_extreme,rho2.2_heavy,0.1357812434755369,True,post_first_contact_20s
3.822459797027111,5.252607800153586,smith_effective_occupancy,38,0.22432244939951662,5.937734727395812,scarcity_extreme,rho2.2_heavy,-0.402325043599935,False,post_first_contact_40s
3.822459797027111,5.252607800153586,smith_effective_occupancy,38,0.22432244939951662,5.937734727395812,scarcity_extreme,rho2.2_heavy,-0.402325043599935,True,post_first_contact_40s
1.0095005180906556,1.9334005335373603,smith,4533,3.919622755044205e-05,2.0838021500743076,scarcity_priority,triage_forced,-0.004951656210622937,False,all
1.037273059929738,1.9056279916982781,smith,4533,0.0002306454850781181,2.02178816587306,scarcity_priority,triage_forced,0.012810577387570452,True,all
2.9899458425668994,3.015621181406854,smith,4019,0.6247523401982094,3.364929170447975,scarcity_priority,triage_forced,1.5038609318617968,False,contact_only
2.9917399834070477,3.013827040566706,smith,4019,0.6303748992228664,3.364313390859877,scarcity_priority,triage_forced,1.5157008082918886,True,contact_only
4.619979443146946,4.659379077662991,smith,1869,0.41879440657533584,5.210022575990132,scarcity_priority,triage_forced,1.4665244349329982,False,post_first_contact_20s
4.619979443146946,4.659379077662991,smith,1869,0.41879440657533584,5.210022575990132,scarcity_priority,triage_forced,1.4665244349329982,True,post_first_contact_20s
3.0233222920503056,3.3308445761183814,smith,226,0.18209978396438964,3.985010014036373,scarcity_priority,triage_forced,0.5879725473741367,False,post_first_contact_40s
3.0233222920503056,3.3308445761183814,smith,226,0.18209978396438964,3.985010014036373,scarcity_priority,triage_forced,0.5879725473741367,True,post_first_contact_40s
1.1045858011158385,1.9179624175750711,smith_no_prices,1463,0.03494389587576863,2.037639693799508,scarcity_priority,triage_forced,-0.17324937864486012,False,all
1.111656895405948,1.9108913232849616,smith_no_prices,1463,0.035499111071654155,2.029690922623242,scarcity_priority,triage_forced,-0.17757796469271372,True,all
3.1287522525611404,3.129777893586778,smith_no_prices,1300,0.7449185963695613,3.4902142025659315,scarcity_priority,triage_forced,2.0516344641857613,False,contact_only
3.1287522525611404,3.129777893586778,smith_no_prices,1300,0.7449185963695613,3.4902142025659315,scarcity_priority,triage_forced,2.0516344641857613,True,contact_only
5.197343310857073,5.198454783710474,smith_no_prices,553,0.735345683785475,5.6711604346256825,scarcity_priority,triage_forced,2.588678558812809,False,post_first_contact_20s
5.197343310857073,5.198454783710474,smith_no_prices,553,0.735345683785475,5.6711604346256825,scarcity_priority,triage_forced,2.588678558812809,True,post_first_contact_20s
4.430424099800943,4.430424099800943,smith_no_prices,19,0.5693023614609491,4.97261021653885,scarcity_priority,triage_forced,2.117686811930294,False,post_first_contact_40s
4.430424099800943,4.430424099800943,smith_no_prices,19,0.5693023614609491,4.97261021653885,scarcity_priority,triage_forced,2.117686811930294,True,post_first_contact_40s
-1.5973674474867035,2.100578502332581,smith_no_integer,112,0.08968235507108968,3.3308846487778063,scarcity_priority,triage_forced,0.3085578705191306,False,all
-0.8385423823427308,1.3417534371886082,smith_no_integer,112,0.716878807506286,1.6247893758263976,scarcity_priority,triage_forced,1.2315850300140365,True,all
-0.13867601023065887,1.1038872622697884,smith_no_integer,78,0.3725902457366056,1.2986960421322398,scarcity_priority,triage_forced,0.8910886789467668,False,contact_only
-0.055176894498801324,1.020388146537931,smith_no_integer,78,0.4422879734534816,1.2179628379799612,scarcity_priority,triage_forced,0.9104632447134589,True,contact_only
-0.04285279332446588,1.120707186388144,smith_no_integer,60,0.0002762240210077982,1.4025290731646376,scarcity_priority,triage_forced,-0.08358668431312466,False,post_first_contact_20s
-0.04285279332446588,1.120707186388144,smith_no_integer,60,0.0002762240210077982,1.4025290731646376,scarcity_priority,triage_forced,-0.08358668431312466,True,post_first_contact_20s
-0.037500301661538,1.1208336349948804,smith_no_integer,60,0.00027970886059380806,1.4034928484769675,scarcity_priority,triage_forced,-0.0842107803465595,False,post_first_contact_40s
-0.037500301661538,1.1208336349948804,smith_no_integer,60,0.00027970886059380806,1.4034928484769675,scarcity_priority,triage_forced,-0.0842107803465595,True,post_first_contact_40s
1.059872061684203,1.936583841033748,smith_effective_occupancy,1481,0.0024683962837532825,2.0461360966409416,scarcity_priority,triage_forced,-0.03923682541704047,False,all
1.0702993708791502,1.926156531838801,smith_effective_occupancy,1481,0.0023750806010647274,2.0326950359437634,scarcity_priority,triage_forced,-0.0392768049389774,True,all
3.018010537111625,3.0190191099810115,smith_effective_occupancy,1322,0.7590185599781458,3.3510524639734114,scarcity_priority,triage_forced,1.7803056110363495,False,contact_only
3.018010537111625,3.0190191099810115,smith_effective_occupancy,1322,0.7590185599781458,3.3510524639734114,scarcity_priority,triage_forced,1.7803056110363495,True,contact_only
4.605013510382971,4.607432786888301,smith_effective_occupancy,629,0.5980636668644239,5.123172491545564,scarcity_priority,triage_forced,1.900631686351077,False,post_first_contact_20s
4.605013510382971,4.607432786888301,smith_effective_occupancy,629,0.5980636668644239,5.123172491545564,scarcity_priority,triage_forced,1.900631686351077,True,post_first_contact_20s
4.158260771812555,4.158260771812555,smith_effective_occupancy,68,0.7088519099918749,4.574507231612125,scarcity_priority,triage_forced,1.6019300663963394,False,post_first_contact_40s
4.158260771812555,4.158260771812555,smith_effective_occupancy,68,0.7088519099918749,4.574507231612125,scarcity_priority,triage_forced,1.6019300663963394,True,post_first_contact_40s
-2.366947862292834,3.2015354982223214,smith,2758,0.1670229217120649,3.7634607168855916,task_churn,cancel30,0.24586348100812092,False,all
-1.5833428541201777,2.4179304900496654,smith,2758,0.23941662703507116,3.075026543282702,task_churn,cancel30,0.30956416533610764,True,all
-0.49462214263769877,1.9921250458978534,smith,2629,0.47478179725689695,2.425444766456326,task_churn,cancel30,0.5207374978645686,False,contact_only
0.35029753808493364,1.1472053651752212,smith,2629,0.6814781992576187,1.7535757473307123,task_churn,cancel30,0.6688245388100277,True,contact_only
-0.11652387061566548,1.981185547530835,smith,1576,0.4318215012030786,2.52119492913752,task_churn,cancel30,0.6273451832467792,False,post_first_contact_20s
0.6003416200184145,1.2643200568967552,smith,1576,0.5866553583514467,2.1318496746437714,task_churn,cancel30,0.754662280890617,True,post_first_contact_20s
-1.4205322174836184,2.036042247251591,smith,308,0.568726178800306,2.5415110863126795,task_churn,cancel30,0.8476033375161612,False,post_first_contact_40s
-0.6394622290932204,1.2549722588611931,smith,308,0.6855022756670385,1.922003436489146,task_churn,cancel30,0.8602016698308956,True,post_first_contact_40s
-1.8033232030732467,2.8846818292890117,smith_no_prices,855,0.07833963985939363,3.5897613464673883,task_churn,cancel30,0.15926816970988497,False,all
-1.2695463404921032,2.350904966707868,smith_no_prices,855,0.10849944053293314,3.136948481554384,task_churn,cancel30,0.19889856704359923,True,all
0.1479608373602426,1.8775610617439444,smith_no_prices,820,0.4729410874283585,2.3541525883023025,task_churn,cancel30,0.5243656690844541,False,contact_only
0.7283371435119435,1.2971847555922433,smith_no_prices,820,0.650670397385197,1.8967271226267148,task_churn,cancel30,0.6686967927671634,True,contact_only
0.6094180104752244,2.041759523739204,smith_no_prices,472,0.3762933908123328,2.6985392801775396,task_churn,cancel30,0.6013178128142543,False,post_first_contact_20s
1.0765622763182343,1.5746152578961936,smith_no_prices,472,0.5041243279565868,2.4907122217285105,task_churn,cancel30,0.714915576829058,True,post_first_contact_20s
-1.1676693466973345,2.5303957799444956,smith_no_prices,46,0.24394050391020394,3.306881839637484,task_churn,cancel30,0.4677418655080893,False,post_first_contact_40s
-0.44798994598957004,1.810716379236731,smith_no_prices,46,0.32891250491494506,2.9291868255312568,task_churn,cancel30,0.5259064395369624,True,post_first_contact_40s
-3.0367548971115212,3.083747107567744,smith_no_integer,404,0.5878831432327742,3.497276165634541,task_churn,cancel30,0.6736071868862433,False,all
-2.042803933947451,2.0897961444036737,smith_no_integer,404,0.7453622803866695,2.481082482133906,task_churn,cancel30,0.7244244206813546,True,all
-1.7025048499228534,1.7963429944292693,smith_no_integer,383,0.7450111886758377,2.1388291684591603,task_churn,cancel30,0.8438518730617864,False,contact_only
-0.6281029415313126,0.7219410860377283,smith_no_integer,383,0.9138154815883368,1.0430666980309442,task_churn,cancel30,0.8468820741012599,True,contact_only
-1.2280727797971231,1.3967769846187117,smith_no_integer,268,0.8456732330412066,1.7159315948509772,task_churn,cancel30,1.1116949954653499,False,post_first_contact_20s
-0.43569837478966184,0.6044025796112504,smith_no_integer,268,0.907431329780229,1.01041596173512,task_churn,cancel30,1.0448815378628087,True,post_first_contact_20s
-1.213761776286596,1.4477350534119222,smith_no_integer,109,0.8164952117676776,1.7935253391190533,task_churn,cancel30,1.1454336325814323,False,post_first_contact_40s
-0.7784966455367056,1.012469922662032,smith_no_integer,109,0.8675489399420192,1.3512404241843998,task_churn,cancel30,1.0833989616857225,True,post_first_contact_40s
-2.6541804380909113,3.515317264734614,smith_effective_occupancy,712,0.1538781282303604,3.9913183350444545,task_churn,cancel30,0.23026381693822384,False,all
-1.6421312165311288,2.5032680431748315,smith_effective_occupancy,712,0.23468564630603128,3.130210753575386,task_churn,cancel30,0.29939294560196744,True,all
-0.7143558032179045,2.197466211286089,smith_effective_occupancy,672,0.44140029355435473,2.6049937775563996,task_churn,cancel30,0.4987109078711884,False,contact_only
0.3491931358960373,1.1339172721721473,smith_effective_occupancy,672,0.6749187091965057,1.7898505312019963,task_churn,cancel30,0.6670106908591695,True,contact_only
-0.29853834505102206,2.138844957617708,smith_effective_occupancy,394,0.43506638234544004,2.599782150199738,task_churn,cancel30,0.6232909690878625,False,post_first_contact_20s
0.6147841832797849,1.2255224292869014,smith_effective_occupancy,394,0.6190899987668055,2.0788796059656733,task_churn,cancel30,0.7838027187224795,True,post_first_contact_20s
-2.120091282714244,2.5952062721164046,smith_effective_occupancy,71,0.5522495134469361,2.9062724124335486,task_churn,cancel30,0.833289212999252,False,post_first_contact_40s
-0.8870662444458134,1.3621812338479737,smith_effective_occupancy,71,0.6903799412907101,1.8779613253436849,task_churn,cancel30,0.8673346418636634,True,post_first_contact_40s
