scenario_generator,method,method_label,method_family,method_scope,method_ownership,method_variant,method_comparison_group,method_engine,method_payoff_signal,method_role,method_recommended_phase,method_training_type,method_execution_model,method_communication_pattern,method_trainable_parameters,method_tuned_parameters,method_uses_neural_policy,method_uses_decoder,n,scalar_feasible_rate_mean,wrench_feasible_rate_mean,false_positive_rate_mean,false_positive_given_scalar_rate_mean,wrench_residual_norm_mean,max_wrench_residual_norm_mean,wrench_margin_mean,torque_error_nm_mean,force_error_n_mean,slot_coverage_ratio_mean,complementarity_gain_mean,scalar_wrench_success_gap_mean,slot_conflict_count_mean,assignment_valid_mean,travel_distance_m_mean,estimated_arrival_time_s_mean,energy_proxy_wh_mean,communication_messages_mean,runtime_ms_mean,score_value_mean,oracle_score_value_mean,signed_score_delta_vs_oracle_mean,oracle_dominance_violation_mean,optimality_gap_vs_wrench_oracle_mean,captured_reward_mean,oracle_reward_mean
bar_torque_pure,bnn_wrench_deficit,BNN wrench deficit,model_based,decentralized,baseline,bnn_wrench_deficit,wrench_dynamics_baseline,bnn,positive_excess_wrench_deficit,engine_ablation,B,none,distributed_bnn_wrench_deficit_rule,positive_excess_wrench_scores,0,4,False,False,100,1.0,1.0,0.0,0.0,5.9211894646675e-17,5.9211894646675e-17,0.04999999999999994,0.0,3.552713678800501e-15,1.0,0.7071067811865478,0.0,0.0,1.0,2.673627999630516,2.8131146936289797,15.51819474892617,8.0,1.8998020014259964,66.71015736662997,66.7112342358761,-0.0010768692461296326,0.0,1.6144094916180072e-05,3.5,3.5
bar_torque_pure,capacity_greedy_slots,Capacity greedy slots,classic,decentralized,baseline,capacity_greedy_slots,classic_decentralized_baseline,greedy,scalar_capacity_only,classic_baseline,A,none,distributed_capacity_slot_rule,local_robot_load_slots,0,0,False,False,100,1.0,1.0,0.0,0.0,5.9211894646675e-17,5.9211894646675e-17,0.04999999999999994,0.0,3.552713678800501e-15,1.0,0.7071067811865478,0.0,0.0,1.0,5.770806523359385,6.511067352128932,33.93859692918582,8.0,0.1967360032722354,66.66378102325508,66.7112342358761,-0.04745321262100589,0.0,0.0007113116819057554,3.5,3.5
bar_torque_pure,cbba_slots,CBBA slots,sota,decentralized,baseline,cbba_slot_wrench_proxy,sota_decentralized_baseline,cbba,marginal_wrench_bid,sota_proxy,A,none,distributed_slot_bundle_auction_proxy,auction_robot_slot_bids,0,3,False,False,100,1.0,1.0,0.0,0.0,5.9211894646675e-17,5.9211894646675e-17,0.04999999999999994,0.0,3.552713678800501e-15,1.0,0.7071067811865478,0.0,0.0,1.0,2.675240975277557,2.8153790542025883,15.358752292120798,8.0,2.1204519970342517,66.71021773215061,66.7112342358761,-0.0010165037254911624,0.0,1.5239007155965562e-05,3.5,3.5
bar_torque_pure,hungarian_slots,Hungarian slots,classic,centralized,baseline,hungarian_robot_slot_cost,classic_centralized_baseline,hungarian,robot_slot_cost_only,classic_baseline,A,none,centralized_robot_slot_hungarian,centralized_robot_slot_cost_matrix,0,0,False,False,100,1.0,1.0,0.0,0.0,5.9211894646675e-17,5.9211894646675e-17,0.04999999999999994,0.0,3.552713678800501e-15,1.0,0.7071067811865478,0.0,0.0,1.0,2.602541662908537,2.6216101655678354,15.195587755693225,8.0,0.058946998324245214,66.71117170616726,66.7112342358761,-6.25297088494392e-05,0.0,9.375357135273478e-07,3.5,3.5
bar_torque_pure,oracle_scalar_assignment,Oracle scalar assignment,model_based_oracle,centralized,reference,exact_scalar_capacity_reference,centralized_scalar_reference,oracle,scalar_capacity_only,reference_scalar_false_positive,A,none,centralized_exact_scalar_search,centralized_all_robot_slot_pairs,0,2,False,False,100,1.0,1.0,0.0,0.0,5.9211894646675e-17,5.9211894646675e-17,0.04999999999999994,0.0,3.552713678800501e-15,1.0,0.7071067811865478,0.0,0.0,1.0,2.602541662908537,2.6216101655678354,15.195587755693225,8.0,0.8280999970156699,66.71117170616726,66.7112342358761,-6.25297088494392e-05,0.0,9.375357135273478e-07,3.5,3.5
bar_torque_pure,replicator_wrench_deficit,Replicator wrench deficit,model_based,decentralized,baseline,replicator_wrench_deficit,wrench_dynamics_baseline,replicator,wrench_deficit_minus_rho,engine_ablation,B,none,distributed_replicator_wrench_deficit_rule,local_wrench_deficit_scores,0,4,False,False,100,1.0,1.0,0.0,0.0,5.9211894646675e-17,5.9211894646675e-17,0.04999999999999994,0.0,3.552713678800501e-15,1.0,0.7071067811865478,0.0,0.0,1.0,2.673627999630516,2.8131146936289797,15.51819474892617,8.0,1.8751299974974245,66.71015736662997,66.7112342358761,-0.0010768692461296326,0.0,1.6144094916180072e-05,3.5,3.5
bar_torque_pure,smith_wrench_deficit,Smith-QR wrench deficit,model_based,decentralized,proposed,smith_qr_wrench_deficit,proposed_wrench_deficit,smith,wrench_deficit_minus_rho,main_proposal,A,model_based_tuning_optional,distributed_smith_qr_wrench_deficit_rule,local_wrench_deficit_scores,0,5,False,False,100,1.0,1.0,0.0,0.0,5.9211894646675e-17,5.9211894646675e-17,0.04999999999999994,0.0,3.552713678800501e-15,1.0,0.7071067811865478,0.0,0.0,1.0,2.673627999630516,2.8131146936289797,15.51819474892617,8.0,1.9194730080198497,66.71015736662997,66.7112342358761,-0.0010768692461296326,0.0,1.6144094916180072e-05,3.5,3.5
bar_torque_pure,smith_wrench_marginal,Smith-QR wrench marginal,model_based,decentralized,proposed,smith_qr_delta_rho_wrench_marginal,proposed_wrench_ablation,smith,delta_rho_marginal,proposal_ablation,A,model_based_tuning_optional,distributed_smith_qr_delta_rho_rule,local_marginal_wrench_scores,0,5,False,False,100,1.0,1.0,0.0,0.0,5.9211894646675e-17,5.9211894646675e-17,0.04999999999999994,0.0,3.552713678800501e-15,1.0,0.7071067811865478,0.0,0.0,1.0,2.673627999630516,2.8131146936289797,15.51819474892617,8.0,1.8794490082655102,66.71015736662997,66.7112342358761,-0.0010768692461296326,0.0,1.6144094916180072e-05,3.5,3.5
bar_torque_pure,support_dual_wrench_market,Residual-support wrench market,model_based,decentralized,proposed,residual_support_wrench_market,proposed_wrench_market,residual_support_market,current_residual_wrench_direction,main_proposal,A,model_based_tuning_optional,distributed_residual_support_wrench_market,current_residual_wrench_direction,0,5,False,False,100,1.0,1.0,0.0,0.0,5.9211894646675e-17,5.9211894646675e-17,0.04999999999999994,0.0,3.552713678800501e-15,1.0,0.7071067811865478,0.0,0.0,1.0,6.00378778183836,6.72918482433629,35.609318693600066,8.0,0.9546759945806116,66.66014988727113,66.7112342358761,-0.05108434860496033,0.0,0.0007657397456864015,3.5,3.5
bar_torque_pure,wrench_oracle,Wrench oracle,model_based_oracle,centralized,reference,exact_role_slot_wrench,centralized_wrench_oracle_reference,oracle,strict_wrench_feasible_score,reference,A,none,centralized_exact_role_slot_search,centralized_all_robot_slot_pairs,0,3,False,False,100,1.0,1.0,0.0,0.0,5.9211894646675e-17,5.9211894646675e-17,0.04999999999999994,0.0,3.552713678800501e-15,1.0,0.7071067811865478,0.0,0.0,1.0,2.6057078932062177,2.6401656690276805,14.994538810850624,8.0,3.1914660008624196,66.7112342358761,66.7112342358761,0.0,0.0,0.0,3.5,3.5
long_payload_slots,bnn_wrench_deficit,BNN wrench deficit,model_based,decentralized,baseline,bnn_wrench_deficit,wrench_dynamics_baseline,bnn,positive_excess_wrench_deficit,engine_ablation,B,none,distributed_bnn_wrench_deficit_rule,positive_excess_wrench_scores,0,4,False,False,100,1.0,1.0,0.0,0.0,1.799682654870606e-16,2.4151274168077106e-16,0.04999999999999982,5.542233338928782e-15,6.252776074688882e-15,1.0,0.5732071402728417,0.0,0.0,1.0,11.523315870750134,8.465307839588098,65.90454538020997,40.0,88.25840699719265,133.32876793686088,133.3995773782488,-0.07080944138791409,0.0,0.0005308079679937636,7.0,7.0
long_payload_slots,capacity_greedy_slots,Capacity greedy slots,classic,decentralized,baseline,capacity_greedy_slots,classic_decentralized_baseline,greedy,scalar_capacity_only,classic_baseline,A,none,distributed_capacity_slot_rule,local_robot_load_slots,0,0,False,False,100,1.0,1.0,0.0,0.0,1.7704411734139928e-16,2.356644453894484e-16,0.04999999999999982,5.595524044110789e-15,6.0396132539608514e-15,1.0,0.5756268079356791,0.0,0.0,1.0,22.057143511068542,14.614539418011745,126.28265080514582,40.0,0.5629299918655306,133.1721729524646,133.3995773782488,-0.22740442578420555,0.0,0.00170465698536861,7.0,7.0
long_payload_slots,cbba_slots,CBBA slots,sota,decentralized,baseline,cbba_slot_wrench_proxy,sota_decentralized_baseline,cbba,marginal_wrench_bid,sota_proxy,A,none,distributed_slot_bundle_auction_proxy,auction_robot_slot_bids,0,3,False,False,100,1.0,1.0,0.0,0.0,1.8007760524707791e-16,2.417314212008056e-16,0.04999999999999982,5.524469770534779e-15,6.323830348264892e-15,1.0,0.5728551599193346,0.0,0.0,1.0,12.10732047393542,9.268882535068155,69.22008118095961,40.0,101.28519599558786,133.32010211372233,133.3995773782488,-0.07947526452651232,0.0,0.0005957649972643174,7.0,7.0
long_payload_slots,hungarian_slots,Hungarian slots,classic,centralized,baseline,hungarian_robot_slot_cost,classic_centralized_baseline,hungarian,robot_slot_cost_only,classic_baseline,A,none,centralized_robot_slot_hungarian,centralized_robot_slot_cost_matrix,0,0,False,False,100,1.0,1.0,0.0,0.0,1.72261745623285e-16,2.2609970195321977e-16,0.04999999999999982,5.613287612504792e-15,5.968558980384841e-15,1.0,0.5918896246966147,0.0,0.0,1.0,6.756290779790695,3.5578728170383003,38.761823027258124,40.0,0.18243000144138932,133.39954359912886,133.3995773782488,-3.377911992572535e-05,0.0,2.5322403485380096e-07,7.0,7.0
long_payload_slots,oracle_scalar_assignment,Oracle scalar assignment,model_based_oracle,centralized,reference,exact_scalar_capacity_reference,centralized_scalar_reference,oracle,scalar_capacity_only,reference_scalar_false_positive,A,none,centralized_exact_scalar_search,centralized_all_robot_slot_pairs,0,2,False,False,100,1.0,1.0,0.0,0.0,1.72261745623285e-16,2.2609970195321977e-16,0.04999999999999982,5.613287612504792e-15,5.968558980384841e-15,1.0,0.5918896246966147,0.0,0.0,1.0,6.75611967982197,3.5578728170383003,38.79905434280245,40.0,120.19422301091254,133.39952703667075,133.3995773782488,-5.034157807330075e-05,0.0,3.7736619313402296e-07,7.0,7.0
long_payload_slots,replicator_wrench_deficit,Replicator wrench deficit,model_based,decentralized,baseline,replicator_wrench_deficit,wrench_dynamics_baseline,replicator,wrench_deficit_minus_rho,engine_ablation,B,none,distributed_replicator_wrench_deficit_rule,local_wrench_deficit_scores,0,4,False,False,100,1.0,1.0,0.0,0.0,1.799682654870606e-16,2.4151274168077106e-16,0.04999999999999982,5.542233338928782e-15,6.252776074688882e-15,1.0,0.5733216859451751,0.0,0.0,1.0,11.3779575807216,8.316881789763912,65.07375963876676,40.0,87.69455600064248,133.33092762921194,133.3995773782488,-0.06864974903685038,0.0,0.0005146179005816507,7.0,7.0
long_payload_slots,smith_wrench_deficit,Smith-QR wrench deficit,model_based,decentralized,proposed,smith_qr_wrench_deficit,proposed_wrench_deficit,smith,wrench_deficit_minus_rho,main_proposal,A,model_based_tuning_optional,distributed_smith_qr_wrench_deficit_rule,local_wrench_deficit_scores,0,5,False,False,100,1.0,1.0,0.0,0.0,1.7944903971393876e-16,2.404742901345272e-16,0.04999999999999982,5.542233338928782e-15,6.252776074688882e-15,1.0,0.5729083014420112,0.0,0.0,1.0,12.022420257537183,9.116004485677678,68.89338577329663,40.0,86.78611400187947,133.3212842640229,133.3995773782488,-0.07829311422590195,0.0,0.0005869027635685632,7.0,7.0
long_payload_slots,smith_wrench_marginal,Smith-QR wrench marginal,model_based,decentralized,proposed,smith_qr_delta_rho_wrench_marginal,proposed_wrench_ablation,smith,delta_rho_marginal,proposal_ablation,A,model_based_tuning_optional,distributed_smith_qr_delta_rho_rule,local_marginal_wrench_scores,0,5,False,False,100,1.0,1.0,0.0,0.0,1.7882047418079953e-16,2.3921715906824886e-16,0.04999999999999982,5.559996907322784e-15,6.1817218011128716e-15,1.0,0.5729589549690871,0.0,0.0,1.0,11.974286233990217,8.946051186816499,68.63076320017566,40.0,71.87057299655862,133.321993183592,133.3995773782488,-0.07758419465677775,0.0,0.0005815886185610697,7.0,7.0
long_payload_slots,support_dual_wrench_market,Residual-support wrench market,model_based,decentralized,proposed,residual_support_wrench_market,proposed_wrench_market,residual_support_market,current_residual_wrench_direction,main_proposal,A,model_based_tuning_optional,distributed_residual_support_wrench_market,current_residual_wrench_direction,0,5,False,False,100,0.815,1.0,0.0,0.0,1.4045554276003985e-16,1.8439569724599932e-16,0.049999999999999864,5.559996907322784e-15,3.552713678800501e-15,0.9383333333333332,0.585917544425184,-0.185,0.0,1.0,19.616447120374406,14.336087026367878,112.52979730195929,40.0,23.71005699969828,132.4375044025712,133.3995773782488,-0.9620729756776077,0.0,0.007211907933616066,7.0,7.0
long_payload_slots,wrench_oracle,Wrench oracle,model_based_oracle,centralized,reference,exact_role_slot_wrench,centralized_wrench_oracle_reference,oracle,strict_wrench_feasible_score,reference,A,none,centralized_exact_role_slot_search,centralized_all_robot_slot_pairs,0,3,False,False,100,1.0,1.0,0.0,0.0,1.72261745623285e-16,2.2609970195321977e-16,0.04999999999999982,5.613287612504792e-15,5.968558980384841e-15,1.0,0.591618649462194,0.0,0.0,1.0,6.759573044310951,3.5607264696071494,38.61549043891991,40.0,424.1225070087239,133.3995773782488,133.3995773782488,0.0,0.0,0.0,7.0,7.0
off_center_com,bnn_wrench_deficit,BNN wrench deficit,model_based,decentralized,baseline,bnn_wrench_deficit,wrench_dynamics_baseline,bnn,positive_excess_wrench_deficit,engine_ablation,B,none,distributed_bnn_wrench_deficit_rule,positive_excess_wrench_scores,0,4,False,False,100,1.0,0.0,1.0,1.0,0.19666072401312815,0.19666072401312815,-0.1466607240131281,6.57058479881083,9.800969377125915,1.0,0.08870310153652106,1.0,0.0,1.0,5.511420250153958,4.857952940483056,31.762907456677183,18.0,37.34235999640077,-4.760350972392094,0.0,-4.760350972392094,0.0,0.0842539995113645,0.0,0.0
off_center_com,capacity_greedy_slots,Capacity greedy slots,classic,decentralized,baseline,capacity_greedy_slots,classic_decentralized_baseline,greedy,scalar_capacity_only,classic_baseline,A,none,distributed_capacity_slot_rule,local_robot_load_slots,0,0,False,False,100,1.0,0.0,1.0,1.0,0.49484638035963413,0.49484638035963413,-0.444846380359634,14.352976413647767,25.261215152453648,0.6666666666666669,0.06441456534806009,1.0,0.0,1.0,5.16127943703121,6.231469212497384,29.13951086560763,18.0,0.29067499679513276,-7.97372297945907,0.0,-7.97372297945907,0.0,0.1411278403444083,0.0,0.0
off_center_com,cbba_slots,CBBA slots,sota,decentralized,baseline,cbba_slot_wrench_proxy,sota_decentralized_baseline,cbba,marginal_wrench_bid,sota_proxy,A,none,distributed_slot_bundle_auction_proxy,auction_robot_slot_bids,0,3,False,False,100,0.0,0.0,0.0,0.0,0.28512065022990024,0.28512065022990024,-0.23512065022990025,5.934115466666442,16.03591101754362,0.3333333333333334,0.0,0.0,0.0,1.0,2.911921308452855,4.609295546691095,16.42130673711228,18.0,21.614785995334387,-5.42441958638653,0.0,-5.42441958638653,0.0,0.09600742630772618,0.0,0.0
off_center_com,hungarian_slots,Hungarian slots,classic,centralized,baseline,hungarian_robot_slot_cost,classic_centralized_baseline,hungarian,robot_slot_cost_only,classic_baseline,A,none,centralized_robot_slot_hungarian,centralized_robot_slot_cost_matrix,0,0,False,False,100,1.0,0.0,1.0,1.0,0.22606397929412542,0.22606397929412542,-0.17606397929412548,7.552969986063457,11.266337747160152,1.0,0.09498736060699117,1.0,0.0,1.0,3.6752706672894018,2.857404076106165,21.565464265203122,18.0,0.10147400782443583,-5.066382227885168,0.0,-5.066382227885168,0.0,0.08967048190947197,0.0,0.0
off_center_com,oracle_scalar_assignment,Oracle scalar assignment,model_based_oracle,centralized,reference,exact_scalar_capacity_reference,centralized_scalar_reference,oracle,scalar_capacity_only,reference_scalar_false_positive,A,none,centralized_exact_scalar_search,centralized_all_robot_slot_pairs,0,2,False,False,100,1.0,0.0,1.0,1.0,0.22606397929412542,0.22606397929412542,-0.17606397929412548,7.552969986063457,11.266337747160152,1.0,0.09498736060699117,1.0,0.0,1.0,3.6752706672894018,2.857404076106165,21.565464265203122,18.0,9.413895002799109,-5.066382227885168,0.0,-5.066382227885168,0.0,0.08967048190947197,0.0,0.0
off_center_com,replicator_wrench_deficit,Replicator wrench deficit,model_based,decentralized,baseline,replicator_wrench_deficit,wrench_dynamics_baseline,replicator,wrench_deficit_minus_rho,engine_ablation,B,none,distributed_replicator_wrench_deficit_rule,local_wrench_deficit_scores,0,4,False,False,100,1.0,0.0,1.0,1.0,0.19687356483733626,0.19687356483733626,-0.14687356483733627,6.5776959730990665,9.811576713241118,1.0,0.08874639679794509,1.0,0.0,1.0,5.428801047885929,4.73188975192398,31.271575684937332,18.0,37.78605900355615,-4.761525542786276,0.0,-4.761525542786276,0.0,0.0842747883678987,0.0,0.0
off_center_com,smith_wrench_deficit,Smith-QR wrench deficit,model_based,decentralized,proposed,smith_qr_wrench_deficit,proposed_wrench_deficit,smith,wrench_deficit_minus_rho,main_proposal,A,model_based_tuning_optional,distributed_smith_qr_wrench_deficit_rule,local_wrench_deficit_scores,0,5,False,False,100,1.0,0.0,1.0,1.0,0.19645742835807853,0.19645742835807853,-0.1464574283580785,6.563792535905074,9.790837743066078,1.0,0.08866322187182167,1.0,0.0,1.0,5.622415776391582,5.09210943562943,32.55975716548889,18.0,36.830921994987875,-4.759777831700601,0.0,-4.759777831700601,0.0,0.08424385542832923,0.0,0.0
off_center_com,smith_wrench_marginal,Smith-QR wrench marginal,model_based,decentralized,proposed,smith_qr_delta_rho_wrench_marginal,proposed_wrench_ablation,smith,delta_rho_marginal,proposal_ablation,A,model_based_tuning_optional,distributed_smith_qr_delta_rho_rule,local_marginal_wrench_scores,0,5,False,False,100,1.0,0.0,1.0,1.0,0.19649832286726737,0.19649832286726737,-0.14649832286726738,6.565158852650727,9.792875800407034,1.0,0.0886718907543073,1.0,0.0,1.0,5.587889233250683,5.048462351549375,32.19995329932512,18.0,38.59258600510657,-4.759646980655993,0.0,-4.759646980655993,0.0,0.08424153948063705,0.0,0.0
off_center_com,support_dual_wrench_market,Residual-support wrench market,model_based,decentralized,proposed,residual_support_wrench_market,proposed_wrench_market,residual_support_market,current_residual_wrench_direction,main_proposal,A,model_based_tuning_optional,distributed_residual_support_wrench_market,current_residual_wrench_direction,0,5,False,False,100,1.0,0.0,1.0,1.0,0.19645742835807842,0.19645742835807842,-0.14645742835807846,6.563792535905073,9.79083774306607,1.0,0.08866322187182178,1.0,0.0,1.0,7.409889534920747,6.471440797235492,42.44554564797778,18.0,14.409495000727475,-4.7861704110441945,0.0,-4.7861704110441945,0.0,0.08471098072644592,0.0,0.0
off_center_com,wrench_oracle,Wrench oracle,model_based_oracle,centralized,reference,exact_role_slot_wrench,centralized_wrench_oracle_reference,oracle,strict_wrench_feasible_score,reference,A,none,centralized_exact_role_slot_search,centralized_all_robot_slot_pairs,0,3,False,False,100,0.0,0.0,0.0,0.0,1.140175425099138,1.140175425099138,-1.090175425099138,42.0,54.0,0.0,0.0,0.0,0.0,1.0,0.0,0.0,0.0,18.0,247.61452799662948,0.0,0.0,0.0,0.0,0.0,0.0,0.0
one_sided_push,bnn_wrench_deficit,BNN wrench deficit,model_based,decentralized,baseline,bnn_wrench_deficit,wrench_dynamics_baseline,bnn,positive_excess_wrench_deficit,engine_ablation,B,none,distributed_bnn_wrench_deficit_rule,positive_excess_wrench_scores,0,4,False,False,100,1.0,0.0,1.0,1.0,0.9000000002095476,0.9000000002095476,-0.8500000002095476,4.8789180479908955e-20,54.000000012572855,1.0,2.5313084961453567e-16,1.0,0.0,1.0,4.006331762881286,3.2695607579879864,23.60471366297877,15.0,38.80897700204514,-12.589878340333,0.0,-12.589878340333,0.0,0.2463772669341095,0.0,0.0
one_sided_push,capacity_greedy_slots,Capacity greedy slots,classic,decentralized,baseline,capacity_greedy_slots,classic_decentralized_baseline,greedy,scalar_capacity_only,classic_baseline,A,none,distributed_capacity_slot_rule,local_robot_load_slots,0,0,False,False,100,1.0,0.0,1.0,1.0,0.9000000000854215,0.9000000000854215,-0.8500000000854206,2.611816260441749e-13,54.00000000512526,0.6666666666666669,0.0,1.0,0.0,1.0,4.865637209683885,5.711648722151908,28.110122877455026,15.0,0.2861110004596412,-12.45244270891165,0.0,-12.45244270891165,0.0,0.24368772424484642,0.0,0.0
one_sided_push,cbba_slots,CBBA slots,sota,decentralized,baseline,cbba_slot_wrench_proxy,sota_decentralized_baseline,cbba,marginal_wrench_bid,sota_proxy,A,none,distributed_slot_bundle_auction_proxy,auction_robot_slot_bids,0,3,False,False,100,0.0,0.0,0.0,0.0,0.9000000000019128,0.9000000000019128,-0.8500000000019122,3.3474027056845152e-12,54.00000000011475,0.3333333333333334,0.0,0.0,0.0,1.0,0.6661349937501376,1.033483559356697,3.869896813702732,15.0,27.747191002126783,-12.23992856835331,0.0,-12.23992856835331,0.0,0.23952893480143453,0.0,0.0
one_sided_push,hungarian_slots,Hungarian slots,classic,centralized,baseline,hungarian_robot_slot_cost,classic_centralized_baseline,hungarian,robot_slot_cost_only,classic_baseline,A,none,centralized_robot_slot_hungarian,centralized_robot_slot_cost_matrix,0,0,False,False,100,1.0,0.0,1.0,1.0,0.9000000002095476,0.9000000002095476,-0.8500000002095476,4.8789180479908955e-20,54.000000012572855,1.0,2.5313084961453567e-16,1.0,0.0,1.0,3.9167515020292853,3.081076305753519,23.08421499047935,15.0,0.09171500103548169,-12.588543127866524,0.0,-12.588543127866524,0.0,0.24635113753163448,0.0,0.0
one_sided_push,oracle_scalar_assignment,Oracle scalar assignment,model_based_oracle,centralized,reference,exact_scalar_capacity_reference,centralized_scalar_reference,oracle,scalar_capacity_only,reference_scalar_false_positive,A,none,centralized_exact_scalar_search,centralized_all_robot_slot_pairs,0,2,False,False,100,1.0,0.0,1.0,1.0,0.9000000002095476,0.9000000002095476,-0.8500000002095476,4.8789180479908955e-20,54.000000012572855,1.0,2.5313084961453567e-16,1.0,0.0,1.0,3.9167515020292853,3.081076305753519,23.08421499047935,15.0,5.703117992961779,-12.588543127866524,0.0,-12.588543127866524,0.0,0.24635113753163448,0.0,0.0
one_sided_push,replicator_wrench_deficit,Replicator wrench deficit,model_based,decentralized,baseline,replicator_wrench_deficit,wrench_dynamics_baseline,replicator,wrench_deficit_minus_rho,engine_ablation,B,none,distributed_replicator_wrench_deficit_rule,local_wrench_deficit_scores,0,4,False,False,100,1.0,0.0,1.0,1.0,0.9000000002095476,0.9000000002095476,-0.8500000002095476,4.8789180479908955e-20,54.000000012572855,1.0,2.5313084961453567e-16,1.0,0.0,1.0,4.006331762881286,3.2695607579879864,23.60471366297877,15.0,38.28562300768681,-12.589878340333,0.0,-12.589878340333,0.0,0.2463772669341095,0.0,0.0
one_sided_push,smith_wrench_deficit,Smith-QR wrench deficit,model_based,decentralized,proposed,smith_qr_wrench_deficit,proposed_wrench_deficit,smith,wrench_deficit_minus_rho,main_proposal,A,model_based_tuning_optional,distributed_smith_qr_wrench_deficit_rule,local_wrench_deficit_scores,0,5,False,False,100,1.0,0.0,1.0,1.0,0.9000000002095476,0.9000000002095476,-0.8500000002095476,4.8789180479908955e-20,54.000000012572855,1.0,2.5313084961453567e-16,1.0,0.0,1.0,4.006331762881286,3.2695607579879864,23.60471366297877,15.0,39.475431992905214,-12.589878340333,0.0,-12.589878340333,0.0,0.2463772669341095,0.0,0.0
one_sided_push,smith_wrench_marginal,Smith-QR wrench marginal,model_based,decentralized,proposed,smith_qr_delta_rho_wrench_marginal,proposed_wrench_ablation,smith,delta_rho_marginal,proposal_ablation,A,model_based_tuning_optional,distributed_smith_qr_delta_rho_rule,local_marginal_wrench_scores,0,5,False,False,100,0.93,0.0,0.93,0.93,0.9000000001412367,0.9000000001412367,-0.8500000001412366,5.441103713004932e-13,54.000000008474196,0.7900000000000001,0.0,0.93,0.0,1.0,2.3888541628936264,2.1975417175989254,14.159309779468833,15.0,36.65778199560009,-12.471245906426319,0.0,-12.471245906426319,0.0,0.2440556928850551,0.0,0.0
one_sided_push,support_dual_wrench_market,Residual-support wrench market,model_based,decentralized,proposed,residual_support_wrench_market,proposed_wrench_market,residual_support_market,current_residual_wrench_direction,main_proposal,A,model_based_tuning_optional,distributed_residual_support_wrench_market,current_residual_wrench_direction,0,5,False,False,100,1.0,0.0,1.0,1.0,0.9000000002075589,0.9000000002075589,-0.850000000207559,2.0501195421207535e-14,54.00000001245354,0.9933333333333333,2.5313084961453567e-16,1.0,0.0,1.0,3.922179097265712,3.23027934405555,23.1836246432339,15.0,10.703440997749567,-12.585657963813468,0.0,-12.585657963813468,0.0,0.24629467639556682,0.0,0.0
one_sided_push,wrench_oracle,Wrench oracle,model_based_oracle,centralized,reference,exact_role_slot_wrench,centralized_wrench_oracle_reference,oracle,strict_wrench_feasible_score,reference,A,none,centralized_exact_role_slot_search,centralized_all_robot_slot_pairs,0,3,False,False,100,0.0,0.0,0.0,0.0,0.9000000000000005,0.9000000000000005,-0.8499999999999995,0.0,54.0,0.0,0.0,0.0,0.0,1.0,0.0,0.0,0.0,15.0,159.72168099833652,0.0,0.0,0.0,0.0,0.0,0.0,0.0
point_load_degenerate,bnn_wrench_deficit,BNN wrench deficit,model_based,decentralized,baseline,bnn_wrench_deficit,wrench_dynamics_baseline,bnn,positive_excess_wrench_deficit,engine_ablation,B,none,distributed_bnn_wrench_deficit_rule,positive_excess_wrench_scores,0,4,False,False,100,1.0,1.0,0.0,0.0,2.368475785867e-16,2.368475785867e-16,0.04999999999999977,0.0,1.4210854715202004e-14,1.0,0.1747512885358092,0.0,0.0,1.0,3.699499845286858,4.100605329468066,21.63527120625307,8.0,14.314786997856572,39.694788366253434,39.70867515407911,-0.013886787825681566,0.0,0.00034967430247448596,2.0,2.0
point_load_degenerate,capacity_greedy_slots,Capacity greedy slots,classic,decentralized,baseline,capacity_greedy_slots,classic_decentralized_baseline,greedy,scalar_capacity_only,classic_baseline,A,none,distributed_capacity_slot_rule,local_robot_load_slots,0,0,False,False,100,1.0,1.0,0.0,0.0,2.368475785867e-16,2.368475785867e-16,0.04999999999999977,0.0,1.4210854715202004e-14,1.0,0.17379091878971095,0.0,0.0,1.0,5.904952721904346,6.578307797743153,34.964790175107844,8.0,0.20434699836187065,39.66165817224959,39.70867515407911,-0.047016981829519085,0.0,0.001184006601337966,2.0,2.0
point_load_degenerate,cbba_slots,CBBA slots,sota,decentralized,baseline,cbba_slot_wrench_proxy,sota_decentralized_baseline,cbba,marginal_wrench_bid,sota_proxy,A,none,distributed_slot_bundle_auction_proxy,auction_robot_slot_bids,0,3,False,False,100,1.0,1.0,0.0,0.0,2.368475785867e-16,2.368475785867e-16,0.04999999999999977,0.0,1.4210854715202004e-14,1.0,0.17417573880164852,0.0,0.0,1.0,3.8977296562627397,4.413440952545021,22.892536003624805,8.0,11.313727993983775,39.691780976123034,39.70867515407911,-0.016894177956077953,0.0,0.0004254154247513614,2.0,2.0
point_load_degenerate,hungarian_slots,Hungarian slots,classic,centralized,baseline,hungarian_robot_slot_cost,classic_centralized_baseline,hungarian,robot_slot_cost_only,classic_baseline,A,none,centralized_robot_slot_hungarian,centralized_robot_slot_cost_matrix,0,0,False,False,100,1.0,1.0,0.0,0.0,2.368475785867e-16,2.368475785867e-16,0.04999999999999977,0.0,1.4210854715202004e-14,1.0,0.18648778349243122,0.0,0.0,1.0,2.78044856356811,2.7296599407620916,15.938398857347972,8.0,0.06306100403890014,39.708665417808504,39.70867515407911,-9.736270604108199e-06,0.0,2.4525654483813743e-07,2.0,2.0
point_load_degenerate,oracle_scalar_assignment,Oracle scalar assignment,model_based_oracle,centralized,reference,exact_scalar_capacity_reference,centralized_scalar_reference,oracle,scalar_capacity_only,reference_scalar_false_positive,A,none,centralized_exact_scalar_search,centralized_all_robot_slot_pairs,0,2,False,False,100,1.0,1.0,0.0,0.0,2.368475785867e-16,2.368475785867e-16,0.04999999999999977,0.0,1.4210854715202004e-14,1.0,0.18648778349243122,0.0,0.0,1.0,2.78044856356811,2.7296599407620916,15.938398857347972,8.0,0.8692979882471263,39.708665417808504,39.70867515407911,-9.736270604108199e-06,0.0,2.4525654483813743e-07,2.0,2.0
point_load_degenerate,replicator_wrench_deficit,Replicator wrench deficit,model_based,decentralized,baseline,replicator_wrench_deficit,wrench_dynamics_baseline,replicator,wrench_deficit_minus_rho,engine_ablation,B,none,distributed_replicator_wrench_deficit_rule,local_wrench_deficit_scores,0,4,False,False,100,1.0,1.0,0.0,0.0,2.368475785867e-16,2.368475785867e-16,0.04999999999999977,0.0,1.4210854715202004e-14,1.0,0.1749802830480482,0.0,0.0,1.0,3.6376885164423367,3.99877859385858,21.280847581600007,8.0,13.538068998605013,39.69570731401189,39.70867515407911,-0.012967840067220777,0.0,0.00032653512110967023,2.0,2.0
point_load_degenerate,smith_wrench_deficit,Smith-QR wrench deficit,model_based,decentralized,proposed,smith_qr_wrench_deficit,proposed_wrench_deficit,smith,wrench_deficit_minus_rho,main_proposal,A,model_based_tuning_optional,distributed_smith_qr_wrench_deficit_rule,local_wrench_deficit_scores,0,5,False,False,100,1.0,1.0,0.0,0.0,2.368475785867e-16,2.368475785867e-16,0.04999999999999977,0.0,1.4210854715202004e-14,1.0,0.1741996543459647,0.0,0.0,1.0,3.8871028511531023,4.3956350613236275,22.833646662970438,8.0,13.399534007767215,39.69193794245468,39.70867515407911,-0.01673721162443506,0.0,0.00042146581486551896,2.0,2.0
point_load_degenerate,smith_wrench_marginal,Smith-QR wrench marginal,model_based,decentralized,proposed,smith_qr_delta_rho_wrench_marginal,proposed_wrench_ablation,smith,delta_rho_marginal,proposal_ablation,A,model_based_tuning_optional,distributed_smith_qr_delta_rho_rule,local_marginal_wrench_scores,0,5,False,False,100,1.0,1.0,0.0,0.0,2.368475785867e-16,2.368475785867e-16,0.04999999999999977,0.0,1.4210854715202004e-14,1.0,0.17428406021132709,0.0,0.0,1.0,3.848127609164254,4.33369923907149,22.612336053099984,8.0,13.083208000753075,39.69251630066348,39.70867515407911,-0.016158853415633702,0.0,0.00040690041102621575,2.0,2.0
point_load_degenerate,support_dual_wrench_market,Residual-support wrench market,model_based,decentralized,proposed,residual_support_wrench_market,proposed_wrench_market,residual_support_market,current_residual_wrench_direction,main_proposal,A,model_based_tuning_optional,distributed_residual_support_wrench_market,current_residual_wrench_direction,0,5,False,False,100,1.0,1.0,0.0,0.0,2.368475785867e-16,2.368475785867e-16,0.04999999999999977,0.0,1.4210854715202004e-14,1.0,0.17413795237708868,0.0,0.0,1.0,4.260859225018994,4.7425366722214175,25.041712829245824,8.0,4.062340996460989,39.68634883288515,39.70867515407911,-0.022326321193963564,0.0,0.0005622305999808104,2.0,2.0
point_load_degenerate,wrench_oracle,Wrench oracle,model_based_oracle,centralized,reference,exact_role_slot_wrench,centralized_wrench_oracle_reference,oracle,strict_wrench_feasible_score,reference,A,none,centralized_exact_role_slot_search,centralized_all_robot_slot_pairs,0,3,False,False,100,1.0,1.0,0.0,0.0,2.368475785867e-16,2.368475785867e-16,0.04999999999999977,0.0,1.4210854715202004e-14,1.0,0.18650888302476537,0.0,0.0,1.0,2.782471423648785,2.7405009858610088,15.870377674203356,8.0,11.851650002645329,39.70867515407911,39.70867515407911,0.0,0.0,0.0,2.0,2.0
slot_saturation,bnn_wrench_deficit,BNN wrench deficit,model_based,decentralized,baseline,bnn_wrench_deficit,wrench_dynamics_baseline,bnn,positive_excess_wrench_deficit,engine_ablation,B,none,distributed_bnn_wrench_deficit_rule,positive_excess_wrench_scores,0,4,False,False,100,1.0,0.0,1.0,1.0,1.0299543726423774,1.0299543726423774,-0.9799543726423772,61.75348912965458,1.9066639067290387,1.0,0.4139213438848745,1.0,0.0,1.0,4.165493022831405,5.286937426085535,23.810277407727014,12.0,20.19069000496529,-13.31710295083274,0.0,-13.31710295083274,0.0,0.22158241182749983,0.0,0.0
slot_saturation,capacity_greedy_slots,Capacity greedy slots,classic,decentralized,baseline,capacity_greedy_slots,classic_decentralized_baseline,greedy,scalar_capacity_only,classic_baseline,A,none,distributed_capacity_slot_rule,local_robot_load_slots,0,0,False,False,100,1.0,0.0,1.0,1.0,1.0207228731466753,1.0207228731466753,-0.9707228731466752,61.23212482518806,0.9114189242380164,1.0,0.42315284338057646,1.0,0.0,1.0,6.66821242712012,7.662439649819511,37.95833587144756,12.0,0.23351400275714695,-13.236776075264562,0.0,-13.236776075264562,0.0,0.22024585815748018,0.0,0.0
slot_saturation,cbba_slots,CBBA slots,sota,decentralized,baseline,cbba_slot_wrench_proxy,sota_decentralized_baseline,cbba,marginal_wrench_bid,sota_proxy,A,none,distributed_slot_bundle_auction_proxy,auction_robot_slot_bids,0,3,False,False,100,0.99,0.0,0.99,0.99,1.039769192328297,1.039769192328297,-0.9897691923282967,62.341815742891825,1.8469345477319836,1.0,0.404115566074085,0.99,0.0,1.0,2.8046241195254487,3.0304622948188054,16.412169073273194,12.0,14.701711988309398,-13.39991034563747,0.0,-13.39991034563747,0.0,0.22296023869613094,0.0,0.0
slot_saturation,hungarian_slots,Hungarian slots,classic,centralized,baseline,hungarian_robot_slot_cost,classic_centralized_baseline,hungarian,robot_slot_cost_only,classic_baseline,A,none,centralized_robot_slot_hungarian,centralized_robot_slot_cost_matrix,0,0,False,False,100,0.99,0.0,0.99,0.99,1.0414974337159124,1.0414974337159124,-0.9914974337159124,62.447810313556765,1.8639499109767745,1.0,0.40238804981303106,0.99,0.0,1.0,2.4944009580291047,2.5431958936661734,14.930462804920484,12.0,0.07235900033265352,-13.41412948141304,0.0,-13.41412948141304,0.0,0.2231968299735947,0.0,0.0
slot_saturation,oracle_scalar_assignment,Oracle scalar assignment,model_based_oracle,centralized,reference,exact_scalar_capacity_reference,centralized_scalar_reference,oracle,scalar_capacity_only,reference_scalar_false_positive,A,none,centralized_exact_scalar_search,centralized_all_robot_slot_pairs,0,2,False,False,100,1.0,0.0,1.0,1.0,1.0413029619170435,1.0413029619170435,-0.9913029619170431,62.435944994210146,1.8734291861800723,1.0,0.40257908460275216,1.0,0.0,1.0,2.494796187758512,2.5394108520423475,14.980430345597297,12.0,1.4367389969993383,-13.412285422262041,0.0,-13.412285422262041,0.0,0.2231661467930456,0.0,0.0
slot_saturation,replicator_wrench_deficit,Replicator wrench deficit,model_based,decentralized,baseline,replicator_wrench_deficit,wrench_dynamics_baseline,replicator,wrench_deficit_minus_rho,engine_ablation,B,none,distributed_replicator_wrench_deficit_rule,local_wrench_deficit_scores,0,4,False,False,100,1.0,0.0,1.0,1.0,1.0306629162619483,1.0306629162619483,-0.9806629162619481,61.795661461407136,1.9212305349033554,1.0,0.41321280026530344,1.0,0.0,1.0,3.9262087864883477,4.878236604793818,22.451504542246262,12.0,19.799951011082157,-13.321350645640607,0.0,-13.321350645640607,0.0,0.2216530889457671,0.0,0.0
slot_saturation,smith_wrench_deficit,Smith-QR wrench deficit,model_based,decentralized,proposed,smith_qr_wrench_deficit,proposed_wrench_deficit,smith,wrench_deficit_minus_rho,main_proposal,A,model_based_tuning_optional,distributed_smith_qr_wrench_deficit_rule,local_wrench_deficit_scores,0,5,False,False,100,1.0,0.0,1.0,1.0,1.0293723938835289,1.0293723938835289,-0.9793723938835288,61.71748273193709,1.9257991259849205,1.0,0.41450332264372297,1.0,0.0,1.0,4.530976632772937,5.887661533970412,25.805153888790052,12.0,19.561855006031692,-13.316689045212028,0.0,-13.316689045212028,0.0,0.22157552487873589,0.0,0.0
slot_saturation,smith_wrench_marginal,Smith-QR wrench marginal,model_based,decentralized,proposed,smith_qr_delta_rho_wrench_marginal,proposed_wrench_ablation,smith,delta_rho_marginal,proposal_ablation,A,model_based_tuning_optional,distributed_smith_qr_delta_rho_rule,local_marginal_wrench_scores,0,5,False,False,100,1.0,0.0,1.0,1.0,1.029694619359777,1.029694619359777,-0.9796946193597766,61.73677827348845,1.928017426743531,1.0,0.41418109716747503,1.0,0.0,1.0,4.30463058351443,5.523449469599781,24.54657461631562,12.0,19.48121299268678,-13.316803179177857,0.0,-13.316803179177857,0.0,0.22157742394638688,0.0,0.0
slot_saturation,support_dual_wrench_market,Residual-support wrench market,model_based,decentralized,proposed,residual_support_wrench_market,proposed_wrench_market,residual_support_market,current_residual_wrench_direction,main_proposal,A,model_based_tuning_optional,distributed_residual_support_wrench_market,current_residual_wrench_direction,0,5,False,False,100,1.0,0.0,1.0,1.0,1.0206186016341265,1.0206186016341265,-0.9706186016341263,61.22605638198608,0.8979334950698129,1.0,0.4232571148931254,1.0,0.0,1.0,6.818605978217895,7.847751747003985,38.651494012178,12.0,6.2074599985498935,-13.237554268807225,0.0,-13.237554268807225,0.0,0.2202588064693382,0.0,0.0
slot_saturation,wrench_oracle,Wrench oracle,model_based_oracle,centralized,reference,exact_role_slot_wrench,centralized_wrench_oracle_reference,oracle,strict_wrench_feasible_score,reference,A,none,centralized_exact_role_slot_search,centralized_all_robot_slot_pairs,0,3,False,False,100,0.0,0.0,0.0,0.0,1.5833333333333337,1.5833333333333337,-1.5333333333333332,95.0,0.0,0.0,0.0,0.0,0.0,1.0,0.0,0.0,0.0,12.0,44.35034999973141,0.0,0.0,0.0,0.0,0.0,0.0,0.0
ALL_SCENARIOS,bnn_wrench_deficit,BNN wrench deficit,model_based,decentralized,baseline,bnn_wrench_deficit,wrench_dynamics_baseline,bnn,positive_excess_wrench_deficit,engine_ablation,B,none,distributed_bnn_wrench_deficit_rule,positive_excess_wrench_scores,0,4,False,False,600,1.0,0.5,0.5,0.5,0.35443584947750895,0.35443584947750895,-0.3044358494775089,11.387345654744237,10.951272216071304,1.0,0.326281609236099,0.5,0.0,1.0,5.263281458589025,4.798913164540287,30.37265164379536,16.833333333333332,33.46917049998107,34.84439690103108,39.96991446136733,-5.1255175603362595,0.0,0.09218505077305972,2.0833333333333335,2.0833333333333335
ALL_SCENARIOS,capacity_greedy_slots,Capacity greedy slots,classic,decentralized,baseline,capacity_greedy_slots,classic_decentralized_baseline,greedy,scalar_capacity_only,classic_baseline,A,none,distributed_capacity_slot_rule,local_robot_load_slots,0,0,False,False,600,1.0,0.5,0.5,0.5,0.4025948755986218,0.4025948755986218,-0.3525948755986218,12.59751687313935,13.362105680302825,0.8888888888888887,0.32401531944009565,0.5,0.0,1.0,8.404671971694581,7.884912025392106,48.39900125399162,16.833333333333332,0.29571883225192624,34.305778397389005,39.96991446136733,-5.664136063978336,0.0,0.10144356633589122,2.0833333333333335,2.0833333333333335
ALL_SCENARIOS,cbba_slots,CBBA slots,sota,decentralized,baseline,cbba_slot_wrench_proxy,sota_decentralized_baseline,cbba,marginal_wrench_bid,sota_proxy,A,none,distributed_slot_bundle_auction_proxy,auction_robot_slot_bids,0,3,False,False,600,0.665,0.5,0.165,0.165,0.3708149737600184,0.3708149737600184,-0.32081497376001833,11.379321868260268,11.980474260898397,0.7777777777777777,0.3097088743302693,0.165,0.0,1.0,4.177161921200693,4.195157323780394,24.02912368346557,16.833333333333332,29.797177495396074,34.77630705360311,39.96991446136733,-5.193607407764231,0.0,0.09325550320574388,2.0833333333333335,2.0833333333333335
ALL_SCENARIOS,hungarian_slots,Hungarian slots,classic,centralized,baseline,hungarian_robot_slot_cost,classic_centralized_baseline,hungarian,robot_slot_cost_only,classic_baseline,A,none,centralized_robot_slot_hungarian,centralized_robot_slot_cost_matrix,0,0,False,False,600,0.9983333333333333,0.5,0.49833333333333335,0.49833333333333335,0.3612602355365977,0.36126023553659775,-0.31126023553659765,11.666796716603372,11.188381278451635,1.0,0.330476599965936,0.49833333333333335,0.0,1.0,3.7042840222691895,2.898469866482347,21.57932528348371,16.833333333333332,0.09499766883285095,34.79172098098998,39.96991446136733,-5.178193480377351,0.0,0.09320331423849905,2.0833333333333335,2.0833333333333335
ALL_SCENARIOS,oracle_scalar_assignment,Oracle scalar assignment,model_based_oracle,centralized,reference,exact_scalar_capacity_reference,centralized_scalar_reference,oracle,scalar_capacity_only,reference_scalar_false_positive,A,none,centralized_exact_scalar_search,centralized_all_robot_slot_pairs,0,2,False,False,600,1.0,0.5,0.5,0.5,0.36122782357011957,0.36122782357011957,-0.31122782357011947,11.664819163378935,11.189961157652185,1.0,0.3305084390975562,0.5,0.0,1.0,3.704321377229303,2.89783902621171,21.593858426187236,16.833333333333332,23.07422883148926,34.79202556377213,39.96991446136733,-5.177888897595209,0.0,0.09319822106543393,2.0833333333333335,2.0833333333333335
ALL_SCENARIOS,replicator_wrench_deficit,Replicator wrench deficit,model_based,decentralized,baseline,replicator_wrench_deficit,wrench_dynamics_baseline,replicator,wrench_deficit_minus_rho,engine_ablation,B,none,distributed_replicator_wrench_deficit_rule,local_wrench_deficit_scores,0,4,False,False,600,1.0,0.5,0.5,0.5,0.3545894135514721,0.35458941355147217,-0.3045894135514721,11.395559572417703,10.955467876786226,1.0,0.32622799120716994,0.5,0.0,1.0,5.175102615675002,4.668077031992876,29.866765976575888,16.833333333333332,33.16323133651167,34.84400629684899,39.96991446136733,-5.125908164518347,0.0,0.09219374022739714,2.0833333333333335,2.0833333333333335
ALL_SCENARIOS,smith_wrench_deficit,Smith-QR wrench deficit,model_based,decentralized,proposed,smith_qr_wrench_deficit,proposed_wrench_deficit,smith,wrench_deficit_minus_rho,main_proposal,A,model_based_tuning_optional,distributed_smith_qr_wrench_deficit_rule,local_wrench_deficit_scores,0,5,False,False,600,1.0,0.5,0.5,0.5,0.35430497040852593,0.35430497040852593,-0.3043049704085259,11.380212544640363,10.952772813603978,1.0,0.3262302135816781,0.5,0.0,1.0,5.4571458800611,5.095680994703018,31.535808650408494,16.833333333333332,32.99555500193188,34.842839059310315,39.96991446136733,-5.127075402057017,0.0,0.09220352665242082,2.0833333333333335,2.0833333333333335
ALL_SCENARIOS,smith_wrench_marginal,Smith-QR wrench marginal,model_based,decentralized,proposed,smith_qr_delta_rho_wrench_marginal,proposed_wrench_ablation,smith,delta_rho_marginal,proposal_ablation,A,model_based_tuning_optional,distributed_smith_qr_delta_rho_rule,local_marginal_wrench_scores,0,5,False,False,600,0.9883333333333333,0.5,0.48833333333333334,0.48833333333333334,0.3543654903947136,0.3543654903947136,-0.30436549039471356,11.383656187689954,10.953482205937465,0.965,0.326200464048124,0.48833333333333334,0.0,1.0,5.129569303740621,4.810386443044175,29.61118861621857,16.833333333333332,30.260801833161775,34.862828464104226,39.96991446136733,-5.107085997263118,0.0,0.09181321490609709,2.0833333333333335,2.0833333333333335
ALL_SCENARIOS,support_dual_wrench_market,Residual-support wrench market,model_based,decentralized,proposed,residual_support_wrench_market,proposed_wrench_market,residual_support_market,current_residual_wrench_direction,main_proposal,A,model_based_tuning_optional,distributed_residual_support_wrench_market,current_residual_wrench_direction,0,5,False,False,600,0.9691666666666666,0.5,0.5,0.5,0.35284600503329405,0.35284600503329405,-0.30284600503329406,11.298308152981862,10.781461875098241,0.988611111111111,0.3298471024589612,0.4691666666666667,0.0,1.0,8.00529478960602,7.226213401870103,46.243582188032484,16.833333333333332,10.007911664627803,34.69577007984376,39.96991446136733,-5.27414438152357,0.0,0.09330072364510571,2.0833333333333335,2.0833333333333335
ALL_SCENARIOS,wrench_oracle,Wrench oracle,model_based_oracle,centralized,reference,exact_role_slot_wrench,centralized_wrench_oracle_reference,oracle,strict_wrench_feasible_score,reference,A,none,centralized_exact_role_slot_search,centralized_all_robot_slot_pairs,0,3,False,False,600,0.5,0.5,0.0,0.0,0.6039181264054121,0.6039181264054121,-0.5539181264054119,22.833333333333332,18.000000000000004,0.5,0.2475390522789178,0.0,0.0,1.0,2.024625393527659,1.490232187415973,11.580067820662316,16.833333333333332,148.4753636678215,39.96991446136733,39.96991446136733,0.0,0.0,0.0,2.0833333333333335,2.0833333333333335
