block,method_family,method,architecture,dynamic_id,fitness_id,rounding_id,bytes_mean,bytes_std,convergence_time_mean,convergence_time_std,cost_gap_mean,cost_gap_std,coverage_mean,coverage_std,epsilon_ne_1_mean,epsilon_ne_1_std,epsilon_ne_2_mean,epsilon_ne_2_std,fractionality_mean,fractionality_std,makespan_proxy_mean,makespan_proxy_std,matching_valid_mean,matching_valid_std,memory_peak_mean,memory_peak_std,messages_mean,messages_std,n,normalized_regret_mean,normalized_regret_std,observed_poa_ratio_mean,observed_poa_ratio_std,occupancy_error_mean,occupancy_error_std,p95_individual_cost_mean,p95_individual_cost_std,potential_violations_mean,potential_violations_std,price_of_integrality_mean,price_of_integrality_std,rank,ranking_rule,runtime_wall_mean,runtime_wall_std,social_cost_mean,social_cost_std,social_regret_mean,social_regret_std,success_mean,success_std,switches_mean,switches_std,timeout_mean,timeout_std
ALL_BLOCKS,classic,HUN,centralized,,,EXACT,2112.0,427.27575572289544,0.0,0.0,-1.3877787807814457e-16,2.034206983554175e-16,1.0,0.0,0.0,0.0,0.0,0.0,0.0,0.0,0.40172201641721045,0.17712293799023407,1.0,0.0,0.0009918212890625,0.00010187047856399904,66.0,13.352367366340482,8,3.4694469519536144e-19,9.813077866773596e-19,1.0,4.1962486042515756e-17,0.0,0.0,0.33893381060376554,0.1391733248114462,0.0,0.0,1.0,4.1962486042515756e-17,1,"max success/coverage, min regret/runtime/messages/timeout",1.061249349731952e-05,4.950713606889952e-06,1.324689614813729,0.4487852330222716,-1.3877787807814457e-16,2.034206983554175e-16,1.0,0.0,0.0,0.0,0.0,0.0
ALL_BLOCKS,classic,EPS-AUCTION,distributed_global,,,POLICY,6048.0,4338.533787879429,0.0,0.0,-1.3877787807814457e-16,2.034206983554175e-16,1.0,0.0,0.0,0.0,0.0,0.0,0.0,0.0,0.40172201641721045,0.17712293799023407,1.0,0.0,0.0009918212890625,0.00010187047856399904,189.0,135.57918087123215,8,3.4694469519536144e-19,9.813077866773596e-19,1.0,4.1962486042515756e-17,0.0,0.0,0.33893381060376554,0.1391733248114462,0.0,0.0,1.0,4.1962486042515756e-17,2,"max success/coverage, min regret/runtime/messages/timeout",0.0004165375139564276,0.00023817784747830187,1.324689614813729,0.4487852330222716,-1.3877787807814457e-16,2.034206983554175e-16,1.0,0.0,0.0,0.0,0.0,0.0
ALL_BLOCKS,population,HYB,distributed_global,HYB,ASYM,QR2,108032.0,0.0,,0.0,0.00020745590134380043,0.000586773898550013,1.0,0.0,0.0,0.0,0.0,0.0,0.6909086609571065,0.036050390489854194,0.3893826384436604,0.18571737667781052,1.0,0.0,0.001556396484375,0.00020374095712799808,3376.0,0.0,8,2.5931987667995872e-06,7.3346737318743234e-06,1.0000949579933174,0.0002685817640099565,0.0,0.0,0.33091321492095804,0.14417860377028427,15.5,12.839670667783611,0.18314575309191516,0.11770605293376617,3,"max success/coverage, min regret/runtime/messages/timeout",0.01941221249580849,0.0022657141079848674,1.324897070715073,0.4487116608444381,0.00020745590134380043,0.000586773898550013,1.0,0.0,6.875,2.356601669474803,1.0,0.0
ALL_BLOCKS,population,GPC,distributed_global,GPC,LIN,QR1,107776.0,0.0,,0.0,0.03835205258041417,0.06264746151734579,1.0,0.0,0.0,0.0,0.026943846235430433,0.034436317161637114,0.666727341605378,0.03220459593648653,0.4149592074308157,0.17207196436794667,1.0,0.0,0.001556396484375,0.00020374095712799808,3368.0,0.0,8,0.0004794006572551772,0.0007830932689668223,1.021135238652195,0.04215670754246758,0.0,0.0,0.35356321177379835,0.12819094958340288,0.0,0.0,0.1919042915291988,0.13191792477987574,4,"max success/coverage, min regret/runtime/messages/timeout",0.014604700001655146,0.0010822488358967425,1.3630416673941435,0.41464885419293124,0.03835205258041417,0.06264746151734579,1.0,0.0,7.5,3.116774889895918,1.0,0.0
ALL_BLOCKS,population,SMI,distributed_global,SMI,ASYM,QR1,107776.0,0.0,,0.0,0.03835205258041417,0.06264746151734579,1.0,0.0,0.0,0.0,0.026943846235430433,0.034436317161637114,0.6667273416053782,0.03220459593648659,0.4149592074308157,0.17207196436794667,1.0,0.0,0.001556396484375,0.00020374095712799808,3368.0,0.0,8,0.0004794006572551772,0.0007830932689668223,1.021135238652195,0.04215670754246758,0.0,0.0,0.35356321177379835,0.12819094958340288,12.625,10.013383900702955,0.19190429152919883,0.1319179247798757,5,"max success/coverage, min regret/runtime/messages/timeout",0.018415537488181144,0.003579865162675472,1.3630416673941435,0.41464885419293124,0.03835205258041417,0.06264746151734579,1.0,0.0,7.5,3.116774889895918,1.0,0.0
ALL_BLOCKS,population,PROJ,distributed_global,PROJ,QUAD,QR1,107776.0,0.0,,0.0,0.04079269187678654,0.06130585027522987,1.0,0.0,0.0,0.0,0.029384485531802798,0.0329120745292149,0.6195376410841683,0.03379238015703616,0.4157180984290807,0.1710321512054093,1.0,0.0,0.001556396484375,0.00020374095712799808,3368.0,0.0,8,0.0005302473092629348,0.0007603957779794101,1.0225044473542386,0.041545644624981,0.0,0.0,0.3560564227326295,0.1247300531837278,0.0,0.0,0.1945425293649058,0.1447258818011996,6,"max success/coverage, min regret/runtime/messages/timeout",0.026250837501720525,0.002798832047347589,1.3654823066905157,0.4107831726076431,0.04079269187678654,0.06130585027522987,1.0,0.0,8.625,4.0686080455816125,1.0,0.0
ALL_BLOCKS,population,LOG,distributed_global,LOG,SIG,REPAIR,107776.0,0.0,,0.0,0.04860459199960303,0.08638981252332503,1.0,0.0,0.012084490295545675,0.03418010014065349,0.015123867509130653,0.037692818012495063,0.791566676452896,0.03393564500418227,0.4519092044179208,0.15932836722735647,1.0,0.0,0.001556396484375,0.00020374095712799808,3368.0,0.0,8,0.0006126966281784349,0.0010769975962210319,1.026932019999977,0.04939457571759577,0.0,0.0,0.3761792860764466,0.11723174811228966,0.5,1.4142135623730951,0.28994929898885446,0.1383167355421655,7,"max success/coverage, min regret/runtime/messages/timeout",0.02609085002040956,0.0021212146996725753,1.3732942068133323,0.3973497912756719,0.04860459199960303,0.08638981252332503,1.0,0.0,8.25,2.9640705601780613,1.0,0.0
ALL_BLOCKS,population,REP,distributed_global,REP,LIN,QR1,107776.0,0.0,,0.0,0.05195858001494515,0.06102165549039031,1.0,0.0,0.0,0.0,0.039933666287953765,0.03644039566570908,0.8069991707028159,0.052517522487181466,0.4405836051206401,0.1547996903920237,1.0,0.0,0.001556396484375,0.00020374095712799808,3368.0,0.0,8,0.0006698209109899174,0.0007525165673588349,1.0276003377566716,0.04091840499112643,0.0,0.0,0.37221900208214315,0.1132409281171556,0.0,0.0,0.1996922851903512,0.07544351506819559,8,"max success/coverage, min regret/runtime/messages/timeout",0.012321025016717613,0.0011252915025500164,1.3766481948286744,0.4066072979721501,0.05195858001494515,0.06102165549039031,1.0,0.0,3.875,3.313931631332013,1.0,0.0
ALL_BLOCKS,population,BNN,distributed_global,BNN,MC,QR1,107776.0,0.0,,0.0,0.06967045657484629,0.07426907444854544,1.0,0.0,0.0,0.0,0.04706204831690751,0.03868593161671899,0.6227961116386326,0.05207231939942217,0.44587686100981105,0.16045506403844695,1.0,0.0,0.001556396484375,0.00020374095712799808,3368.0,0.0,8,0.0008912193679886816,0.0009143458095999715,1.0340026145634706,0.042192053056790024,0.0,0.0,0.38268380117343315,0.1264246504647685,58.5,4.242640687119285,0.09415439054634682,0.02381414302121743,9,"max success/coverage, min regret/runtime/messages/timeout",0.02087243751157075,0.00139698608208967,1.3943600713885753,0.43011839512405203,0.06967045657484629,0.07426907444854544,1.0,0.0,0.125,0.3535533905932738,1.0,0.0
ALL_BLOCKS,population,IBR,distributed_global,IBR,LIN,QR1,107776.0,0.0,,0.0,0.07254904398475413,0.11361766833516941,1.0,0.0,0.0,0.0,0.04186139740022167,0.05969109395871199,0.598133920239703,0.026266962914504022,0.4309541959505965,0.1550109093508844,1.0,0.0,0.001556396484375,0.00020374095712799808,3368.0,0.0,8,0.0012041124261050057,0.002128673055862177,1.0417341082381664,0.06883929808379152,0.0,0.0,0.3660073885194849,0.11197325132967936,26.0,0.7559289460184544,0.5927605361389665,0.20737820738637117,10,"max success/coverage, min regret/runtime/messages/timeout",0.012786925028194673,0.0012580047160225016,1.3972386587984835,0.3531504787156932,0.07254904398475413,0.11361766833516941,1.0,0.0,395.125,16.745468470177663,1.0,0.0
ALL_BLOCKS,data_driven_debug,MAPPO-GNN,distributed_local,,,DEBUG_UNTRAINED_POLICY_REPAIR,2944.0,1305.3489954797528,2.0,0.0,0.1370077174342036,0.05582809356072384,1.0,0.0,0.0,0.0,0.10463675199077548,0.04075727484242049,0.0,0.0,0.44587686100981105,0.16045506403844695,1.0,0.0,0.0009918212890625,0.00010187047856399904,92.0,40.792156108742276,8,0.0017329351287306482,0.0006496428737176719,1.0600585664999407,0.03164566097120953,,0.0,0.41070957248133527,0.14343173484361105,0.0,0.0,1.0600585664999407,0.03164566097120953,11,"max success/coverage, min regret/runtime/messages/timeout",0.003691312493174337,0.00073176255150058,1.4616973322479327,0.47176840166937883,0.1370077174342036,0.05582809356072384,1.0,0.0,0.0,0.0,0.0,0.0
ALL_BLOCKS,classic,GRD,distributed_global,,,POLICY,256.0,0.0,0.0,0.0,0.19238206684858855,0.1421373349472108,1.0,0.0,0.0,0.0,0.08782250139306565,0.12058654379498214,0.0,0.0,0.5066372043311193,0.08427136973518336,1.0,0.0,0.0009918212890625,0.00010187047856399904,8.0,0.0,8,0.0029537103409754202,0.003288630608826696,1.0942824289359285,0.08949979696802252,0.0,0.0,0.44706217699598916,0.09724841188019531,0.0,0.0,1.0942824289359285,0.08949979696802252,12,"max success/coverage, min regret/runtime/messages/timeout",9.365000005345792e-05,3.205820972808426e-05,1.5170716816623178,0.3723922227285951,0.19238206684858855,0.1421373349472108,1.0,0.0,0.0,0.0,0.0,0.0
ALL_BLOCKS,data_driven_debug,IPPO-GNN,distributed_local,,,DEBUG_UNTRAINED_POLICY_REPAIR,2720.0,1333.2906659839782,1.875,0.3535533905932738,0.6979431461338945,0.35269803000062766,1.0,0.0,0.050004606639583365,0.141434385781661,0.5397884097168875,0.2602422592277872,0.0,0.0,0.5623755658016654,0.1585676166724941,1.0,0.0,0.0009918212890625,0.00010187047856399904,85.0,41.66533331199932,8,0.00967530936051427,0.005702221761442265,1.3003808843732814,0.15152993617570773,,0.0,0.5457132354472582,0.1506512507685166,0.0,0.0,1.3003808843732814,0.15152993617570773,13,"max success/coverage, min regret/runtime/messages/timeout",0.0038514250045409426,0.000918947013971128,2.022632760947624,0.6549883623793855,0.6979431461338945,0.35269803000062766,1.0,0.0,4.0,1.927248223318863,0.0,0.0
smoke_connected_local,classic,HUN,centralized,,,EXACT,2048.0,0.0,0.0,0.0,-2.220446049250313e-16,0.0,1.0,0.0,0.0,0.0,0.0,0.0,0.0,0.0,0.5064351645327043,0.0,1.0,0.0,0.0009765625,0.0,64.0,0.0,1,0.0,0.0,1.0,0.0,0.0,0.0,0.4241989682970836,0.0,0.0,0.0,1.0,0.0,1,"max success/coverage, min regret/runtime/messages/timeout",9.100069291889668e-06,0.0,1.584333169770187,0.0,-2.220446049250313e-16,0.0,1.0,0.0,0.0,0.0,0.0,0.0
smoke_connected_local,classic,EPS-AUCTION,distributed_global,,,POLICY,9600.0,0.0,0.0,0.0,-2.220446049250313e-16,0.0,1.0,0.0,0.0,0.0,0.0,0.0,0.0,0.0,0.5064351645327043,0.0,1.0,0.0,0.0009765625,0.0,300.0,0.0,1,0.0,0.0,1.0,0.0,0.0,0.0,0.4241989682970836,0.0,0.0,0.0,1.0,0.0,2,"max success/coverage, min regret/runtime/messages/timeout",0.000714799971319735,0.0,1.584333169770187,0.0,-2.220446049250313e-16,0.0,1.0,0.0,0.0,0.0,0.0,0.0
smoke_connected_local,population,HYB,distributed_global,HYB,ASYM,QR2,108032.0,0.0,,0.0,-2.220446049250313e-16,0.0,1.0,0.0,0.0,0.0,0.0,0.0,0.7033158452876972,0.0,0.5064351645327043,0.0,1.0,0.0,0.00152587890625,0.0,3376.0,0.0,1,0.0,0.0,1.0,0.0,0.0,0.0,0.4241989682970836,0.0,15.0,0.0,0.13686522694347716,0.0,3,"max success/coverage, min regret/runtime/messages/timeout",0.023823400028049946,0.0,1.584333169770187,0.0,-2.220446049250313e-16,0.0,1.0,0.0,7.0,0.0,1.0,0.0
smoke_connected_local,population,LOG,distributed_global,LOG,SIG,REPAIR,107776.0,0.0,,0.0,0.0008892833695732794,0.0,1.0,0.0,0.0,0.0,0.0008892833695735014,0.0,0.8022713187652342,0.0,0.5312297475986173,0.0,1.0,0.0,0.00152587890625,0.0,3368.0,0.0,1,1.1116042119665992e-05,0.0,1.0003441055433469,0.0,0.0,0.0,0.440315447289927,0.0,0.0,0.0,0.2230077668553884,0.0,4,"max success/coverage, min regret/runtime/messages/timeout",0.02662859996780753,0.0,1.5852224531397605,0.0,0.0008892833695732794,0.0,1.0,0.0,9.0,0.0,1.0,0.0
smoke_connected_local,population,IBR,distributed_global,IBR,LIN,QR1,107776.0,0.0,,0.0,0.02041439774055198,0.0,1.0,0.0,0.0,0.0,0.019525114370978702,0.0,0.6070790353522365,0.0,0.5312297475986173,0.0,1.0,0.0,0.00152587890625,0.0,3368.0,0.0,1,0.0002551799717568998,0.0,1.0078992902228499,0.0,0.0,0.0,0.440315447289927,0.0,26.0,0.0,0.6490823428256087,0.0,5,"max success/coverage, min regret/runtime/messages/timeout",0.011904799961484969,0.0,1.6047475675107392,0.0,0.02041439774055198,0.0,1.0,0.0,390.0,0.0,1.0,0.0
smoke_connected_local,population,REP,distributed_global,REP,LIN,QR1,107776.0,0.0,,0.0,0.02041439774055198,0.0,1.0,0.0,0.0,0.0,0.019525114370978702,0.0,0.8222752775784952,0.0,0.5312297475986173,0.0,1.0,0.0,0.00152587890625,0.0,3368.0,0.0,1,0.0002551799717568998,0.0,1.0078992902228499,0.0,0.0,0.0,0.440315447289927,0.0,0.0,0.0,0.1706028081106255,0.0,6,"max success/coverage, min regret/runtime/messages/timeout",0.013503700029104948,0.0,1.6047475675107392,0.0,0.02041439774055198,0.0,1.0,0.0,4.0,0.0,1.0,0.0
smoke_connected_local,population,GPC,distributed_global,GPC,LIN,QR1,107776.0,0.0,,0.0,0.02041439774055198,0.0,1.0,0.0,0.0,0.0,0.019525114370978702,0.0,0.680015544696413,0.0,0.5312297475986173,0.0,1.0,0.0,0.00152587890625,0.0,3368.0,0.0,1,0.0002551799717568998,0.0,1.0078992902228499,0.0,0.0,0.0,0.440315447289927,0.0,0.0,0.0,0.13778017829150496,0.0,7,"max success/coverage, min regret/runtime/messages/timeout",0.015397900016978383,0.0,1.6047475675107392,0.0,0.02041439774055198,0.0,1.0,0.0,7.0,0.0,1.0,0.0
smoke_connected_local,population,SMI,distributed_global,SMI,ASYM,QR1,107776.0,0.0,,0.0,0.02041439774055198,0.0,1.0,0.0,0.0,0.0,0.019525114370978702,0.0,0.6800155446964131,0.0,0.5312297475986173,0.0,1.0,0.0,0.00152587890625,0.0,3368.0,0.0,1,0.0002551799717568998,0.0,1.0078992902228499,0.0,0.0,0.0,0.440315447289927,0.0,14.0,0.0,0.13778017829150502,0.0,8,"max success/coverage, min regret/runtime/messages/timeout",0.01770079997368157,0.0,1.6047475675107392,0.0,0.02041439774055198,0.0,1.0,0.0,7.0,0.0,1.0,0.0
smoke_connected_local,population,BNN,distributed_global,BNN,MC,QR1,107776.0,0.0,,0.0,0.02041439774055198,0.0,1.0,0.0,0.0,0.0,0.019525114370978702,0.0,0.6098778723659948,0.0,0.5312297475986173,0.0,1.0,0.0,0.00152587890625,0.0,3368.0,0.0,1,0.0002551799717568998,0.0,1.0078992902228499,0.0,0.0,0.0,0.440315447289927,0.0,60.0,0.0,0.08599389980893517,0.0,9,"max success/coverage, min regret/runtime/messages/timeout",0.019198899972252548,0.0,1.6047475675107392,0.0,0.02041439774055198,0.0,1.0,0.0,0.0,0.0,1.0,0.0
smoke_connected_local,population,PROJ,distributed_global,PROJ,QUAD,QR1,107776.0,0.0,,0.0,0.02041439774055198,0.0,1.0,0.0,0.0,0.0,0.019525114370978702,0.0,0.6330534154245573,0.0,0.5312297475986173,0.0,1.0,0.0,0.00152587890625,0.0,3368.0,0.0,1,0.0002551799717568998,0.0,1.0078992902228499,0.0,0.0,0.0,0.440315447289927,0.0,0.0,0.0,0.13675733487211408,0.0,10,"max success/coverage, min regret/runtime/messages/timeout",0.027709199930541217,0.0,1.6047475675107392,0.0,0.02041439774055198,0.0,1.0,0.0,8.0,0.0,1.0,0.0
smoke_connected_local,classic,GRD,distributed_global,,,POLICY,256.0,0.0,0.0,0.0,0.146399012982372,0.0,1.0,0.0,0.0,0.0,0.03377840972217694,0.0,0.0,0.0,0.5312297475986173,0.0,1.0,0.0,0.0009765625,0.0,8.0,0.0,1,0.00182998766227965,0.0,1.0566486607434562,0.0,0.0,0.0,0.49636698990573114,0.0,0.0,0.0,1.0566486607434562,0.0,11,"max success/coverage, min regret/runtime/messages/timeout",7.529999129474163e-05,0.0,1.7307321827525592,0.0,0.146399012982372,0.0,1.0,0.0,0.0,0.0,0.0,0.0
smoke_connected_local,data_driven_debug,MAPPO-GNN,distributed_local,,,DEBUG_UNTRAINED_POLICY_REPAIR,2048.0,0.0,2.0,0.0,0.15508891945926662,0.0,1.0,0.0,0.0,0.0,0.13467452171871463,0.0,0.0,0.0,0.5312297475986173,0.0,1.0,0.0,0.0009765625,0.0,64.0,0.0,1,0.0019386114932408327,0.0,1.06001119409579,0.0,,0.0,0.49636698990573114,0.0,0.0,0.0,1.06001119409579,0.0,12,"max success/coverage, min regret/runtime/messages/timeout",0.0033045000163838267,0.0,1.7394220892294538,0.0,0.15508891945926662,0.0,1.0,0.0,0.0,0.0,0.0,0.0
smoke_connected_local,data_driven_debug,IPPO-GNN,distributed_local,,,DEBUG_UNTRAINED_POLICY_REPAIR,2048.0,0.0,2.0,0.0,1.3881602307288716,0.0,1.0,0.0,0.0,0.0,0.8934541181159861,0.0,0.0,0.0,0.6210419494765197,0.0,1.0,0.0,0.0009765625,0.0,64.0,0.0,1,0.017352002884110894,0.0,1.5371444545024797,0.0,,0.0,0.6158506503206476,0.0,0.0,0.0,1.5371444545024797,0.0,13,"max success/coverage, min regret/runtime/messages/timeout",0.0043963000643998384,0.0,2.972493400499059,0.0,1.3881602307288716,0.0,1.0,0.0,5.0,0.0,0.0,0.0
smoke_cross,classic,HUN,centralized,,,EXACT,2048.0,0.0,0.0,0.0,-4.440892098500626e-16,0.0,1.0,0.0,0.0,0.0,0.0,0.0,0.0,0.0,0.5694167018526369,0.0,1.0,0.0,0.0009765625,0.0,64.0,0.0,1,0.0,0.0,0.9999999999999999,0.0,0.0,0.0,0.45647718264124426,0.0,0.0,0.0,0.9999999999999999,0.0,1,"max success/coverage, min regret/runtime/messages/timeout",8.09994526207447e-06,0.0,1.7641884181877354,0.0,-4.440892098500626e-16,0.0,1.0,0.0,0.0,0.0,0.0,0.0
smoke_cross,classic,EPS-AUCTION,distributed_global,,,POLICY,7296.0,0.0,0.0,0.0,-4.440892098500626e-16,0.0,1.0,0.0,0.0,0.0,0.0,0.0,0.0,0.0,0.5694167018526369,0.0,1.0,0.0,0.0009765625,0.0,228.0,0.0,1,0.0,0.0,0.9999999999999999,0.0,0.0,0.0,0.45647718264124426,0.0,0.0,0.0,0.9999999999999999,0.0,2,"max success/coverage, min regret/runtime/messages/timeout",0.0003739000530913472,0.0,1.7641884181877354,0.0,-4.440892098500626e-16,0.0,1.0,0.0,0.0,0.0,0.0,0.0
smoke_cross,population,HYB,distributed_global,HYB,ASYM,QR2,108032.0,0.0,,0.0,-4.440892098500626e-16,0.0,1.0,0.0,0.0,0.0,0.0,0.0,0.6791866520154854,0.0,0.5694167018526369,0.0,1.0,0.0,0.00152587890625,0.0,3376.0,0.0,1,0.0,0.0,0.9999999999999999,0.0,0.0,0.0,0.45647718264124426,0.0,31.0,0.0,0.13280133186689164,0.0,3,"max success/coverage, min regret/runtime/messages/timeout",0.017381799989379942,0.0,1.7641884181877354,0.0,-4.440892098500626e-16,0.0,1.0,0.0,6.0,0.0,1.0,0.0
smoke_cross,population,IBR,distributed_global,IBR,LIN,QR1,107776.0,0.0,,0.0,0.003277805834153158,0.0,1.0,0.0,0.0,0.0,0.003277805834153602,0.0,0.641880413835094,0.0,0.5694167018526369,0.0,1.0,0.0,0.00152587890625,0.0,3368.0,0.0,1,4.0972572926914475e-05,0.0,1.0011858112900647,0.0,0.0,0.0,0.45647718264124426,0.0,26.0,0.0,0.33836862351823493,0.0,4,"max success/coverage, min regret/runtime/messages/timeout",0.01187940000090748,0.0,1.767466224021889,0.0,0.003277805834153158,0.0,1.0,0.0,388.0,0.0,1.0,0.0
smoke_cross,population,LOG,distributed_global,LOG,SIG,REPAIR,107776.0,0.0,,0.0,0.003277805834153158,0.0,1.0,0.0,0.0,0.0,0.003277805834153602,0.0,0.7817178707638318,0.0,0.5694167018526369,0.0,1.0,0.0,0.00152587890625,0.0,3368.0,0.0,1,4.0972572926914475e-05,0.0,1.0011858112900647,0.0,0.0,0.0,0.45647718264124426,0.0,0.0,0.0,0.22571359597761567,0.0,5,"max success/coverage, min regret/runtime/messages/timeout",0.02465819998178631,0.0,1.767466224021889,0.0,0.003277805834153158,0.0,1.0,0.0,10.0,0.0,1.0,0.0
smoke_cross,population,REP,distributed_global,REP,LIN,QR1,107776.0,0.0,,0.0,0.0323950598987186,0.0,1.0,0.0,0.0,0.0,0.029117254064565445,0.0,0.8152484389331869,0.0,0.5694167018526369,0.0,1.0,0.0,0.00152587890625,0.0,3368.0,0.0,1,0.00040493824873398255,0.0,1.0117195556155167,0.0,0.0,0.0,0.46768857255300433,0.0,0.0,0.0,0.17245320302908088,0.0,6,"max success/coverage, min regret/runtime/messages/timeout",0.011266299989074469,0.0,1.7965834780864545,0.0,0.0323950598987186,0.0,1.0,0.0,2.0,0.0,1.0,0.0
smoke_cross,population,GPC,distributed_global,GPC,LIN,QR1,107776.0,0.0,,0.0,0.0323950598987186,0.0,1.0,0.0,0.0,0.0,0.029117254064565445,0.0,0.6483000749566242,0.0,0.5694167018526369,0.0,1.0,0.0,0.00152587890625,0.0,3368.0,0.0,1,0.00040493824873398255,0.0,1.0117195556155167,0.0,0.0,0.0,0.46768857255300433,0.0,0.0,0.0,0.1339078629393626,0.0,7,"max success/coverage, min regret/runtime/messages/timeout",0.013589499983936548,0.0,1.7965834780864545,0.0,0.0323950598987186,0.0,1.0,0.0,6.0,0.0,1.0,0.0
smoke_cross,population,SMI,distributed_global,SMI,ASYM,QR1,107776.0,0.0,,0.0,0.0323950598987186,0.0,1.0,0.0,0.0,0.0,0.029117254064565445,0.0,0.6483000749566242,0.0,0.5694167018526369,0.0,1.0,0.0,0.00152587890625,0.0,3368.0,0.0,1,0.00040493824873398255,0.0,1.0117195556155167,0.0,0.0,0.0,0.46768857255300433,0.0,22.0,0.0,0.1339078629393626,0.0,8,"max success/coverage, min regret/runtime/messages/timeout",0.01573019998613745,0.0,1.7965834780864545,0.0,0.0323950598987186,0.0,1.0,0.0,6.0,0.0,1.0,0.0
smoke_cross,population,PROJ,distributed_global,PROJ,QUAD,QR1,107776.0,0.0,,0.0,0.0323950598987186,0.0,1.0,0.0,0.0,0.0,0.029117254064565445,0.0,0.597574176045955,0.0,0.5694167018526369,0.0,1.0,0.0,0.00152587890625,0.0,3368.0,0.0,1,0.00040493824873398255,0.0,1.0117195556155167,0.0,0.0,0.0,0.46768857255300433,0.0,0.0,0.0,0.12971408696053535,0.0,9,"max success/coverage, min regret/runtime/messages/timeout",0.024330299929715693,0.0,1.7965834780864545,0.0,0.0323950598987186,0.0,1.0,0.0,6.0,0.0,1.0,0.0
smoke_cross,classic,GRD,distributed_global,,,POLICY,256.0,0.0,0.0,0.0,0.10059112639669854,0.0,1.0,0.0,0.0,0.0,0.06819606649797993,0.0,0.0,0.0,0.5694167018526369,0.0,1.0,0.0,0.0009765625,0.0,8.0,0.0,1,0.0012573890799587317,0.0,1.036390835637264,0.0,0.0,0.0,0.47163441269917017,0.0,0.0,0.0,1.036390835637264,0.0,10,"max success/coverage, min regret/runtime/messages/timeout",5.9999991208314896e-05,0.0,1.8647795445844344,0.0,0.10059112639669854,0.0,1.0,0.0,0.0,0.0,0.0,0.0
smoke_cross,data_driven_debug,MAPPO-GNN,distributed_local,,,DEBUG_UNTRAINED_POLICY_REPAIR,3584.0,0.0,2.0,0.0,0.17578873200163203,0.0,1.0,0.0,0.0,0.0,0.08290931086383857,0.0,0.0,0.0,0.6117627489660046,0.0,1.0,0.0,0.0009765625,0.0,112.0,0.0,1,0.0021973591500204005,0.0,1.063595061336985,0.0,,0.0,0.5514069652833244,0.0,0.0,0.0,1.063595061336985,0.0,11,"max success/coverage, min regret/runtime/messages/timeout",0.003338299924507737,0.0,1.939977150189368,0.0,0.17578873200163203,0.0,1.0,0.0,0.0,0.0,0.0,0.0
smoke_cross,population,BNN,distributed_global,BNN,MC,QR1,107776.0,0.0,,0.0,0.17578873200163203,0.0,1.0,0.0,0.0,0.0,0.08290931086383857,0.0,0.5816550655135704,0.0,0.6117627489660046,0.0,1.0,0.0,0.00152587890625,0.0,3368.0,0.0,1,0.0021973591500204005,0.0,1.063595061336985,0.0,0.0,0.0,0.5514069652833244,0.0,60.0,0.0,0.090749292761171,0.0,12,"max success/coverage, min regret/runtime/messages/timeout",0.020571200060658157,0.0,1.939977150189368,0.0,0.17578873200163203,0.0,1.0,0.0,0.0,0.0,1.0,0.0
smoke_cross,data_driven_debug,IPPO-GNN,distributed_local,,,DEBUG_UNTRAINED_POLICY_REPAIR,3584.0,0.0,2.0,0.0,0.7687583594622742,0.0,1.0,0.0,0.0,0.0,0.5126593013649505,0.0,0.0,0.0,0.5928495987954462,0.0,1.0,0.0,0.0009765625,0.0,112.0,0.0,1,0.009609479493278427,0.0,1.2781135882069463,0.0,,0.0,0.5726516939634448,0.0,0.0,0.0,1.2781135882069463,0.0,13,"max success/coverage, min regret/runtime/messages/timeout",0.0030922999139875174,0.0,2.53294677765001,0.0,0.7687583594622742,0.0,1.0,0.0,6.0,0.0,0.0,0.0
smoke_disconnected,classic,HUN,centralized,,,EXACT,2048.0,0.0,0.0,0.0,-2.220446049250313e-16,0.0,1.0,0.0,0.0,0.0,0.0,0.0,0.0,0.0,0.5064351645327043,0.0,1.0,0.0,0.0009765625,0.0,64.0,0.0,1,0.0,0.0,1.0,0.0,0.0,0.0,0.4241989682970836,0.0,0.0,0.0,1.0,0.0,1,"max success/coverage, min regret/runtime/messages/timeout",1.0399962775409222e-05,0.0,1.584333169770187,0.0,-2.220446049250313e-16,0.0,1.0,0.0,0.0,0.0,0.0,0.0
smoke_disconnected,classic,EPS-AUCTION,distributed_global,,,POLICY,9600.0,0.0,0.0,0.0,-2.220446049250313e-16,0.0,1.0,0.0,0.0,0.0,0.0,0.0,0.0,0.0,0.5064351645327043,0.0,1.0,0.0,0.0009765625,0.0,300.0,0.0,1,0.0,0.0,1.0,0.0,0.0,0.0,0.4241989682970836,0.0,0.0,0.0,1.0,0.0,2,"max success/coverage, min regret/runtime/messages/timeout",0.0006405999884009361,0.0,1.584333169770187,0.0,-2.220446049250313e-16,0.0,1.0,0.0,0.0,0.0,0.0,0.0
smoke_disconnected,population,HYB,distributed_global,HYB,ASYM,QR2,108032.0,0.0,,0.0,-2.220446049250313e-16,0.0,1.0,0.0,0.0,0.0,0.0,0.0,0.7033158452876972,0.0,0.5064351645327043,0.0,1.0,0.0,0.00152587890625,0.0,3376.0,0.0,1,0.0,0.0,1.0,0.0,0.0,0.0,0.4241989682970836,0.0,15.0,0.0,0.13686522694347716,0.0,3,"max success/coverage, min regret/runtime/messages/timeout",0.019871899974532425,0.0,1.584333169770187,0.0,-2.220446049250313e-16,0.0,1.0,0.0,7.0,0.0,1.0,0.0
smoke_disconnected,population,LOG,distributed_global,LOG,SIG,REPAIR,107776.0,0.0,,0.0,0.0008892833695732794,0.0,1.0,0.0,0.0,0.0,0.0008892833695735014,0.0,0.8022713187652342,0.0,0.5312297475986173,0.0,1.0,0.0,0.00152587890625,0.0,3368.0,0.0,1,1.1116042119665992e-05,0.0,1.0003441055433469,0.0,0.0,0.0,0.440315447289927,0.0,0.0,0.0,0.2230077668553884,0.0,4,"max success/coverage, min regret/runtime/messages/timeout",0.025086400099098682,0.0,1.5852224531397605,0.0,0.0008892833695732794,0.0,1.0,0.0,9.0,0.0,1.0,0.0
smoke_disconnected,population,GPC,distributed_global,GPC,LIN,QR1,107776.0,0.0,,0.0,0.02041439774055198,0.0,1.0,0.0,0.0,0.0,0.019525114370978702,0.0,0.680015544696413,0.0,0.5312297475986173,0.0,1.0,0.0,0.00152587890625,0.0,3368.0,0.0,1,0.0002551799717568998,0.0,1.0078992902228499,0.0,0.0,0.0,0.440315447289927,0.0,0.0,0.0,0.13778017829150496,0.0,5,"max success/coverage, min regret/runtime/messages/timeout",0.013632399961352348,0.0,1.6047475675107392,0.0,0.02041439774055198,0.0,1.0,0.0,7.0,0.0,1.0,0.0
smoke_disconnected,population,REP,distributed_global,REP,LIN,QR1,107776.0,0.0,,0.0,0.02041439774055198,0.0,1.0,0.0,0.0,0.0,0.019525114370978702,0.0,0.8222752775784952,0.0,0.5312297475986173,0.0,1.0,0.0,0.00152587890625,0.0,3368.0,0.0,1,0.0002551799717568998,0.0,1.0078992902228499,0.0,0.0,0.0,0.440315447289927,0.0,0.0,0.0,0.1706028081106255,0.0,6,"max success/coverage, min regret/runtime/messages/timeout",0.013902500038966537,0.0,1.6047475675107392,0.0,0.02041439774055198,0.0,1.0,0.0,4.0,0.0,1.0,0.0
smoke_disconnected,population,IBR,distributed_global,IBR,LIN,QR1,107776.0,0.0,,0.0,0.02041439774055198,0.0,1.0,0.0,0.0,0.0,0.019525114370978702,0.0,0.6070790353522365,0.0,0.5312297475986173,0.0,1.0,0.0,0.00152587890625,0.0,3368.0,0.0,1,0.0002551799717568998,0.0,1.0078992902228499,0.0,0.0,0.0,0.440315447289927,0.0,26.0,0.0,0.6490823428256087,0.0,7,"max success/coverage, min regret/runtime/messages/timeout",0.014744700049050152,0.0,1.6047475675107392,0.0,0.02041439774055198,0.0,1.0,0.0,390.0,0.0,1.0,0.0
smoke_disconnected,population,SMI,distributed_global,SMI,ASYM,QR1,107776.0,0.0,,0.0,0.02041439774055198,0.0,1.0,0.0,0.0,0.0,0.019525114370978702,0.0,0.6800155446964131,0.0,0.5312297475986173,0.0,1.0,0.0,0.00152587890625,0.0,3368.0,0.0,1,0.0002551799717568998,0.0,1.0078992902228499,0.0,0.0,0.0,0.440315447289927,0.0,14.0,0.0,0.13778017829150502,0.0,8,"max success/coverage, min regret/runtime/messages/timeout",0.018046199926175177,0.0,1.6047475675107392,0.0,0.02041439774055198,0.0,1.0,0.0,7.0,0.0,1.0,0.0
smoke_disconnected,population,BNN,distributed_global,BNN,MC,QR1,107776.0,0.0,,0.0,0.02041439774055198,0.0,1.0,0.0,0.0,0.0,0.019525114370978702,0.0,0.6098778723659948,0.0,0.5312297475986173,0.0,1.0,0.0,0.00152587890625,0.0,3368.0,0.0,1,0.0002551799717568998,0.0,1.0078992902228499,0.0,0.0,0.0,0.440315447289927,0.0,60.0,0.0,0.08599389980893517,0.0,9,"max success/coverage, min regret/runtime/messages/timeout",0.02179130003787577,0.0,1.6047475675107392,0.0,0.02041439774055198,0.0,1.0,0.0,0.0,0.0,1.0,0.0
smoke_disconnected,population,PROJ,distributed_global,PROJ,QUAD,QR1,107776.0,0.0,,0.0,0.02041439774055198,0.0,1.0,0.0,0.0,0.0,0.019525114370978702,0.0,0.6330534154245573,0.0,0.5312297475986173,0.0,1.0,0.0,0.00152587890625,0.0,3368.0,0.0,1,0.0002551799717568998,0.0,1.0078992902228499,0.0,0.0,0.0,0.440315447289927,0.0,0.0,0.0,0.13675733487211408,0.0,10,"max success/coverage, min regret/runtime/messages/timeout",0.024513600044883788,0.0,1.6047475675107392,0.0,0.02041439774055198,0.0,1.0,0.0,8.0,0.0,1.0,0.0
smoke_disconnected,classic,GRD,distributed_global,,,POLICY,256.0,0.0,0.0,0.0,0.146399012982372,0.0,1.0,0.0,0.0,0.0,0.03377840972217694,0.0,0.0,0.0,0.5312297475986173,0.0,1.0,0.0,0.0009765625,0.0,8.0,0.0,1,0.00182998766227965,0.0,1.0566486607434562,0.0,0.0,0.0,0.49636698990573114,0.0,0.0,0.0,1.0566486607434562,0.0,11,"max success/coverage, min regret/runtime/messages/timeout",8.439994417130947e-05,0.0,1.7307321827525592,0.0,0.146399012982372,0.0,1.0,0.0,0.0,0.0,0.0,0.0
smoke_disconnected,data_driven_debug,MAPPO-GNN,distributed_local,,,DEBUG_UNTRAINED_POLICY_REPAIR,0.0,0.0,2.0,0.0,0.15508891945926662,0.0,1.0,0.0,0.0,0.0,0.13467452171871463,0.0,0.0,0.0,0.5312297475986173,0.0,1.0,0.0,0.0009765625,0.0,0.0,0.0,1,0.0019386114932408327,0.0,1.06001119409579,0.0,,0.0,0.49636698990573114,0.0,0.0,0.0,1.06001119409579,0.0,12,"max success/coverage, min regret/runtime/messages/timeout",0.003426999901421368,0.0,1.7394220892294538,0.0,0.15508891945926662,0.0,1.0,0.0,0.0,0.0,0.0,0.0
smoke_disconnected,data_driven_debug,IPPO-GNN,distributed_local,,,DEBUG_UNTRAINED_POLICY_REPAIR,0.0,0.0,2.0,0.0,0.5394610631104602,0.0,1.0,0.0,0.0,0.0,0.3504259153830296,0.0,0.0,0.0,0.7107929583019652,0.0,1.0,0.0,0.0009765625,0.0,0.0,0.0,1,0.006743263288880752,0.0,1.2087428468669277,0.0,,0.0,0.6685386077291715,0.0,0.0,0.0,1.2087428468669277,0.0,13,"max success/coverage, min regret/runtime/messages/timeout",0.0039657000452280045,0.0,2.1237942328806474,0.0,0.5394610631104602,0.0,1.0,0.0,3.0,0.0,0.0,0.0
smoke_nominal,classic,HUN,centralized,,,EXACT,2048.0,0.0,0.0,0.0,-2.220446049250313e-16,0.0,1.0,0.0,0.0,0.0,0.0,0.0,0.0,0.0,0.5064351645327043,0.0,1.0,0.0,0.0009765625,0.0,64.0,0.0,1,0.0,0.0,1.0,0.0,0.0,0.0,0.4241989682970836,0.0,0.0,0.0,1.0,0.0,1,"max success/coverage, min regret/runtime/messages/timeout",8.100061677396297e-06,0.0,1.584333169770187,0.0,-2.220446049250313e-16,0.0,1.0,0.0,0.0,0.0,0.0,0.0
smoke_nominal,classic,EPS-AUCTION,distributed_global,,,POLICY,9600.0,0.0,0.0,0.0,-2.220446049250313e-16,0.0,1.0,0.0,0.0,0.0,0.0,0.0,0.0,0.0,0.5064351645327043,0.0,1.0,0.0,0.0009765625,0.0,300.0,0.0,1,0.0,0.0,1.0,0.0,0.0,0.0,0.4241989682970836,0.0,0.0,0.0,1.0,0.0,2,"max success/coverage, min regret/runtime/messages/timeout",0.0005534000229090452,0.0,1.584333169770187,0.0,-2.220446049250313e-16,0.0,1.0,0.0,0.0,0.0,0.0,0.0
smoke_nominal,population,HYB,distributed_global,HYB,ASYM,QR2,108032.0,0.0,,0.0,-2.220446049250313e-16,0.0,1.0,0.0,0.0,0.0,0.0,0.0,0.7033158452876972,0.0,0.5064351645327043,0.0,1.0,0.0,0.00152587890625,0.0,3376.0,0.0,1,0.0,0.0,1.0,0.0,0.0,0.0,0.4241989682970836,0.0,15.0,0.0,0.13686522694347716,0.0,3,"max success/coverage, min regret/runtime/messages/timeout",0.020998300053179264,0.0,1.584333169770187,0.0,-2.220446049250313e-16,0.0,1.0,0.0,7.0,0.0,1.0,0.0
smoke_nominal,population,LOG,distributed_global,LOG,SIG,REPAIR,107776.0,0.0,,0.0,0.0008892833695732794,0.0,1.0,0.0,0.0,0.0,0.0008892833695735014,0.0,0.8022713187652342,0.0,0.5312297475986173,0.0,1.0,0.0,0.00152587890625,0.0,3368.0,0.0,1,1.1116042119665992e-05,0.0,1.0003441055433469,0.0,0.0,0.0,0.440315447289927,0.0,0.0,0.0,0.2230077668553884,0.0,4,"max success/coverage, min regret/runtime/messages/timeout",0.025016300030983984,0.0,1.5852224531397605,0.0,0.0008892833695732794,0.0,1.0,0.0,9.0,0.0,1.0,0.0
smoke_nominal,population,IBR,distributed_global,IBR,LIN,QR1,107776.0,0.0,,0.0,0.02041439774055198,0.0,1.0,0.0,0.0,0.0,0.019525114370978702,0.0,0.6070790353522365,0.0,0.5312297475986173,0.0,1.0,0.0,0.00152587890625,0.0,3368.0,0.0,1,0.0002551799717568998,0.0,1.0078992902228499,0.0,0.0,0.0,0.440315447289927,0.0,26.0,0.0,0.6490823428256087,0.0,5,"max success/coverage, min regret/runtime/messages/timeout",0.012022000038996339,0.0,1.6047475675107392,0.0,0.02041439774055198,0.0,1.0,0.0,390.0,0.0,1.0,0.0
smoke_nominal,population,REP,distributed_global,REP,LIN,QR1,107776.0,0.0,,0.0,0.02041439774055198,0.0,1.0,0.0,0.0,0.0,0.019525114370978702,0.0,0.8222752775784952,0.0,0.5312297475986173,0.0,1.0,0.0,0.00152587890625,0.0,3368.0,0.0,1,0.0002551799717568998,0.0,1.0078992902228499,0.0,0.0,0.0,0.440315447289927,0.0,0.0,0.0,0.1706028081106255,0.0,6,"max success/coverage, min regret/runtime/messages/timeout",0.013067099964246154,0.0,1.6047475675107392,0.0,0.02041439774055198,0.0,1.0,0.0,4.0,0.0,1.0,0.0
smoke_nominal,population,GPC,distributed_global,GPC,LIN,QR1,107776.0,0.0,,0.0,0.02041439774055198,0.0,1.0,0.0,0.0,0.0,0.019525114370978702,0.0,0.680015544696413,0.0,0.5312297475986173,0.0,1.0,0.0,0.00152587890625,0.0,3368.0,0.0,1,0.0002551799717568998,0.0,1.0078992902228499,0.0,0.0,0.0,0.440315447289927,0.0,0.0,0.0,0.13778017829150496,0.0,7,"max success/coverage, min regret/runtime/messages/timeout",0.015029200003482401,0.0,1.6047475675107392,0.0,0.02041439774055198,0.0,1.0,0.0,7.0,0.0,1.0,0.0
smoke_nominal,population,BNN,distributed_global,BNN,MC,QR1,107776.0,0.0,,0.0,0.02041439774055198,0.0,1.0,0.0,0.0,0.0,0.019525114370978702,0.0,0.6098778723659948,0.0,0.5312297475986173,0.0,1.0,0.0,0.00152587890625,0.0,3368.0,0.0,1,0.0002551799717568998,0.0,1.0078992902228499,0.0,0.0,0.0,0.440315447289927,0.0,60.0,0.0,0.08599389980893517,0.0,8,"max success/coverage, min regret/runtime/messages/timeout",0.022091299993917346,0.0,1.6047475675107392,0.0,0.02041439774055198,0.0,1.0,0.0,0.0,0.0,1.0,0.0
smoke_nominal,population,SMI,distributed_global,SMI,ASYM,QR1,107776.0,0.0,,0.0,0.02041439774055198,0.0,1.0,0.0,0.0,0.0,0.019525114370978702,0.0,0.6800155446964131,0.0,0.5312297475986173,0.0,1.0,0.0,0.00152587890625,0.0,3368.0,0.0,1,0.0002551799717568998,0.0,1.0078992902228499,0.0,0.0,0.0,0.440315447289927,0.0,14.0,0.0,0.13778017829150502,0.0,9,"max success/coverage, min regret/runtime/messages/timeout",0.025808300008066,0.0,1.6047475675107392,0.0,0.02041439774055198,0.0,1.0,0.0,7.0,0.0,1.0,0.0
smoke_nominal,population,PROJ,distributed_global,PROJ,QUAD,QR1,107776.0,0.0,,0.0,0.02041439774055198,0.0,1.0,0.0,0.0,0.0,0.019525114370978702,0.0,0.6330534154245573,0.0,0.5312297475986173,0.0,1.0,0.0,0.00152587890625,0.0,3368.0,0.0,1,0.0002551799717568998,0.0,1.0078992902228499,0.0,0.0,0.0,0.440315447289927,0.0,0.0,0.0,0.13675733487211408,0.0,10,"max success/coverage, min regret/runtime/messages/timeout",0.03152710001450032,0.0,1.6047475675107392,0.0,0.02041439774055198,0.0,1.0,0.0,8.0,0.0,1.0,0.0
smoke_nominal,classic,GRD,distributed_global,,,POLICY,256.0,0.0,0.0,0.0,0.146399012982372,0.0,1.0,0.0,0.0,0.0,0.03377840972217694,0.0,0.0,0.0,0.5312297475986173,0.0,1.0,0.0,0.0009765625,0.0,8.0,0.0,1,0.00182998766227965,0.0,1.0566486607434562,0.0,0.0,0.0,0.49636698990573114,0.0,0.0,0.0,1.0566486607434562,0.0,11,"max success/coverage, min regret/runtime/messages/timeout",9.290000889450312e-05,0.0,1.7307321827525592,0.0,0.146399012982372,0.0,1.0,0.0,0.0,0.0,0.0,0.0
smoke_nominal,data_driven_debug,MAPPO-GNN,distributed_local,,,DEBUG_UNTRAINED_POLICY_REPAIR,3584.0,0.0,2.0,0.0,0.15508891945926662,0.0,1.0,0.0,0.0,0.0,0.13467452171871463,0.0,0.0,0.0,0.5312297475986173,0.0,1.0,0.0,0.0009765625,0.0,112.0,0.0,1,0.0019386114932408327,0.0,1.06001119409579,0.0,,0.0,0.49636698990573114,0.0,0.0,0.0,1.06001119409579,0.0,12,"max success/coverage, min regret/runtime/messages/timeout",0.004770600004121661,0.0,1.7394220892294538,0.0,0.15508891945926662,0.0,1.0,0.0,0.0,0.0,0.0,0.0
smoke_nominal,data_driven_debug,IPPO-GNN,distributed_local,,,DEBUG_UNTRAINED_POLICY_REPAIR,3584.0,0.0,2.0,0.0,0.5249272478627889,0.0,1.0,0.0,0.0,0.0,0.519993588806728,0.0,0.0,0.0,0.5900662423796976,0.0,1.0,0.0,0.0009765625,0.0,112.0,0.0,1,0.006561590598284861,0.0,1.2031190304729433,0.0,,0.0,0.5708425122932083,0.0,0.0,0.0,1.2031190304729433,0.0,13,"max success/coverage, min regret/runtime/messages/timeout",0.005664799944497645,0.0,2.109260417632976,0.0,0.5249272478627889,0.0,1.0,0.0,5.0,0.0,0.0,0.0
smoke_robot_scarcity,classic,HUN,centralized,,,EXACT,3072.0,0.0,0.0,0.0,2.220446049250313e-16,0.0,1.0,0.0,0.0,0.0,0.0,0.0,0.0,0.0,0.3343447954901768,0.0,1.0,0.0,0.001220703125,0.0,96.0,0.0,1,2.7755575615628915e-18,0.0,1.0,0.0,0.0,0.0,0.2896442153644671,0.0,0.0,0.0,1.0,0.0,1,"max success/coverage, min regret/runtime/messages/timeout",1.1399970389902592e-05,0.0,1.1847123564511588,0.0,2.220446049250313e-16,0.0,1.0,0.0,0.0,0.0,0.0,0.0
smoke_robot_scarcity,classic,EPS-AUCTION,distributed_global,,,POLICY,1088.0,0.0,0.0,0.0,2.220446049250313e-16,0.0,1.0,0.0,0.0,0.0,0.0,0.0,0.0,0.0,0.3343447954901768,0.0,1.0,0.0,0.001220703125,0.0,34.0,0.0,1,2.7755575615628915e-18,0.0,1.0,0.0,0.0,0.0,0.2896442153644671,0.0,0.0,0.0,1.0,0.0,2,"max success/coverage, min regret/runtime/messages/timeout",0.00015840004198253155,0.0,1.1847123564511588,0.0,2.220446049250313e-16,0.0,1.0,0.0,0.0,0.0,0.0,0.0
smoke_robot_scarcity,population,IBR,distributed_global,IBR,LIN,QR1,107776.0,0.0,,0.0,0.0016596472107517357,0.0,1.0,0.0,0.0,0.0,0.0,0.0,0.6131108821739795,0.0,0.2356297717017765,0.0,1.0,0.0,0.00201416015625,0.0,3368.0,0.0,1,2.0745590134396698e-05,0.0,1.000759663946538,0.0,0.0,0.0,0.22547944990200697,0.0,27.0,0.0,0.850711875671924,0.0,3,"max success/coverage, min regret/runtime/messages/timeout",0.012868600082583725,0.0,1.1863720036619103,0.0,0.0016596472107517357,0.0,1.0,0.0,429.0,0.0,1.0,0.0
smoke_robot_scarcity,population,GPC,distributed_global,GPC,LIN,QR1,107776.0,0.0,,0.0,0.0016596472107517357,0.0,1.0,0.0,0.0,0.0,0.0,0.0,0.7098815623618884,0.0,0.2356297717017765,0.0,1.0,0.0,0.00201416015625,0.0,3368.0,0.0,1,2.0745590134396698e-05,0.0,1.000759663946538,0.0,0.0,0.0,0.22547944990200697,0.0,0.0,0.0,0.5149580151513949,0.0,4,"max success/coverage, min regret/runtime/messages/timeout",0.014219600008800626,0.0,1.1863720036619103,0.0,0.0016596472107517357,0.0,1.0,0.0,13.0,0.0,1.0,0.0
smoke_robot_scarcity,population,SMI,distributed_global,SMI,ASYM,QR1,107776.0,0.0,,0.0,0.0016596472107517357,0.0,1.0,0.0,0.0,0.0,0.0,0.0,0.7098815623618885,0.0,0.2356297717017765,0.0,1.0,0.0,0.00201416015625,0.0,3368.0,0.0,1,2.0745590134396698e-05,0.0,1.000759663946538,0.0,0.0,0.0,0.22547944990200697,0.0,0.0,0.0,0.5149580151513949,0.0,5,"max success/coverage, min regret/runtime/messages/timeout",0.014797599986195564,0.0,1.1863720036619103,0.0,0.0016596472107517357,0.0,1.0,0.0,13.0,0.0,1.0,0.0
smoke_robot_scarcity,population,HYB,distributed_global,HYB,ASYM,QR2,108032.0,0.0,,0.0,0.0016596472107517357,0.0,1.0,0.0,0.0,0.0,0.0,0.0,0.7368003565193052,0.0,0.2356297717017765,0.0,1.0,0.0,0.00201416015625,0.0,3376.0,0.0,1,2.0745590134396698e-05,0.0,1.000759663946538,0.0,0.0,0.0,0.22547944990200697,0.0,0.0,0.0,0.4696894075898881,0.0,6,"max success/coverage, min regret/runtime/messages/timeout",0.016971300006844103,0.0,1.1863720036619103,0.0,0.0016596472107517357,0.0,1.0,0.0,10.0,0.0,1.0,0.0
smoke_robot_scarcity,population,PROJ,distributed_global,PROJ,QUAD,QR1,107776.0,0.0,,0.0,0.0016596472107517357,0.0,1.0,0.0,0.0,0.0,0.0,0.0,0.673229472695954,0.0,0.2356297717017765,0.0,1.0,0.0,0.00201416015625,0.0,3368.0,0.0,1,2.0745590134396698e-05,0.0,1.000759663946538,0.0,0.0,0.0,0.22547944990200697,0.0,0.0,0.0,0.550521486283499,0.0,7,"max success/coverage, min regret/runtime/messages/timeout",0.023383500054478645,0.0,1.1863720036619103,0.0,0.0016596472107517357,0.0,1.0,0.0,16.0,0.0,1.0,0.0
smoke_robot_scarcity,classic,GRD,distributed_global,,,POLICY,256.0,0.0,0.0,0.0,0.0892880926923163,0.0,1.0,0.0,0.0,0.0,0.08762844548156457,0.0,0.0,0.0,0.4345538252342518,0.0,1.0,0.0,0.001220703125,0.0,8.0,0.0,1,0.0011161011586539537,0.0,1.0408694958989273,0.0,0.0,0.0,0.3547800846981158,0.0,0.0,0.0,1.0408694958989273,0.0,8,"max success/coverage, min regret/runtime/messages/timeout",0.0001650999765843153,0.0,1.2740004491434749,0.0,0.0892880926923163,0.0,1.0,0.0,0.0,0.0,0.0,0.0
smoke_robot_scarcity,data_driven_debug,MAPPO-GNN,distributed_local,,,DEBUG_UNTRAINED_POLICY_REPAIR,3584.0,0.0,2.0,0.0,0.0892880926923163,0.0,1.0,0.0,0.0,0.0,0.08762844548156457,0.0,0.0,0.0,0.4345538252342518,0.0,1.0,0.0,0.001220703125,0.0,112.0,0.0,1,0.0011161011586539537,0.0,1.0408694958989273,0.0,,0.0,0.3547800846981158,0.0,0.0,0.0,1.0408694958989273,0.0,9,"max success/coverage, min regret/runtime/messages/timeout",0.004958300036378205,0.0,1.2740004491434749,0.0,0.0892880926923163,0.0,1.0,0.0,0.0,0.0,0.0,0.0
smoke_robot_scarcity,population,REP,distributed_global,REP,LIN,QR1,107776.0,0.0,,0.0,0.0892880926923163,0.0,1.0,0.0,0.0,0.0,0.08762844548156457,0.0,0.8724159293759091,0.0,0.4345538252342518,0.0,1.0,0.0,0.00201416015625,0.0,3368.0,0.0,1,0.0011161011586539537,0.0,1.0408694958989273,0.0,0.0,0.0,0.3547800846981158,0.0,0.0,0.0,0.2979670082674369,0.0,10,"max success/coverage, min regret/runtime/messages/timeout",0.011472000041976571,0.0,1.2740004491434749,0.0,0.0892880926923163,0.0,1.0,0.0,9.0,0.0,1.0,0.0
smoke_robot_scarcity,population,BNN,distributed_global,BNN,MC,QR1,107776.0,0.0,,0.0,0.0892880926923163,0.0,1.0,0.0,0.0,0.0,0.08762844548156457,0.0,0.6511996338915942,0.0,0.4345538252342518,0.0,1.0,0.0,0.00201416015625,0.0,3368.0,0.0,1,0.0011161011586539537,0.0,1.0408694958989273,0.0,0.0,0.0,0.3547800846981158,0.0,60.0,0.0,0.08332189344059002,0.0,11,"max success/coverage, min regret/runtime/messages/timeout",0.020116399973630905,0.0,1.2740004491434749,0.0,0.0892880926923163,0.0,1.0,0.0,0.0,0.0,1.0,0.0
smoke_robot_scarcity,population,LOG,distributed_global,LOG,SIG,REPAIR,107776.0,0.0,,0.0,0.1859640150566817,0.0,1.0,0.0,0.0966759223643654,0.0,0.0008892833695732794,0.0,0.8355045077308922,0.0,0.5312297475986173,0.0,1.0,0.0,0.00201416015625,0.0,3368.0,0.0,1,0.002324550188208521,0.0,1.0851205947124138,0.0,0.0,0.0,0.4176194342349533,0.0,0.0,0.0,0.5757427580560422,0.0,12,"max success/coverage, min regret/runtime/messages/timeout",0.024581799982115626,0.0,1.3706763715078403,0.0,0.1859640150566817,0.0,1.0,0.0,9.0,0.0,1.0,0.0
smoke_robot_scarcity,data_driven_debug,IPPO-GNN,distributed_local,,,DEBUG_UNTRAINED_POLICY_REPAIR,3584.0,0.0,2.0,0.0,0.7332276649853722,0.0,1.0,0.0,0.4000368531166669,0.0,0.5199935888067282,0.0,0.0,0.0,0.5900662423796976,0.0,1.0,0.0,0.001220703125,0.0,112.0,0.0,1,0.009165345812317153,0.0,1.3356174842973036,0.0,,0.0,0.5708425122932083,0.0,0.0,0.0,1.3356174842973036,0.0,13,"max success/coverage, min regret/runtime/messages/timeout",0.004194100038148463,0.0,1.9179400214365308,0.0,0.7332276649853722,0.0,1.0,0.0,5.0,0.0,0.0,0.0
smoke_robot_surplus,classic,HUN,centralized,,,EXACT,1536.0,0.0,0.0,0.0,0.0,0.0,1.0,0.0,0.0,0.0,0.0,0.0,0.0,0.0,0.20662885227386357,0.0,1.0,0.0,0.0008544921875,0.0,48.0,0.0,1,0.0,0.0,1.0,0.0,0.0,0.0,0.19123651059280372,0.0,0.0,0.0,1.0,0.0,1,"max success/coverage, min regret/runtime/messages/timeout",7.500057108700275e-06,0.0,0.7825181016816407,0.0,0.0,0.0,1.0,0.0,0.0,0.0,0.0,0.0
smoke_robot_surplus,classic,EPS-AUCTION,distributed_global,,,POLICY,960.0,0.0,0.0,0.0,0.0,0.0,1.0,0.0,0.0,0.0,0.0,0.0,0.0,0.0,0.20662885227386357,0.0,1.0,0.0,0.0008544921875,0.0,30.0,0.0,1,0.0,0.0,1.0,0.0,0.0,0.0,0.19123651059280372,0.0,0.0,0.0,1.0,0.0,2,"max success/coverage, min regret/runtime/messages/timeout",0.00013379997108131647,0.0,0.7825181016816407,0.0,0.0,0.0,1.0,0.0,0.0,0.0,0.0,0.0
smoke_robot_surplus,population,GPC,distributed_global,GPC,LIN,QR1,107776.0,0.0,,0.0,0.0,0.0,1.0,0.0,0.0,0.0,0.0,0.0,0.6017564914744399,0.0,0.20662885227386357,0.0,1.0,0.0,0.00128173828125,0.0,3368.0,0.0,1,0.0,0.0,1.0,0.0,0.0,0.0,0.19123651059280372,0.0,0.0,0.0,0.19198762109413914,0.0,3,"max success/coverage, min regret/runtime/messages/timeout",0.015035599935799837,0.0,0.7825181016816407,0.0,0.0,0.0,1.0,0.0,3.0,0.0,1.0,0.0
smoke_robot_surplus,population,SMI,distributed_global,SMI,ASYM,QR1,107776.0,0.0,,0.0,0.0,0.0,1.0,0.0,0.0,0.0,0.0,0.0,0.6017564914744398,0.0,0.20662885227386357,0.0,1.0,0.0,0.00128173828125,0.0,3368.0,0.0,1,0.0,0.0,1.0,0.0,0.0,0.0,0.19123651059280372,0.0,29.0,0.0,0.191987621094139,0.0,4,"max success/coverage, min regret/runtime/messages/timeout",0.018347300007008016,0.0,0.7825181016816407,0.0,0.0,0.0,1.0,0.0,3.0,0.0,1.0,0.0
smoke_robot_surplus,population,HYB,distributed_global,HYB,ASYM,QR2,108032.0,0.0,,0.0,0.0,0.0,1.0,0.0,0.0,0.0,0.0,0.0,0.6120167959834115,0.0,0.20662885227386357,0.0,1.0,0.0,0.00128173828125,0.0,3376.0,0.0,1,0.0,0.0,1.0,0.0,0.0,0.0,0.19123651059280372,0.0,36.0,0.0,0.19275082045648986,0.0,5,"max success/coverage, min regret/runtime/messages/timeout",0.019612699979916215,0.0,0.7825181016816407,0.0,0.0,0.0,1.0,0.0,2.0,0.0,1.0,0.0
smoke_robot_surplus,population,LOG,distributed_global,LOG,SIG,REPAIR,107776.0,0.0,,0.0,0.004933659056061135,0.0,1.0,0.0,0.0,0.0,0.004933659056061135,0.0,0.7169761272332404,0.0,0.20662885227386357,0.0,1.0,0.0,0.00128173828125,0.0,3368.0,0.0,1,0.00010278456366794031,0.0,1.0027678030598437,0.0,0.0,0.0,0.19123651059280372,0.0,4.0,0.0,0.43373077411233235,0.0,6,"max success/coverage, min regret/runtime/messages/timeout",0.03054469998460263,0.0,0.7874517607377018,0.0,0.004933659056061135,0.0,1.0,0.0,1.0,0.0,1.0,0.0
smoke_robot_surplus,data_driven_debug,MAPPO-GNN,distributed_local,,,DEBUG_UNTRAINED_POLICY_REPAIR,3584.0,0.0,2.0,0.0,0.019525114370978924,0.0,1.0,0.0,0.0,0.0,0.019525114370978924,0.0,0.0,0.0,0.21269998025998343,0.0,1.0,0.0,0.0008544921875,0.0,112.0,0.0,1,0.0004067732160620609,0.0,1.010953669616347,0.0,,0.0,0.21118219826345347,0.0,0.0,0.0,1.010953669616347,0.0,7,"max success/coverage, min regret/runtime/messages/timeout",0.0032911000307649374,0.0,0.8020432160526196,0.0,0.019525114370978924,0.0,1.0,0.0,0.0,0.0,0.0,0.0
smoke_robot_surplus,population,REP,distributed_global,REP,LIN,QR1,107776.0,0.0,,0.0,0.019525114370978924,0.0,1.0,0.0,0.0,0.0,0.019525114370978924,0.0,0.6979219724262714,0.0,0.21269998025998343,0.0,1.0,0.0,0.00128173828125,0.0,3368.0,0.0,1,0.0004067732160620609,0.0,1.010953669616347,0.0,0.0,0.0,0.21118219826345347,0.0,0.0,0.0,0.3387238748247089,0.0,8,"max success/coverage, min regret/runtime/messages/timeout",0.011350200045853853,0.0,0.8020432160526196,0.0,0.019525114370978924,0.0,1.0,0.0,0.0,0.0,1.0,0.0
smoke_robot_surplus,population,BNN,distributed_global,BNN,MC,QR1,107776.0,0.0,,0.0,0.019525114370978924,0.0,1.0,0.0,0.0,0.0,0.019525114370978924,0.0,0.5774781266355057,0.0,0.21269998025998343,0.0,1.0,0.0,0.00128173828125,0.0,3368.0,0.0,1,0.0004067732160620609,0.0,1.010953669616347,0.0,0.0,0.0,0.21118219826345347,0.0,48.0,0.0,0.15281985955726593,0.0,9,"max success/coverage, min regret/runtime/messages/timeout",0.021210300037637353,0.0,0.8020432160526196,0.0,0.019525114370978924,0.0,1.0,0.0,0.0,0.0,1.0,0.0
smoke_robot_surplus,population,PROJ,distributed_global,PROJ,QUAD,QR1,107776.0,0.0,,0.0,0.019525114370978924,0.0,1.0,0.0,0.0,0.0,0.019525114370978924,0.0,0.5660181785156768,0.0,0.21269998025998343,0.0,1.0,0.0,0.00128173828125,0.0,3368.0,0.0,1,0.0004067732160620609,0.0,1.010953669616347,0.0,0.0,0.0,0.21118219826345347,0.0,0.0,0.0,0.18078656390672157,0.0,10,"max success/coverage, min regret/runtime/messages/timeout",0.027641699998639524,0.0,0.8020432160526196,0.0,0.019525114370978924,0.0,1.0,0.0,3.0,0.0,1.0,0.0
smoke_robot_surplus,population,IBR,distributed_global,IBR,LIN,QR1,107776.0,0.0,,0.0,0.2853594012437559,0.0,1.0,0.0,0.0,0.0,0.1643956150366468,0.0,0.5696093079090709,0.0,0.3343447954901768,0.0,1.0,0.0,0.00128173828125,0.0,3368.0,0.0,1,0.005944987525911581,0.0,1.1600877999356898,0.0,0.0,0.0,0.3024158096860985,0.0,27.0,0.0,0.33819360276543114,0.0,11,"max success/coverage, min regret/runtime/messages/timeout",0.013836099999025464,0.0,1.0678775029253966,0.0,0.2853594012437559,0.0,1.0,0.0,380.0,0.0,1.0,0.0
smoke_robot_surplus,classic,GRD,distributed_global,,,POLICY,256.0,0.0,0.0,0.0,0.5269771251533408,0.0,1.0,0.0,0.0,0.0,0.38170761732026715,0.0,0.0,0.0,0.5928495987954462,0.0,1.0,0.0,0.0008544921875,0.0,8.0,0.0,1,0.010978690107361267,0.0,1.2956363386471008,0.0,0.0,0.0,0.5218975865007989,0.0,0.0,0.0,1.2956363386471008,0.0,12,"max success/coverage, min regret/runtime/messages/timeout",7.319997530430555e-05,0.0,1.3094952268349815,0.0,0.5269771251533408,0.0,1.0,0.0,0.0,0.0,0.0,0.0
smoke_robot_surplus,data_driven_debug,IPPO-GNN,distributed_local,,,DEBUG_UNTRAINED_POLICY_REPAIR,3584.0,0.0,2.0,0.0,0.912979232486965,0.0,1.0,0.0,0.0,0.0,0.8934541181159861,0.0,0.0,0.0,0.6210419494765197,0.0,1.0,0.0,0.0008544921875,0.0,112.0,0.0,1,0.01902040067681177,0.0,1.5121851114026015,0.0,,0.0,0.6132980227023141,0.0,0.0,0.0,1.5121851114026015,0.0,13,"max success/coverage, min regret/runtime/messages/timeout",0.0033554999390617013,0.0,1.6954973341686057,0.0,0.912979232486965,0.0,1.0,0.0,3.0,0.0,0.0,0.0
smoke_support_zero,classic,HUN,centralized,,,EXACT,2048.0,0.0,0.0,0.0,-2.220446049250313e-16,0.0,1.0,0.0,0.0,0.0,0.0,0.0,0.0,0.0,0.5064351645327043,0.0,1.0,0.0,0.0009765625,0.0,64.0,0.0,1,0.0,0.0,1.0,0.0,0.0,0.0,0.4241989682970836,0.0,0.0,0.0,1.0,0.0,1,"max success/coverage, min regret/runtime/messages/timeout",2.2399937734007835e-05,0.0,1.584333169770187,0.0,-2.220446049250313e-16,0.0,1.0,0.0,0.0,0.0,0.0,0.0
smoke_support_zero,classic,EPS-AUCTION,distributed_global,,,POLICY,9600.0,0.0,0.0,0.0,-2.220446049250313e-16,0.0,1.0,0.0,0.0,0.0,0.0,0.0,0.0,0.0,0.5064351645327043,0.0,1.0,0.0,0.0009765625,0.0,300.0,0.0,1,0.0,0.0,1.0,0.0,0.0,0.0,0.4241989682970836,0.0,0.0,0.0,1.0,0.0,2,"max success/coverage, min regret/runtime/messages/timeout",0.0005884000565856695,0.0,1.584333169770187,0.0,-2.220446049250313e-16,0.0,1.0,0.0,0.0,0.0,0.0,0.0
smoke_support_zero,population,HYB,distributed_global,HYB,ASYM,QR2,108032.0,0.0,,0.0,-2.220446049250313e-16,0.0,1.0,0.0,0.0,0.0,0.0,0.0,0.7030282820806166,0.0,0.5064351645327043,0.0,1.0,0.0,0.00152587890625,0.0,3376.0,0.0,1,0.0,0.0,1.0,0.0,0.0,0.0,0.4241989682970836,0.0,12.0,0.0,0.1368319232653248,0.0,3,"max success/coverage, min regret/runtime/messages/timeout",0.017532299971207976,0.0,1.584333169770187,0.0,-2.220446049250313e-16,0.0,1.0,0.0,7.0,0.0,1.0,0.0
smoke_support_zero,population,LOG,distributed_global,LOG,SIG,REPAIR,107776.0,0.0,,0.0,0.0008892833695732794,0.0,1.0,0.0,0.0,0.0,0.0008892833695735014,0.0,0.8025121412196516,0.0,0.5312297475986173,0.0,1.0,0.0,0.00152587890625,0.0,3368.0,0.0,1,1.1116042119665992e-05,0.0,1.0003441055433469,0.0,0.0,0.0,0.440315447289927,0.0,0.0,0.0,0.22297853190187047,0.0,4,"max success/coverage, min regret/runtime/messages/timeout",0.027667000074870884,0.0,1.5852224531397605,0.0,0.0008892833695732794,0.0,1.0,0.0,9.0,0.0,1.0,0.0
smoke_support_zero,population,IBR,distributed_global,IBR,LIN,QR1,107776.0,0.0,,0.0,0.005822942425634414,0.0,1.0,0.0,0.0,0.0,0.004933659056061135,0.0,0.5672230630515631,0.0,0.5312297475986173,0.0,1.0,0.0,0.00152587890625,0.0,3368.0,0.0,1,7.278678032043018e-05,0.0,1.0022531701770296,0.0,0.0,0.0,0.440315447289927,0.0,25.0,0.0,0.41918929819385564,0.0,5,"max success/coverage, min regret/runtime/messages/timeout",0.011140000075101852,0.0,1.5901561121958216,0.0,0.005822942425634414,0.0,1.0,0.0,412.0,0.0,1.0,0.0
smoke_support_zero,population,GPC,distributed_global,GPC,LIN,QR1,107776.0,0.0,,0.0,0.02041439774055198,0.0,1.0,0.0,0.0,0.0,0.019525114370978702,0.0,0.6793082873869165,0.0,0.5312297475986173,0.0,1.0,0.0,0.00152587890625,0.0,3368.0,0.0,1,0.0002551799717568998,0.0,1.0078992902228499,0.0,0.0,0.0,0.440315447289927,0.0,0.0,0.0,0.13734587451469132,0.0,6,"max success/coverage, min regret/runtime/messages/timeout",0.01651870005298406,0.0,1.6047475675107392,0.0,0.02041439774055198,0.0,1.0,0.0,6.0,0.0,1.0,0.0
smoke_support_zero,population,SMI,distributed_global,SMI,ASYM,QR1,107776.0,0.0,,0.0,0.02041439774055198,0.0,1.0,0.0,0.0,0.0,0.019525114370978702,0.0,0.6793082873869165,0.0,0.5312297475986173,0.0,1.0,0.0,0.00152587890625,0.0,3368.0,0.0,1,0.0002551799717568998,0.0,1.0078992902228499,0.0,0.0,0.0,0.440315447289927,0.0,8.0,0.0,0.13734587451469132,0.0,7,"max success/coverage, min regret/runtime/messages/timeout",0.021102200029417872,0.0,1.6047475675107392,0.0,0.02041439774055198,0.0,1.0,0.0,6.0,0.0,1.0,0.0
smoke_support_zero,population,BNN,distributed_global,BNN,MC,QR1,107776.0,0.0,,0.0,0.02041439774055198,0.0,1.0,0.0,0.0,0.0,0.019525114370978702,0.0,0.603227454668406,0.0,0.5312297475986173,0.0,1.0,0.0,0.00152587890625,0.0,3368.0,0.0,1,0.0002551799717568998,0.0,1.0078992902228499,0.0,0.0,0.0,0.440315447289927,0.0,60.0,0.0,0.0846854783699204,0.0,8,"max success/coverage, min regret/runtime/messages/timeout",0.02296490001026541,0.0,1.6047475675107392,0.0,0.02041439774055198,0.0,1.0,0.0,0.0,0.0,1.0,0.0
smoke_support_zero,population,PROJ,distributed_global,PROJ,QUAD,QR1,107776.0,0.0,,0.0,0.02041439774055198,0.0,1.0,0.0,0.0,0.0,0.019525114370978702,0.0,0.6329631320078344,0.0,0.5312297475986173,0.0,1.0,0.0,0.00152587890625,0.0,3368.0,0.0,1,0.0002551799717568998,0.0,1.0078992902228499,0.0,0.0,0.0,0.440315447289927,0.0,0.0,0.0,0.1363321073950602,0.0,9,"max success/coverage, min regret/runtime/messages/timeout",0.027284399955533445,0.0,1.6047475675107392,0.0,0.02041439774055198,0.0,1.0,0.0,7.0,0.0,1.0,0.0
smoke_support_zero,population,REP,distributed_global,REP,LIN,QR1,107776.0,0.0,,0.0,0.022113057364256283,0.0,1.0,0.0,0.0,0.0,0.01629011493862187,0.0,0.7678269653163818,0.0,0.5312297475986173,0.0,1.0,0.0,0.00152587890625,0.0,3368.0,0.0,1,0.0002764132170532035,0.0,1.0085565814899258,0.0,0.0,0.0,0.440315447289927,0.0,0.0,0.0,0.13416793308871436,0.0,10,"max success/coverage, min regret/runtime/messages/timeout",0.01284870004747063,0.0,1.6064462271344435,0.0,0.022113057364256283,0.0,1.0,0.0,0.0,0.0,1.0,0.0
smoke_support_zero,classic,GRD,distributed_global,,,POLICY,256.0,0.0,0.0,0.0,0.146399012982372,0.0,1.0,0.0,0.0,0.0,0.03377840972217694,0.0,0.0,0.0,0.5312297475986173,0.0,1.0,0.0,0.0009765625,0.0,8.0,0.0,1,0.00182998766227965,0.0,1.0566486607434562,0.0,0.0,0.0,0.49636698990573114,0.0,0.0,0.0,1.0566486607434562,0.0,11,"max success/coverage, min regret/runtime/messages/timeout",0.00010440009646117687,0.0,1.7307321827525592,0.0,0.146399012982372,0.0,1.0,0.0,0.0,0.0,0.0,0.0
smoke_support_zero,data_driven_debug,MAPPO-GNN,distributed_local,,,DEBUG_UNTRAINED_POLICY_REPAIR,3584.0,0.0,2.0,0.0,0.15508891945926662,0.0,1.0,0.0,0.0,0.0,0.13467452171871463,0.0,0.0,0.0,0.5312297475986173,0.0,1.0,0.0,0.0009765625,0.0,112.0,0.0,1,0.0019386114932408327,0.0,1.06001119409579,0.0,,0.0,0.49636698990573114,0.0,0.0,0.0,1.06001119409579,0.0,12,"max success/coverage, min regret/runtime/messages/timeout",0.0033434999641031027,0.0,1.7394220892294538,0.0,0.15508891945926662,0.0,1.0,0.0,0.0,0.0,0.0,0.0
smoke_support_zero,data_driven_debug,IPPO-GNN,distributed_local,,,DEBUG_UNTRAINED_POLICY_REPAIR,3584.0,0.0,2.0,0.0,0.5249272478627889,0.0,1.0,0.0,0.0,0.0,0.519993588806728,0.0,0.0,0.0,0.5900662423796976,0.0,1.0,0.0,0.0009765625,0.0,112.0,0.0,1,0.006561590598284861,0.0,1.2031190304729433,0.0,,0.0,0.5708425122932083,0.0,0.0,0.0,1.2031190304729433,0.0,13,"max success/coverage, min regret/runtime/messages/timeout",0.0033509000204503536,0.0,2.109260417632976,0.0,0.5249272478627889,0.0,1.0,0.0,5.0,0.0,0.0,0.0
smoke_tie,classic,HUN,centralized,,,EXACT,2048.0,0.0,0.0,0.0,0.0,0.0,1.0,0.0,0.0,0.0,0.0,0.0,0.0,0.0,0.07764512359018887,0.0,1.0,0.0,0.0009765625,0.0,64.0,0.0,1,0.0,0.0,1.0,0.0,0.0,0.0,0.07731670304327462,0.0,0.0,0.0,1.0,0.0,1,"max success/coverage, min regret/runtime/messages/timeout",7.899943739175797e-06,0.0,0.5287653631085495,0.0,0.0,0.0,1.0,0.0,0.0,0.0,0.0,0.0
smoke_tie,classic,EPS-AUCTION,distributed_global,,,POLICY,640.0,0.0,0.0,0.0,0.0,0.0,1.0,0.0,0.0,0.0,0.0,0.0,0.0,0.0,0.07764512359018887,0.0,1.0,0.0,0.0009765625,0.0,20.0,0.0,1,0.0,0.0,1.0,0.0,0.0,0.0,0.07731670304327462,0.0,0.0,0.0,1.0,0.0,2,"max success/coverage, min regret/runtime/messages/timeout",0.00016900000628083944,0.0,0.5287653631085495,0.0,0.0,0.0,1.0,0.0,0.0,0.0,0.0,0.0
smoke_tie,population,HYB,distributed_global,HYB,ASYM,QR2,108032.0,0.0,,0.0,0.0,0.0,1.0,0.0,0.0,0.0,0.0,0.0,0.6862896651949416,0.0,0.07764512359018887,0.0,1.0,0.0,0.00152587890625,0.0,3376.0,0.0,1,0.0,0.0,1.0,0.0,0.0,0.0,0.07731670304327462,0.0,0.0,0.0,0.12249686072629541,0.0,3,"max success/coverage, min regret/runtime/messages/timeout",0.019105999963358045,0.0,0.5287653631085495,0.0,0.0,0.0,1.0,0.0,9.0,0.0,1.0,0.0
smoke_tie,data_driven_debug,IPPO-GNN,distributed_local,,,DEBUG_UNTRAINED_POLICY_REPAIR,1792.0,0.0,1.0,0.0,0.19110412257163512,0.0,1.0,0.0,0.0,0.0,0.1083330583349632,0.0,0.0,0.0,0.18307934322377947,0.0,1.0,0.0,0.0009765625,0.0,56.0,0.0,1,0.002388801532145439,0.0,1.1250055287641063,0.0,,0.0,0.1828393719828636,0.0,0.0,0.0,1.1250055287641063,0.0,4,"max success/coverage, min regret/runtime/messages/timeout",0.002791800070554018,0.0,0.7198694856801846,0.0,0.19110412257163512,0.0,1.0,0.0,0.0,0.0,0.0,0.0
smoke_tie,data_driven_debug,MAPPO-GNN,distributed_local,,,DEBUG_UNTRAINED_POLICY_REPAIR,3584.0,0.0,2.0,0.0,0.19110412257163512,0.0,1.0,0.0,0.0,0.0,0.1083330583349632,0.0,0.0,0.0,0.18307934322377947,0.0,1.0,0.0,0.0009765625,0.0,112.0,0.0,1,0.002388801532145439,0.0,1.1250055287641063,0.0,,0.0,0.1828393719828636,0.0,0.0,0.0,1.1250055287641063,0.0,5,"max success/coverage, min regret/runtime/messages/timeout",0.0030972000677138567,0.0,0.7198694856801846,0.0,0.19110412257163512,0.0,1.0,0.0,0.0,0.0,0.0,0.0
smoke_tie,population,REP,distributed_global,REP,LIN,QR1,107776.0,0.0,,0.0,0.19110412257163512,0.0,1.0,0.0,0.0,0.0,0.1083330583349632,0.0,0.8357542268352921,0.0,0.18307934322377947,0.0,1.0,0.0,0.00152587890625,0.0,3368.0,0.0,1,0.002388801532145439,0.0,1.1250055287641063,0.0,0.0,0.0,0.1828393719828636,0.0,0.0,0.0,0.14241783798099186,0.0,6,"max success/coverage, min regret/runtime/messages/timeout",0.011157699977047741,0.0,0.7198694856801846,0.0,0.19110412257163512,0.0,1.0,0.0,8.0,0.0,1.0,0.0
smoke_tie,population,GPC,distributed_global,GPC,LIN,QR1,107776.0,0.0,,0.0,0.19110412257163512,0.0,1.0,0.0,0.0,0.0,0.1083330583349632,0.0,0.6545256825739169,0.0,0.18307934322377947,0.0,1.0,0.0,0.00152587890625,0.0,3368.0,0.0,1,0.002388801532145439,0.0,1.1250055287641063,0.0,0.0,0.0,0.1828393719828636,0.0,0.0,0.0,0.14369442365948767,0.0,7,"max success/coverage, min regret/runtime/messages/timeout",0.013414700049906969,0.0,0.7198694856801846,0.0,0.19110412257163512,0.0,1.0,0.0,11.0,0.0,1.0,0.0
smoke_tie,population,SMI,distributed_global,SMI,ASYM,QR1,107776.0,0.0,,0.0,0.19110412257163512,0.0,1.0,0.0,0.0,0.0,0.1083330583349632,0.0,0.654525682573917,0.0,0.18307934322377947,0.0,1.0,0.0,0.00152587890625,0.0,3368.0,0.0,1,0.002388801532145439,0.0,1.1250055287641063,0.0,0.0,0.0,0.1828393719828636,0.0,0.0,0.0,0.14369442365948767,0.0,8,"max success/coverage, min regret/runtime/messages/timeout",0.015791699988767505,0.0,0.7198694856801846,0.0,0.19110412257163512,0.0,1.0,0.0,11.0,0.0,1.0,0.0
smoke_tie,population,BNN,distributed_global,BNN,MC,QR1,107776.0,0.0,,0.0,0.19110412257163512,0.0,1.0,0.0,0.0,0.0,0.1083330583349632,0.0,0.7391749953020004,0.0,0.18307934322377947,0.0,1.0,0.0,0.00152587890625,0.0,3368.0,0.0,1,0.002388801532145439,0.0,1.1250055287641063,0.0,0.0,0.0,0.1828393719828636,0.0,60.0,0.0,0.08367690081502174,0.0,9,"max success/coverage, min regret/runtime/messages/timeout",0.019035200006328523,0.0,0.7198694856801846,0.0,0.19110412257163512,0.0,1.0,0.0,1.0,0.0,1.0,0.0
smoke_tie,population,PROJ,distributed_global,PROJ,QUAD,QR1,107776.0,0.0,,0.0,0.19110412257163512,0.0,1.0,0.0,0.0,0.0,0.1083330583349632,0.0,0.587355923134254,0.0,0.18307934322377947,0.0,1.0,0.0,0.00152587890625,0.0,3368.0,0.0,1,0.002388801532145439,0.0,1.1250055287641063,0.0,0.0,0.0,0.1828393719828636,0.0,0.0,0.0,0.1487139857570882,0.0,10,"max success/coverage, min regret/runtime/messages/timeout",0.02361690008547157,0.0,0.7198694856801846,0.0,0.19110412257163512,0.0,1.0,0.0,13.0,0.0,1.0,0.0
smoke_tie,population,LOG,distributed_global,LOG,SIG,REPAIR,107776.0,0.0,,0.0,0.19110412257163512,0.0,1.0,0.0,0.0,0.0,0.1083330583349632,0.0,0.7890088083798497,0.0,0.18307934322377947,0.0,1.0,0.0,0.00152587890625,0.0,3368.0,0.0,1,0.002388801532145439,0.0,1.1250055287641063,0.0,0.0,0.0,0.1828393719828636,0.0,0.0,0.0,0.19240543129681,0.0,11,"max success/coverage, min regret/runtime/messages/timeout",0.024543800042010844,0.0,0.7198694856801846,0.0,0.19110412257163512,0.0,1.0,0.0,10.0,0.0,1.0,0.0
smoke_tie,population,IBR,distributed_global,IBR,LIN,QR1,107776.0,0.0,,0.0,0.2230293619420819,0.0,1.0,0.0,0.0,0.0,0.10370875616197572,0.0,0.5720105888912072,0.0,0.1833233081657124,0.0,1.0,0.0,0.00152587890625,0.0,3368.0,0.0,1,0.0027878670242760238,0.0,1.1458885498874596,0.0,0.0,0.0,0.1824248767668212,0.0,25.0,0.0,0.8483738604854598,0.0,12,"max success/coverage, min regret/runtime/messages/timeout",0.013899800018407404,0.0,0.7517947250506314,0.0,0.2230293619420819,0.0,1.0,0.0,382.0,0.0,1.0,0.0
smoke_tie,classic,GRD,distributed_global,,,POLICY,256.0,0.0,0.0,0.0,0.2366041386168648,0.0,1.0,0.0,0.0,0.0,0.029934242956005774,0.0,0.0,0.0,0.3313585183721495,0.0,1.0,0.0,0.0009765625,0.0,8.0,0.0,1,0.00295755173271081,0.0,1.1547681183303111,0.0,0.0,0.0,0.2427173724469043,0.0,0.0,0.0,1.1547681183303111,0.0,13,"max success/coverage, min regret/runtime/messages/timeout",9.390001650899649e-05,0.0,0.7653695017254143,0.0,0.2366041386168648,0.0,1.0,0.0,0.0,0.0,0.0,0.0
