t,robot,x,y,theta,policy
0.0,Pioneer_01,-14.9885,-10.7579,0.5996,smith_qr_full
0.0,Pioneer_02,-12.8735,-10.8265,0.6618,smith_qr_full
0.0,Pioneer_03,-10.7793,-10.7825,0.7305,smith_qr_full
0.0,Pioneer_04,-8.6795,-10.7845,0.8059,smith_qr_full
0.0,Pioneer_05,-6.5668,-10.7934,0.8882,smith_qr_full
0.0,Pioneer_06,-4.4905,-10.7992,0.9771,smith_qr_full
0.0,Pioneer_07,-2.4112,-10.803,1.0717,smith_qr_full
0.0,Pioneer_08,-0.2766,-10.8265,1.1021,smith_qr_full
0.0,Pioneer_09,1.8765,-10.7863,1.2253,smith_qr_full
0.0,Pioneer_10,3.8927,-10.7853,1.3511,smith_qr_full
0.0,Pioneer_11,6.0624,-10.8041,1.4757,smith_qr_full
0.0,Pioneer_12,8.082,-10.7783,1.5953,smith_qr_full
0.0,Pioneer_13,10.2501,-10.8029,1.7071,smith_qr_full
0.0,Pioneer_14,12.25,-10.8015,1.8094,smith_qr_full
0.0,Pioneer_15,14.3849,-10.7849,1.994,smith_qr_full
0.5,Pioneer_01,-14.6563,-10.6011,0.5996,smith_qr_full
0.5,Pioneer_02,-12.9165,-10.8142,0.6618,smith_qr_full
0.5,Pioneer_03,-10.799,-10.803,0.7305,smith_qr_full
0.5,Pioneer_04,-8.6497,-10.7694,0.8059,smith_qr_full
0.5,Pioneer_05,-6.6095,-10.7687,0.8882,smith_qr_full
0.5,Pioneer_06,-4.4562,-10.8256,0.9771,smith_qr_full
0.5,Pioneer_07,-2.4099,-10.8062,1.0717,smith_qr_full
0.5,Pioneer_08,-0.2949,-10.7882,1.1021,smith_qr_full
0.5,Pioneer_09,1.8216,-10.7629,1.2253,smith_qr_full
0.5,Pioneer_10,3.889,-10.8249,1.3511,smith_qr_full
0.5,Pioneer_11,5.9458,-10.7895,1.4757,smith_qr_full
0.5,Pioneer_12,8.1206,-10.8515,1.5953,smith_qr_full
0.5,Pioneer_13,10.2127,-10.7845,1.7071,smith_qr_full
0.5,Pioneer_14,12.2811,-10.7874,1.8094,smith_qr_full
0.5,Pioneer_15,14.405,-10.7782,1.994,smith_qr_full
1.0,Pioneer_01,-14.3028,-10.361,0.5996,smith_qr_full
1.0,Pioneer_02,-12.7412,-10.6335,0.6618,smith_qr_full
1.0,Pioneer_03,-10.8425,-10.8119,0.7305,smith_qr_full
1.0,Pioneer_04,-8.722,-10.8016,0.8059,smith_qr_full
1.0,Pioneer_05,-6.5734,-10.7417,0.8882,smith_qr_full
1.0,Pioneer_06,-4.4536,-10.8009,0.9771,smith_qr_full
1.0,Pioneer_07,-2.4295,-10.7886,1.0717,smith_qr_full
1.0,Pioneer_08,-0.3415,-10.8062,1.1021,smith_qr_full
1.0,Pioneer_09,1.8179,-10.8013,1.2253,smith_qr_full
1.0,Pioneer_10,3.9069,-10.8179,1.3511,smith_qr_full
1.0,Pioneer_11,5.9978,-10.7985,1.4757,smith_qr_full
1.0,Pioneer_12,8.1133,-10.8235,1.5953,smith_qr_full
1.0,Pioneer_13,10.2101,-10.7747,1.7071,smith_qr_full
1.0,Pioneer_14,12.3356,-10.8014,1.8094,smith_qr_full
1.0,Pioneer_15,14.3904,-10.7961,1.994,smith_qr_full
1.5,Pioneer_01,-13.9231,-10.1199,0.5996,smith_qr_full
1.5,Pioneer_02,-12.4396,-10.3923,0.6618,smith_qr_full
1.5,Pioneer_03,-10.7835,-10.7624,0.7305,smith_qr_full
1.5,Pioneer_04,-8.7115,-10.8311,0.8059,smith_qr_full
1.5,Pioneer_05,-6.5595,-10.774,0.8882,smith_qr_full
1.5,Pioneer_06,-4.4964,-10.805,0.9771,smith_qr_full
1.5,Pioneer_07,-2.3753,-10.8146,1.0717,smith_qr_full
1.5,Pioneer_08,-0.2979,-10.7443,1.1021,smith_qr_full
1.5,Pioneer_09,1.785,-10.7614,1.2253,smith_qr_full
1.5,Pioneer_10,3.883,-10.8242,1.3511,smith_qr_full
1.5,Pioneer_11,5.9891,-10.7865,1.4757,smith_qr_full
1.5,Pioneer_12,8.0963,-10.816,1.5953,smith_qr_full
1.5,Pioneer_13,10.2046,-10.8023,1.7071,smith_qr_full
1.5,Pioneer_14,12.3013,-10.7888,1.8094,smith_qr_full
1.5,Pioneer_15,14.4119,-10.766,1.994,smith_qr_full
2.0,Pioneer_01,-13.6062,-9.9361,0.5996,smith_qr_full
2.0,Pioneer_02,-12.1205,-10.0823,0.6618,smith_qr_full
2.0,Pioneer_03,-10.4909,-10.4536,0.7305,smith_qr_full
2.0,Pioneer_04,-8.6626,-10.7901,0.8059,smith_qr_full
2.0,Pioneer_05,-6.587,-10.8226,0.8882,smith_qr_full
2.0,Pioneer_06,-4.4852,-10.8086,0.9771,smith_qr_full
2.0,Pioneer_07,-2.4026,-10.817,1.0717,smith_qr_full
2.0,Pioneer_08,-0.3358,-10.7719,1.1021,smith_qr_full
2.0,Pioneer_09,1.7771,-10.7899,1.2253,smith_qr_full
2.0,Pioneer_10,3.8834,-10.8311,1.3511,smith_qr_full
2.0,Pioneer_11,6.0004,-10.8055,1.4757,smith_qr_full
2.0,Pioneer_12,8.0669,-10.7879,1.5953,smith_qr_full
2.0,Pioneer_13,10.1684,-10.8071,1.7071,smith_qr_full
2.0,Pioneer_14,12.282,-10.7892,1.8094,smith_qr_full
2.0,Pioneer_15,14.3706,-10.7853,1.994,smith_qr_full
2.5,Pioneer_01,-13.2118,-9.7235,0.5996,smith_qr_full
2.5,Pioneer_02,-11.7922,-9.8803,0.6618,smith_qr_full
2.5,Pioneer_03,-10.2815,-10.2052,0.7305,smith_qr_full
2.5,Pioneer_04,-8.547,-10.6008,0.8059,smith_qr_full
2.5,Pioneer_05,-6.5834,-10.8004,0.8882,smith_qr_full
2.5,Pioneer_06,-4.4911,-10.8014,0.9771,smith_qr_full
2.5,Pioneer_07,-2.4457,-10.8221,1.0717,smith_qr_full
2.5,Pioneer_08,-0.2948,-10.835,1.1021,smith_qr_full
2.5,Pioneer_09,1.7953,-10.7682,1.2253,smith_qr_full
2.5,Pioneer_10,3.8975,-10.8042,1.3511,smith_qr_full
2.5,Pioneer_11,5.9984,-10.8439,1.4757,smith_qr_full
2.5,Pioneer_12,8.0882,-10.7392,1.5953,smith_qr_full
2.5,Pioneer_13,10.155,-10.7809,1.7071,smith_qr_full
2.5,Pioneer_14,12.2804,-10.8073,1.8094,smith_qr_full
2.5,Pioneer_15,14.3844,-10.8073,1.994,smith_qr_full
3.0,Pioneer_01,-12.8817,-9.5308,0.5996,smith_qr_full
3.0,Pioneer_02,-11.4573,-9.6357,0.6618,smith_qr_full
3.0,Pioneer_03,-9.9933,-9.8994,0.7305,smith_qr_full
3.0,Pioneer_04,-8.335,-10.2959,0.8059,smith_qr_full
3.0,Pioneer_05,-6.5646,-10.7519,0.8882,smith_qr_full
3.0,Pioneer_06,-4.5023,-10.8271,0.9771,smith_qr_full
3.0,Pioneer_07,-2.362,-10.7994,1.0717,smith_qr_full
3.0,Pioneer_08,-0.2922,-10.7989,1.1021,smith_qr_full
3.0,Pioneer_09,1.7902,-10.8005,1.2253,smith_qr_full
3.0,Pioneer_10,3.8929,-10.7805,1.3511,smith_qr_full
3.0,Pioneer_11,5.9885,-10.842,1.4757,smith_qr_full
3.0,Pioneer_12,8.0999,-10.7633,1.5953,smith_qr_full
3.0,Pioneer_13,10.1902,-10.8249,1.7071,smith_qr_full
3.0,Pioneer_14,12.2824,-10.7954,1.8094,smith_qr_full
3.0,Pioneer_15,14.4252,-10.8313,1.994,smith_qr_full
3.5,Pioneer_01,-12.57,-9.3073,0.5996,smith_qr_full
3.5,Pioneer_02,-11.154,-9.3659,0.6618,smith_qr_full
3.5,Pioneer_03,-9.7596,-9.6279,0.7305,smith_qr_full
3.5,Pioneer_04,-8.161,-9.9963,0.8059,smith_qr_full
3.5,Pioneer_05,-6.4239,-10.4264,0.8882,smith_qr_full
3.5,Pioneer_06,-4.5297,-10.8226,0.9771,smith_qr_full
3.5,Pioneer_07,-2.414,-10.7915,1.0717,smith_qr_full
3.5,Pioneer_08,-0.307,-10.7419,1.1021,smith_qr_full
3.5,Pioneer_09,1.7834,-10.7497,1.2253,smith_qr_full
3.5,Pioneer_10,3.9264,-10.8431,1.3511,smith_qr_full
3.5,Pioneer_11,5.9971,-10.796,1.4757,smith_qr_full
3.5,Pioneer_12,8.1713,-10.8175,1.5953,smith_qr_full
3.5,Pioneer_13,10.1885,-10.8114,1.7071,smith_qr_full
3.5,Pioneer_14,12.2884,-10.7612,1.8094,smith_qr_full
3.5,Pioneer_15,14.4263,-10.7668,1.994,smith_qr_full
4.0,Pioneer_01,-12.2624,-9.1205,0.5996,smith_qr_full
4.0,Pioneer_02,-10.8702,-9.0998,0.6618,smith_qr_full
4.0,Pioneer_03,-9.4625,-9.3224,0.7305,smith_qr_full
4.0,Pioneer_04,-7.9161,-9.7044,0.8059,smith_qr_full
4.0,Pioneer_05,-6.2653,-10.1538,0.8882,smith_qr_full
4.0,Pioneer_06,-4.399,-10.5773,0.9771,smith_qr_full
4.0,Pioneer_07,-2.3877,-10.804,1.0717,smith_qr_full
4.0,Pioneer_08,-0.3044,-10.7648,1.1021,smith_qr_full
4.0,Pioneer_09,1.7917,-10.7802,1.2253,smith_qr_full
4.0,Pioneer_10,3.951,-10.8373,1.3511,smith_qr_full
4.0,Pioneer_11,6.0037,-10.7957,1.4757,smith_qr_full
4.0,Pioneer_12,8.1174,-10.7723,1.5953,smith_qr_full
4.0,Pioneer_13,10.2095,-10.7998,1.7071,smith_qr_full
4.0,Pioneer_14,12.2633,-10.8174,1.8094,smith_qr_full
4.0,Pioneer_15,14.3751,-10.7706,1.994,smith_qr_full
4.5,Pioneer_01,-11.8727,-8.8848,0.5996,smith_qr_full
4.5,Pioneer_02,-10.6325,-8.8849,0.6618,smith_qr_full
4.5,Pioneer_03,-9.1967,-9.0109,0.7305,smith_qr_full
4.5,Pioneer_04,-7.7048,-9.4843,0.8059,smith_qr_full
4.5,Pioneer_05,-6.1034,-9.8629,0.8882,smith_qr_full
4.5,Pioneer_06,-4.3419,-10.3385,0.9771,smith_qr_full
4.5,Pioneer_07,-2.3657,-10.7436,1.0717,smith_qr_full
4.5,Pioneer_08,-0.3091,-10.8205,1.1021,smith_qr_full
4.5,Pioneer_09,1.7792,-10.8305,1.2253,smith_qr_full
4.5,Pioneer_10,3.8708,-10.7757,1.3511,smith_qr_full
4.5,Pioneer_11,6.0041,-10.7581,1.4757,smith_qr_full
4.5,Pioneer_12,8.0763,-10.7837,1.5953,smith_qr_full
4.5,Pioneer_13,10.2293,-10.8041,1.7071,smith_qr_full
4.5,Pioneer_14,12.3579,-10.7532,1.8094,smith_qr_full
4.5,Pioneer_15,14.3948,-10.7362,1.994,smith_qr_full
5.0,Pioneer_01,-11.5946,-8.6435,0.5996,smith_qr_full
5.0,Pioneer_02,-10.2751,-8.6266,0.6618,smith_qr_full
5.0,Pioneer_03,-8.9748,-8.784,0.7305,smith_qr_full
5.0,Pioneer_04,-7.5592,-9.0945,0.8059,smith_qr_full
5.0,Pioneer_05,-5.9147,-9.5896,0.8882,smith_qr_full
5.0,Pioneer_06,-4.2084,-10.0481,0.9771,smith_qr_full
5.0,Pioneer_07,-2.3558,-10.4431,1.0717,smith_qr_full
5.0,Pioneer_08,-0.288,-10.8457,1.1021,smith_qr_full
5.0,Pioneer_09,1.7846,-10.7892,1.2253,smith_qr_full
5.0,Pioneer_10,3.8643,-10.7894,1.3511,smith_qr_full
5.0,Pioneer_11,6.036,-10.8325,1.4757,smith_qr_full
5.0,Pioneer_12,8.1138,-10.7454,1.5953,smith_qr_full
5.0,Pioneer_13,10.1662,-10.7938,1.7071,smith_qr_full
5.0,Pioneer_14,12.3138,-10.7735,1.8094,smith_qr_full
5.0,Pioneer_15,14.4003,-10.8244,1.994,smith_qr_full
5.5,Pioneer_01,-11.1857,-8.4282,0.5996,smith_qr_full
5.5,Pioneer_02,-10.0388,-8.3381,0.6618,smith_qr_full
5.5,Pioneer_03,-8.7306,-8.4541,0.7305,smith_qr_full
5.5,Pioneer_04,-7.3073,-8.8647,0.8059,smith_qr_full
5.5,Pioneer_05,-5.7921,-9.3006,0.8882,smith_qr_full
5.5,Pioneer_06,-4.0624,-9.7801,0.9771,smith_qr_full
5.5,Pioneer_07,-2.2789,-10.1681,1.0717,smith_qr_full
5.5,Pioneer_08,-0.339,-10.6076,1.1021,smith_qr_full
5.5,Pioneer_09,1.8129,-10.8315,1.2253,smith_qr_full
5.5,Pioneer_10,3.8659,-10.7719,1.3511,smith_qr_full
5.5,Pioneer_11,6.0372,-10.7824,1.4757,smith_qr_full
5.5,Pioneer_12,8.0933,-10.8066,1.5953,smith_qr_full
5.5,Pioneer_13,10.219,-10.7599,1.7071,smith_qr_full
5.5,Pioneer_14,12.2762,-10.8162,1.8094,smith_qr_full
5.5,Pioneer_15,14.3916,-10.809,1.994,smith_qr_full
6.0,Pioneer_01,-10.8739,-8.2712,0.5996,smith_qr_full
6.0,Pioneer_02,-9.7625,-8.0805,0.6618,smith_qr_full
6.0,Pioneer_03,-8.5082,-8.1965,0.7305,smith_qr_full
6.0,Pioneer_04,-7.1085,-8.5355,0.8059,smith_qr_full
6.0,Pioneer_05,-5.6,-9.0249,0.8882,smith_qr_full
6.0,Pioneer_06,-3.9522,-9.5599,0.9771,smith_qr_full
6.0,Pioneer_07,-2.207,-9.9609,1.0717,smith_qr_full
6.0,Pioneer_08,-0.2609,-10.4786,1.1021,smith_qr_full
6.0,Pioneer_09,1.7881,-10.7043,1.2253,smith_qr_full
6.0,Pioneer_10,3.9022,-10.8159,1.3511,smith_qr_full
6.0,Pioneer_11,5.9977,-10.7534,1.4757,smith_qr_full
6.0,Pioneer_12,8.0738,-10.7752,1.5953,smith_qr_full
6.0,Pioneer_13,10.1899,-10.8736,1.7071,smith_qr_full
6.0,Pioneer_14,12.279,-10.7975,1.8094,smith_qr_full
6.0,Pioneer_15,14.4052,-10.7981,1.994,smith_qr_full
6.5,Pioneer_01,-10.5069,-8.0259,0.5996,smith_qr_full
6.5,Pioneer_02,-9.443,-7.8155,0.6618,smith_qr_full
6.5,Pioneer_03,-8.2666,-7.9008,0.7305,smith_qr_full
6.5,Pioneer_04,-6.9197,-8.217,0.8059,smith_qr_full
6.5,Pioneer_05,-5.4353,-8.764,0.8882,smith_qr_full
6.5,Pioneer_06,-3.8946,-9.2427,0.9771,smith_qr_full
6.5,Pioneer_07,-2.1059,-9.7102,1.0717,smith_qr_full
6.5,Pioneer_08,-0.2893,-10.2798,1.1021,smith_qr_full
6.5,Pioneer_09,1.693,-10.5457,1.2253,smith_qr_full
6.5,Pioneer_10,3.857,-10.7793,1.3511,smith_qr_full
6.5,Pioneer_11,5.984,-10.8254,1.4757,smith_qr_full
6.5,Pioneer_12,8.0932,-10.8028,1.5953,smith_qr_full
6.5,Pioneer_13,10.212,-10.7898,1.7071,smith_qr_full
6.5,Pioneer_14,12.316,-10.8163,1.8094,smith_qr_full
6.5,Pioneer_15,14.3879,-10.8152,1.994,smith_qr_full
7.0,Pioneer_01,-10.1979,-7.8213,0.5996,smith_qr_full
7.0,Pioneer_02,-9.1518,-7.6213,0.6618,smith_qr_full
7.0,Pioneer_03,-7.9526,-7.6454,0.7305,smith_qr_full
7.0,Pioneer_04,-6.7221,-7.9541,0.8059,smith_qr_full
7.0,Pioneer_05,-5.2612,-8.4554,0.8882,smith_qr_full
7.0,Pioneer_06,-3.7417,-9.0172,0.9771,smith_qr_full
7.0,Pioneer_07,-2.0919,-9.448,1.0717,smith_qr_full
7.0,Pioneer_08,-0.2723,-10.1261,1.1021,smith_qr_full
7.0,Pioneer_09,1.6551,-10.2851,1.2253,smith_qr_full
7.0,Pioneer_10,3.7911,-10.5715,1.3511,smith_qr_full
7.0,Pioneer_11,5.9897,-10.7552,1.4757,smith_qr_full
7.0,Pioneer_12,8.1246,-10.7518,1.5953,smith_qr_full
7.0,Pioneer_13,10.2122,-10.7491,1.7071,smith_qr_full
7.0,Pioneer_14,12.2894,-10.8276,1.8094,smith_qr_full
7.0,Pioneer_15,14.4211,-10.7619,1.994,smith_qr_full
7.5,Pioneer_01,-9.8392,-7.6185,0.5996,smith_qr_full
7.5,Pioneer_02,-8.8602,-7.3886,0.6618,smith_qr_full
7.5,Pioneer_03,-7.7572,-7.3844,0.7305,smith_qr_full
7.5,Pioneer_04,-6.483,-7.6921,0.8059,smith_qr_full
7.5,Pioneer_05,-5.1232,-8.2026,0.8882,smith_qr_full
7.5,Pioneer_06,-3.6606,-8.741,0.9771,smith_qr_full
7.5,Pioneer_07,-2.04,-9.236,1.0717,smith_qr_full
7.5,Pioneer_08,-0.2803,-10.0017,1.1021,smith_qr_full
7.5,Pioneer_09,1.6767,-10.0867,1.2253,smith_qr_full
7.5,Pioneer_10,3.6827,-10.275,1.3511,smith_qr_full
7.5,Pioneer_11,5.8583,-10.6265,1.4757,smith_qr_full
7.5,Pioneer_12,8.1192,-10.7728,1.5953,smith_qr_full
7.5,Pioneer_13,10.2207,-10.7846,1.7071,smith_qr_full
7.5,Pioneer_14,12.2991,-10.8085,1.8094,smith_qr_full
7.5,Pioneer_15,14.4369,-10.8074,1.994,smith_qr_full
8.0,Pioneer_01,-9.5423,-7.4365,0.5996,smith_qr_full
8.0,Pioneer_02,-8.5782,-7.1138,0.6618,smith_qr_full
8.0,Pioneer_03,-7.4917,-7.1076,0.7305,smith_qr_full
8.0,Pioneer_04,-6.2912,-7.4385,0.8059,smith_qr_full
8.0,Pioneer_05,-4.9756,-7.9336,0.8882,smith_qr_full
8.0,Pioneer_06,-3.4735,-8.4704,0.9771,smith_qr_full
8.0,Pioneer_07,-1.9028,-8.9779,1.0717,smith_qr_full
8.0,Pioneer_08,-0.2441,-9.8132,1.1021,smith_qr_full
8.0,Pioneer_09,1.5696,-9.8483,1.2253,smith_qr_full
8.0,Pioneer_10,3.6386,-10.0713,1.3511,smith_qr_full
8.0,Pioneer_11,5.7799,-10.3368,1.4757,smith_qr_full
8.0,Pioneer_12,8.0534,-10.7602,1.5953,smith_qr_full
8.0,Pioneer_13,10.1997,-10.8102,1.7071,smith_qr_full
8.0,Pioneer_14,12.2835,-10.7827,1.8094,smith_qr_full
8.0,Pioneer_15,14.4232,-10.779,1.994,smith_qr_full
8.5,Pioneer_01,-9.242,-7.2327,0.5996,smith_qr_full
8.5,Pioneer_02,-8.2666,-6.9488,0.6618,smith_qr_full
8.5,Pioneer_03,-7.2421,-6.85,0.7305,smith_qr_full
8.5,Pioneer_04,-6.0583,-7.1539,0.8059,smith_qr_full
8.5,Pioneer_05,-4.8239,-7.6149,0.8882,smith_qr_full
8.5,Pioneer_06,-3.3985,-8.2409,0.9771,smith_qr_full
8.5,Pioneer_07,-1.8997,-8.7495,1.0717,smith_qr_full
8.5,Pioneer_08,-0.2299,-9.6192,1.1021,smith_qr_full
8.5,Pioneer_09,1.5894,-9.7305,1.2253,smith_qr_full
8.5,Pioneer_10,3.5088,-9.8275,1.3511,smith_qr_full
8.5,Pioneer_11,5.6295,-10.0082,1.4757,smith_qr_full
8.5,Pioneer_12,7.865,-10.4231,1.5953,smith_qr_full
8.5,Pioneer_13,10.1596,-10.7508,1.7071,smith_qr_full
8.5,Pioneer_14,12.3095,-10.7813,1.8094,smith_qr_full
8.5,Pioneer_15,14.4187,-10.8226,1.994,smith_qr_full
9.0,Pioneer_01,-8.8872,-7.0478,0.5996,smith_qr_full
9.0,Pioneer_02,-8.0175,-6.6436,0.6618,smith_qr_full
9.0,Pioneer_03,-7.0328,-6.5893,0.7305,smith_qr_full
9.0,Pioneer_04,-5.8564,-6.8741,0.8059,smith_qr_full
9.0,Pioneer_05,-4.6138,-7.403,0.8882,smith_qr_full
9.0,Pioneer_06,-3.2709,-7.9468,0.9771,smith_qr_full
9.0,Pioneer_07,-1.7694,-8.4711,1.0717,smith_qr_full
9.0,Pioneer_08,-0.2008,-9.5199,1.1021,smith_qr_full
9.0,Pioneer_09,1.5213,-9.5631,1.2253,smith_qr_full
9.0,Pioneer_10,3.4374,-9.5678,1.3511,smith_qr_full
9.0,Pioneer_11,5.4574,-9.7555,1.4757,smith_qr_full
9.0,Pioneer_12,7.657,-10.1427,1.5953,smith_qr_full
9.0,Pioneer_13,10.0232,-10.5489,1.7071,smith_qr_full
9.0,Pioneer_14,12.2985,-10.7795,1.8094,smith_qr_full
9.0,Pioneer_15,14.39,-10.7604,1.994,smith_qr_full
9.5,Pioneer_01,-8.6018,-6.8434,0.5996,smith_qr_full
9.5,Pioneer_02,-7.7353,-6.453,0.6618,smith_qr_full
9.5,Pioneer_03,-6.7847,-6.3336,0.7305,smith_qr_full
9.5,Pioneer_04,-5.6796,-6.575,0.8059,smith_qr_full
9.5,Pioneer_05,-4.4711,-7.1335,0.8882,smith_qr_full
9.5,Pioneer_06,-3.1839,-7.7553,0.9771,smith_qr_full
9.5,Pioneer_07,-1.7595,-8.2372,1.0717,smith_qr_full
9.5,Pioneer_08,-0.2032,-9.284,1.1021,smith_qr_full
9.5,Pioneer_09,1.5311,-9.3469,1.2253,smith_qr_full
9.5,Pioneer_10,3.3955,-9.3467,1.3511,smith_qr_full
9.5,Pioneer_11,5.3446,-9.5173,1.4757,smith_qr_full
9.5,Pioneer_12,7.4728,-9.8178,1.5953,smith_qr_full
9.5,Pioneer_13,9.7446,-10.1955,1.7071,smith_qr_full
9.5,Pioneer_14,12.1942,-10.6877,1.8094,smith_qr_full
9.5,Pioneer_15,14.3618,-10.7851,1.994,smith_qr_full
10.0,Pioneer_01,-8.2511,-6.6231,0.5996,smith_qr_full
10.0,Pioneer_02,-7.3888,-6.1615,0.6618,smith_qr_full
10.0,Pioneer_03,-6.5248,-6.0959,0.7305,smith_qr_full
10.0,Pioneer_04,-5.4549,-6.3691,0.8059,smith_qr_full
10.0,Pioneer_05,-4.3036,-6.8784,0.8882,smith_qr_full
10.0,Pioneer_06,-3.0363,-7.515,0.9771,smith_qr_full
10.0,Pioneer_07,-1.6527,-8.0046,1.0717,smith_qr_full
10.0,Pioneer_08,-0.1834,-9.113,1.1021,smith_qr_full
10.0,Pioneer_09,1.4772,-9.1421,1.2253,smith_qr_full
10.0,Pioneer_10,3.2442,-9.1082,1.3511,smith_qr_full
10.0,Pioneer_11,5.2211,-9.2111,1.4757,smith_qr_full
10.0,Pioneer_12,7.3051,-9.5261,1.5953,smith_qr_full
10.0,Pioneer_13,9.5455,-9.893,1.7071,smith_qr_full
10.0,Pioneer_14,11.8789,-10.3659,1.8094,smith_qr_full
10.0,Pioneer_15,14.4406,-10.7958,1.994,smith_qr_full
10.5,Pioneer_01,-7.9011,-6.4256,0.5996,smith_qr_full
10.5,Pioneer_02,-7.1856,-5.9764,0.6618,smith_qr_full
10.5,Pioneer_03,-6.2898,-5.8075,0.7305,smith_qr_full
10.5,Pioneer_04,-5.2744,-6.1033,0.8059,smith_qr_full
10.5,Pioneer_05,-4.1884,-6.5948,0.8882,smith_qr_full
10.5,Pioneer_06,-2.906,-7.2377,0.9771,smith_qr_full
10.5,Pioneer_07,-1.5768,-7.7086,1.0717,smith_qr_full
10.5,Pioneer_08,-0.1997,-8.9515,1.1021,smith_qr_full
10.5,Pioneer_09,1.4607,-8.9251,1.2253,smith_qr_full
10.5,Pioneer_10,3.2106,-8.8643,1.3511,smith_qr_full
10.5,Pioneer_11,5.0867,-8.9395,1.4757,smith_qr_full
10.5,Pioneer_12,7.1214,-9.1386,1.5953,smith_qr_full
10.5,Pioneer_13,9.3075,-9.581,1.7071,smith_qr_full
10.5,Pioneer_14,11.6639,-10.1428,1.8094,smith_qr_full
10.5,Pioneer_15,14.1234,-10.6739,1.994,smith_qr_full
11.0,Pioneer_01,-7.6364,-6.1682,0.5996,smith_qr_full
11.0,Pioneer_02,-6.8908,-5.7484,0.6618,smith_qr_full
11.0,Pioneer_03,-6.0445,-5.5701,0.7305,smith_qr_full
11.0,Pioneer_04,-5.1016,-5.8482,0.8059,smith_qr_full
11.0,Pioneer_05,-3.9771,-6.3518,0.8882,smith_qr_full
11.0,Pioneer_06,-2.8274,-7.0011,0.9771,smith_qr_full
11.0,Pioneer_07,-1.4719,-7.4968,1.0717,smith_qr_full
11.0,Pioneer_08,-0.1525,-8.7627,1.1021,smith_qr_full
11.0,Pioneer_09,1.42,-8.7171,1.2253,smith_qr_full
11.0,Pioneer_10,3.1206,-8.6351,1.3511,smith_qr_full
11.0,Pioneer_11,4.9708,-8.6602,1.4757,smith_qr_full
11.0,Pioneer_12,6.9518,-8.8728,1.5953,smith_qr_full
11.0,Pioneer_13,9.0911,-9.2924,1.7071,smith_qr_full
11.0,Pioneer_14,11.3668,-9.7308,1.8094,smith_qr_full
11.0,Pioneer_15,13.7475,-10.4293,1.994,smith_qr_full
11.5,Pioneer_01,-7.3311,-6.0044,0.5996,smith_qr_full
11.5,Pioneer_02,-6.6076,-5.526,0.6618,smith_qr_full
11.5,Pioneer_03,-5.7902,-5.3064,0.7305,smith_qr_full
11.5,Pioneer_04,-4.8493,-5.5508,0.8059,smith_qr_full
11.5,Pioneer_05,-3.8217,-6.0964,0.8882,smith_qr_full
11.5,Pioneer_06,-2.6836,-6.7393,0.9771,smith_qr_full
11.5,Pioneer_07,-1.412,-7.278,1.0717,smith_qr_full
11.5,Pioneer_08,-0.0876,-8.6268,1.1021,smith_qr_full
11.5,Pioneer_09,1.4399,-8.6053,1.2253,smith_qr_full
11.5,Pioneer_10,3.0792,-8.3658,1.3511,smith_qr_full
11.5,Pioneer_11,4.8975,-8.3531,1.4757,smith_qr_full
11.5,Pioneer_12,6.7177,-8.5716,1.5953,smith_qr_full
11.5,Pioneer_13,8.8308,-8.9619,1.7071,smith_qr_full
11.5,Pioneer_14,11.0702,-9.4798,1.8094,smith_qr_full
11.5,Pioneer_15,13.3805,-10.2423,1.994,smith_qr_full
12.0,Pioneer_01,-6.9984,-5.8082,0.5996,smith_qr_full
12.0,Pioneer_02,-6.3402,-5.2533,0.6618,smith_qr_full
12.0,Pioneer_03,-5.6278,-5.0646,0.7305,smith_qr_full
12.0,Pioneer_04,-4.6799,-5.3143,0.8059,smith_qr_full
12.0,Pioneer_05,-3.7075,-5.8267,0.8882,smith_qr_full
12.0,Pioneer_06,-2.5539,-6.4813,0.9771,smith_qr_full
12.0,Pioneer_07,-1.3599,-6.9934,1.0717,smith_qr_full
12.0,Pioneer_08,-0.0887,-8.4594,1.1021,smith_qr_full
12.0,Pioneer_09,1.4258,-8.3483,1.2253,smith_qr_full
12.0,Pioneer_10,3.0603,-8.2128,1.3511,smith_qr_full
12.0,Pioneer_11,4.7255,-8.0779,1.4757,smith_qr_full
12.0,Pioneer_12,6.6461,-8.2799,1.5953,smith_qr_full
12.0,Pioneer_13,8.6094,-8.6729,1.7071,smith_qr_full
12.0,Pioneer_14,10.822,-9.1642,1.8094,smith_qr_full
12.0,Pioneer_15,13.0894,-10.0715,1.994,smith_qr_full
12.5,Pioneer_01,-6.6341,-5.6415,0.5996,smith_qr_full
12.5,Pioneer_02,-6.0512,-5.0449,0.6618,smith_qr_full
12.5,Pioneer_03,-5.2929,-4.8138,0.7305,smith_qr_full
12.5,Pioneer_04,-4.4737,-5.0075,0.8059,smith_qr_full
12.5,Pioneer_05,-3.5081,-5.6204,0.8882,smith_qr_full
12.5,Pioneer_06,-2.4168,-6.2658,0.9771,smith_qr_full
12.5,Pioneer_07,-1.2419,-6.7867,1.0717,smith_qr_full
12.5,Pioneer_08,-0.0201,-8.2756,1.1021,smith_qr_full
12.5,Pioneer_09,1.3282,-8.1485,1.2253,smith_qr_full
12.5,Pioneer_10,2.9338,-7.9085,1.3511,smith_qr_full
12.5,Pioneer_11,4.6484,-7.832,1.4757,smith_qr_full
12.5,Pioneer_12,6.4385,-7.9199,1.5953,smith_qr_full
12.5,Pioneer_13,8.417,-8.3352,1.7071,smith_qr_full
12.5,Pioneer_14,10.4888,-8.857,1.8094,smith_qr_full
12.5,Pioneer_15,12.7287,-9.867,1.994,smith_qr_full
13.0,Pioneer_01,-6.3813,-5.3848,0.5996,smith_qr_full
13.0,Pioneer_02,-5.795,-4.7968,0.6618,smith_qr_full
13.0,Pioneer_03,-5.0745,-4.584,0.7305,smith_qr_full
13.0,Pioneer_04,-4.2811,-4.7559,0.8059,smith_qr_full
13.0,Pioneer_05,-3.2949,-5.3354,0.8882,smith_qr_full
13.0,Pioneer_06,-2.3221,-5.9859,0.9771,smith_qr_full
13.0,Pioneer_07,-1.1499,-6.5501,1.0717,smith_qr_full
13.0,Pioneer_08,-0.0507,-8.1054,1.1021,smith_qr_full
13.0,Pioneer_09,1.3955,-7.9519,1.2253,smith_qr_full
13.0,Pioneer_10,2.8759,-7.6979,1.3511,smith_qr_full
13.0,Pioneer_11,4.4895,-7.5518,1.4757,smith_qr_full
13.0,Pioneer_12,6.3169,-7.6813,1.5953,smith_qr_full
13.0,Pioneer_13,8.1995,-8.0636,1.7071,smith_qr_full
13.0,Pioneer_14,10.2658,-8.5876,1.8094,smith_qr_full
13.0,Pioneer_15,12.3965,-9.6246,1.994,smith_qr_full
13.5,Pioneer_01,-6.1012,-5.1942,0.5996,smith_qr_full
13.5,Pioneer_02,-5.526,-4.61,0.6618,smith_qr_full
13.5,Pioneer_03,-4.8177,-4.3201,0.7305,smith_qr_full
13.5,Pioneer_04,-4.0648,-4.5264,0.8059,smith_qr_full
13.5,Pioneer_05,-3.2059,-5.1023,0.8882,smith_qr_full
13.5,Pioneer_06,-2.1999,-5.7352,0.9771,smith_qr_full
13.5,Pioneer_07,-1.1082,-6.2579,1.0717,smith_qr_full
13.5,Pioneer_08,-0.0274,-7.8943,1.1021,smith_qr_full
13.5,Pioneer_09,1.2675,-7.7256,1.2253,smith_qr_full
13.5,Pioneer_10,2.8092,-7.4617,1.3511,smith_qr_full
13.5,Pioneer_11,4.4197,-7.3345,1.4757,smith_qr_full
13.5,Pioneer_12,6.1234,-7.4096,1.5953,smith_qr_full
13.5,Pioneer_13,8.0276,-7.783,1.7071,smith_qr_full
13.5,Pioneer_14,9.9769,-8.2571,1.8094,smith_qr_full
13.5,Pioneer_15,12.084,-9.4427,1.994,smith_qr_full
14.0,Pioneer_01,-5.7915,-4.9935,0.5996,smith_qr_full
14.0,Pioneer_02,-5.2246,-4.3549,0.6618,smith_qr_full
14.0,Pioneer_03,-4.5845,-4.0839,0.7305,smith_qr_full
14.0,Pioneer_04,-3.8774,-4.2954,0.8059,smith_qr_full
14.0,Pioneer_05,-3.0505,-4.8652,0.8882,smith_qr_full
14.0,Pioneer_06,-2.0928,-5.479,0.9771,smith_qr_full
14.0,Pioneer_07,-0.9807,-6.0068,1.0717,smith_qr_full
14.0,Pioneer_08,0.0477,-7.738,1.1021,smith_qr_full
14.0,Pioneer_09,1.3217,-7.5747,1.2253,smith_qr_full
14.0,Pioneer_10,2.7431,-7.2684,1.3511,smith_qr_full
14.0,Pioneer_11,4.3396,-7.0386,1.4757,smith_qr_full
14.0,Pioneer_12,6.0193,-7.1013,1.5953,smith_qr_full
14.0,Pioneer_13,7.7894,-7.4052,1.7071,smith_qr_full
14.0,Pioneer_14,9.7204,-8.0212,1.8094,smith_qr_full
14.0,Pioneer_15,11.7292,-9.2546,1.994,smith_qr_full
14.5,Pioneer_01,-5.5157,-4.795,0.5996,smith_qr_full
14.5,Pioneer_02,-4.9503,-4.1438,0.6618,smith_qr_full
14.5,Pioneer_03,-4.3572,-3.8572,0.7305,smith_qr_full
14.5,Pioneer_04,-3.6566,-3.9919,0.8059,smith_qr_full
14.5,Pioneer_05,-2.8502,-4.5853,0.8882,smith_qr_full
14.5,Pioneer_06,-1.936,-5.2519,0.9771,smith_qr_full
14.5,Pioneer_07,-0.943,-5.7892,1.0717,smith_qr_full
14.5,Pioneer_08,0.0578,-7.5779,1.1021,smith_qr_full
14.5,Pioneer_09,1.3679,-7.3763,1.2253,smith_qr_full
14.5,Pioneer_10,2.7242,-7.0064,1.3511,smith_qr_full
14.5,Pioneer_11,4.2163,-6.7681,1.4757,smith_qr_full
14.5,Pioneer_12,5.8456,-6.7705,1.5953,smith_qr_full
14.5,Pioneer_13,7.6262,-7.1813,1.7071,smith_qr_full
14.5,Pioneer_14,9.4667,-7.6227,1.8094,smith_qr_full
14.5,Pioneer_15,11.4529,-9.0353,1.994,smith_qr_full
15.0,Pioneer_01,-5.1273,-4.6343,0.5996,smith_qr_full
15.0,Pioneer_02,-4.7217,-3.921,0.6618,smith_qr_full
15.0,Pioneer_03,-4.118,-3.5771,0.7305,smith_qr_full
15.0,Pioneer_04,-3.4833,-3.7771,0.8059,smith_qr_full
15.0,Pioneer_05,-2.68,-4.3612,0.8882,smith_qr_full
15.0,Pioneer_06,-1.8108,-5.0315,0.9771,smith_qr_full
15.0,Pioneer_07,-0.7967,-5.5323,1.0717,smith_qr_full
15.0,Pioneer_08,0.2057,-7.418,1.1021,smith_qr_full
15.0,Pioneer_09,1.3137,-7.1417,1.2253,smith_qr_full
15.0,Pioneer_10,2.6924,-6.7905,1.3511,smith_qr_full
15.0,Pioneer_11,4.145,-6.4895,1.4757,smith_qr_full
15.0,Pioneer_12,5.6993,-6.4509,1.5953,smith_qr_full
15.0,Pioneer_13,7.4379,-6.8016,1.7071,smith_qr_full
15.0,Pioneer_14,9.3021,-7.3686,1.8094,smith_qr_full
15.0,Pioneer_15,11.2323,-8.8438,1.994,smith_qr_full
15.5,Pioneer_01,-4.9207,-4.4209,0.5996,smith_qr_full
15.5,Pioneer_02,-4.385,-3.7444,0.6618,smith_qr_full
15.5,Pioneer_03,-3.8833,-3.3633,0.7305,smith_qr_full
15.5,Pioneer_04,-3.2762,-3.5318,0.8059,smith_qr_full
15.5,Pioneer_05,-2.4662,-4.1145,0.8882,smith_qr_full
15.5,Pioneer_06,-1.6847,-4.836,0.9771,smith_qr_full
15.5,Pioneer_07,-0.6806,-5.3338,1.0717,smith_qr_full
15.5,Pioneer_08,0.187,-7.2212,1.1021,smith_qr_full
15.5,Pioneer_09,1.3318,-6.9854,1.2253,smith_qr_full
15.5,Pioneer_10,2.7064,-6.6067,1.3511,smith_qr_full
15.5,Pioneer_11,4.0491,-6.2541,1.4757,smith_qr_full
15.5,Pioneer_12,5.6001,-6.2028,1.5953,smith_qr_full
15.5,Pioneer_13,7.2983,-6.4839,1.7071,smith_qr_full
15.5,Pioneer_14,9.0811,-7.097,1.8094,smith_qr_full
15.5,Pioneer_15,10.9243,-8.6894,1.994,smith_qr_full
16.0,Pioneer_01,-4.5792,-4.2483,0.5996,smith_qr_full
16.0,Pioneer_02,-4.1256,-3.502,0.6618,smith_qr_full
16.0,Pioneer_03,-3.6794,-3.1586,0.7305,smith_qr_full
16.0,Pioneer_04,-2.9992,-3.2896,0.8059,smith_qr_full
16.0,Pioneer_05,-2.3293,-3.8528,0.8882,smith_qr_full
16.0,Pioneer_06,-1.5642,-4.5938,0.9771,smith_qr_full
16.0,Pioneer_07,-0.6514,-5.0981,1.0717,smith_qr_full
16.0,Pioneer_08,0.222,-7.0101,1.1021,smith_qr_full
16.0,Pioneer_09,1.3964,-6.7956,1.2253,smith_qr_full
16.0,Pioneer_10,2.6377,-6.3064,1.3511,smith_qr_full
16.0,Pioneer_11,3.982,-6.0083,1.4757,smith_qr_full
16.0,Pioneer_12,5.4523,-5.9473,1.5953,smith_qr_full
16.0,Pioneer_13,7.0953,-6.2577,1.7071,smith_qr_full
16.0,Pioneer_14,8.864,-6.7702,1.8094,smith_qr_full
16.0,Pioneer_15,10.6073,-8.4639,1.994,smith_qr_full
16.5,Pioneer_01,-4.3317,-4.0011,0.5996,smith_qr_full
16.5,Pioneer_02,-3.9303,-3.3011,0.6618,smith_qr_full
16.5,Pioneer_03,-3.4207,-2.9554,0.7305,smith_qr_full
16.5,Pioneer_04,-2.8485,-3.1206,0.8059,smith_qr_full
16.5,Pioneer_05,-2.1857,-3.6165,0.8882,smith_qr_full
16.5,Pioneer_06,-1.3948,-4.3124,0.9771,smith_qr_full
16.5,Pioneer_07,-0.5125,-4.8513,1.0717,smith_qr_full
16.5,Pioneer_08,0.2699,-6.8875,1.1021,smith_qr_full
16.5,Pioneer_09,1.3765,-6.5659,1.2253,smith_qr_full
16.5,Pioneer_10,2.5587,-6.1495,1.3511,smith_qr_full
16.5,Pioneer_11,3.9049,-5.7301,1.4757,smith_qr_full
16.5,Pioneer_12,5.3161,-5.6461,1.5953,smith_qr_full
16.5,Pioneer_13,6.8895,-5.9559,1.7071,smith_qr_full
16.5,Pioneer_14,8.5903,-6.5251,1.8094,smith_qr_full
16.5,Pioneer_15,10.3352,-8.2754,1.994,smith_qr_full
17.0,Pioneer_01,-4.0081,-3.8437,0.5996,smith_qr_full
17.0,Pioneer_02,-3.6302,-3.0865,0.6618,smith_qr_full
17.0,Pioneer_03,-3.2204,-2.7257,0.7305,smith_qr_full
17.0,Pioneer_04,-2.6294,-2.8017,0.8059,smith_qr_full
17.0,Pioneer_05,-2.011,-3.3555,0.8882,smith_qr_full
17.0,Pioneer_06,-1.2795,-4.0681,0.9771,smith_qr_full
17.0,Pioneer_07,-0.4311,-4.6682,1.0717,smith_qr_full
17.0,Pioneer_08,0.3105,-6.6904,1.1021,smith_qr_full
17.0,Pioneer_09,1.4017,-6.3707,1.2253,smith_qr_full
17.0,Pioneer_10,2.5506,-5.9075,1.3511,smith_qr_full
17.0,Pioneer_11,3.8169,-5.4536,1.4757,smith_qr_full
17.0,Pioneer_12,5.2408,-5.3576,1.5953,smith_qr_full
17.0,Pioneer_13,6.7136,-5.6741,1.7071,smith_qr_full
17.0,Pioneer_14,8.3757,-6.2718,1.8094,smith_qr_full
17.0,Pioneer_15,10.1007,-8.0891,1.994,smith_qr_full
17.5,Pioneer_01,-3.6925,-3.6389,0.5996,smith_qr_full
17.5,Pioneer_02,-3.3713,-2.8637,0.6618,smith_qr_full
17.5,Pioneer_03,-2.9431,-2.4578,0.7305,smith_qr_full
17.5,Pioneer_04,-2.4612,-2.5477,0.8059,smith_qr_full
17.5,Pioneer_05,-1.8378,-3.0814,0.8882,smith_qr_full
17.5,Pioneer_06,-1.068,-3.8496,0.9771,smith_qr_full
17.5,Pioneer_07,-0.3135,-4.3739,1.0717,smith_qr_full
17.5,Pioneer_08,0.4216,-6.4922,1.1021,smith_qr_full
17.5,Pioneer_09,1.392,-6.2072,1.2253,smith_qr_full
17.5,Pioneer_10,2.5685,-5.6836,1.3511,smith_qr_full
17.5,Pioneer_11,3.7413,-5.2273,1.4757,smith_qr_full
17.5,Pioneer_12,5.1328,-5.0739,1.5953,smith_qr_full
17.5,Pioneer_13,6.6092,-5.4031,1.7071,smith_qr_full
17.5,Pioneer_14,8.1613,-5.9912,1.8094,smith_qr_full
17.5,Pioneer_15,9.7959,-7.8498,1.994,smith_qr_full
18.0,Pioneer_01,-3.4162,-3.4344,0.5996,smith_qr_full
18.0,Pioneer_02,-3.1325,-2.6836,0.6618,smith_qr_full
18.0,Pioneer_03,-2.7423,-2.2574,0.7305,smith_qr_full
18.0,Pioneer_04,-2.2848,-2.4207,0.8059,smith_qr_full
18.0,Pioneer_05,-1.6878,-2.922,0.8882,smith_qr_full
18.0,Pioneer_06,-0.985,-3.6101,0.9771,smith_qr_full
18.0,Pioneer_07,-0.2518,-4.1093,1.0717,smith_qr_full
18.0,Pioneer_08,0.4207,-6.2972,1.1021,smith_qr_full
18.0,Pioneer_09,1.3981,-5.9709,1.2253,smith_qr_full
18.0,Pioneer_10,2.5019,-5.4568,1.3511,smith_qr_full
18.0,Pioneer_11,3.6717,-4.9799,1.4757,smith_qr_full
18.0,Pioneer_12,5.0117,-4.8152,1.5953,smith_qr_full
18.0,Pioneer_13,6.4111,-5.1233,1.7071,smith_qr_full
18.0,Pioneer_14,7.9921,-5.655,1.8094,smith_qr_full
18.0,Pioneer_15,9.518,-7.7234,1.994,smith_qr_full
18.5,Pioneer_01,-3.1405,-3.2587,0.5996,smith_qr_full
18.5,Pioneer_02,-2.9135,-2.5109,0.6618,smith_qr_full
18.5,Pioneer_03,-2.4643,-2.0367,0.7305,smith_qr_full
18.5,Pioneer_04,-2.0355,-2.1441,0.8059,smith_qr_full
18.5,Pioneer_05,-1.497,-2.6837,0.8882,smith_qr_full
18.5,Pioneer_06,-0.873,-3.3332,0.9771,smith_qr_full
18.5,Pioneer_07,-0.1331,-3.8888,1.0717,smith_qr_full
18.5,Pioneer_08,0.4942,-6.1206,1.1021,smith_qr_full
18.5,Pioneer_09,1.4369,-5.7902,1.2253,smith_qr_full
18.5,Pioneer_10,2.4682,-5.1966,1.3511,smith_qr_full
18.5,Pioneer_11,3.634,-4.715,1.4757,smith_qr_full
18.5,Pioneer_12,4.9117,-4.5352,1.5953,smith_qr_full
18.5,Pioneer_13,6.2343,-4.8008,1.7071,smith_qr_full
18.5,Pioneer_14,7.7729,-5.3823,1.8094,smith_qr_full
18.5,Pioneer_15,9.2754,-7.5175,1.994,smith_qr_full
19.0,Pioneer_01,-2.8348,-3.0762,0.5996,smith_qr_full
19.0,Pioneer_02,-2.601,-2.2394,0.6618,smith_qr_full
19.0,Pioneer_03,-2.2538,-1.844,0.7305,smith_qr_full
19.0,Pioneer_04,-1.8418,-1.9044,0.8059,smith_qr_full
19.0,Pioneer_05,-1.3124,-2.43,0.8882,smith_qr_full
19.0,Pioneer_06,-0.7449,-3.1125,0.9771,smith_qr_full
19.0,Pioneer_07,-0.0479,-3.6442,1.0717,smith_qr_full
19.0,Pioneer_08,0.5632,-6.0394,1.1021,smith_qr_full
19.0,Pioneer_09,1.4353,-5.5833,1.2253,smith_qr_full
19.0,Pioneer_10,2.4475,-5.0712,1.3511,smith_qr_full
19.0,Pioneer_11,3.5553,-4.4941,1.4757,smith_qr_full
19.0,Pioneer_12,4.7902,-4.2818,1.5953,smith_qr_full
19.0,Pioneer_13,6.0795,-4.5241,1.7071,smith_qr_full
19.0,Pioneer_14,7.5284,-5.1287,1.8094,smith_qr_full
19.0,Pioneer_15,9.0026,-7.3142,1.994,smith_qr_full
19.5,Pioneer_01,-2.5901,-2.8823,0.5996,smith_qr_full
19.5,Pioneer_02,-2.2865,-2.0785,0.6618,smith_qr_full
19.5,Pioneer_03,-2.0439,-1.6109,0.7305,smith_qr_full
19.5,Pioneer_04,-1.6206,-1.623,0.8059,smith_qr_full
19.5,Pioneer_05,-1.1963,-2.1682,0.8882,smith_qr_full
19.5,Pioneer_06,-0.6068,-2.8875,0.9771,smith_qr_full
19.5,Pioneer_07,0.0434,-3.4005,1.0717,smith_qr_full
19.5,Pioneer_08,0.621,-5.7983,1.1021,smith_qr_full
19.5,Pioneer_09,1.5009,-5.4602,1.2253,smith_qr_full
19.5,Pioneer_10,2.4921,-4.7862,1.3511,smith_qr_full
19.5,Pioneer_11,3.5264,-4.2485,1.4757,smith_qr_full
19.5,Pioneer_12,4.6914,-4.0355,1.5953,smith_qr_full
19.5,Pioneer_13,5.9838,-4.2849,1.7071,smith_qr_full
19.5,Pioneer_14,7.3956,-4.876,1.8094,smith_qr_full
19.5,Pioneer_15,8.8359,-7.1416,1.994,smith_qr_full
20.0,Pioneer_01,-2.3102,-2.6734,0.5996,smith_qr_full
20.0,Pioneer_02,-2.0824,-1.8269,0.6618,smith_qr_full
20.0,Pioneer_03,-1.7739,-1.4171,0.7305,smith_qr_full
20.0,Pioneer_04,-1.4576,-1.4434,0.8059,smith_qr_full
20.0,Pioneer_05,-0.9967,-1.9891,0.8882,smith_qr_full
20.0,Pioneer_06,-0.4171,-2.6742,0.9771,smith_qr_full
20.0,Pioneer_07,0.1558,-3.196,1.0717,smith_qr_full
20.0,Pioneer_08,0.6907,-5.6014,1.1021,smith_qr_full
20.0,Pioneer_09,1.491,-5.2303,1.2253,smith_qr_full
20.0,Pioneer_10,2.4454,-4.5546,1.3511,smith_qr_full
20.0,Pioneer_11,3.4677,-3.9753,1.4757,smith_qr_full
20.0,Pioneer_12,4.614,-3.7454,1.5953,smith_qr_full
20.0,Pioneer_13,5.8583,-4.0153,1.7071,smith_qr_full
20.0,Pioneer_14,7.2111,-4.624,1.8094,smith_qr_full
20.0,Pioneer_15,8.5396,-6.9365,1.994,smith_qr_full
20.5,Pioneer_01,-2.0523,-2.4833,0.5996,smith_qr_full
20.5,Pioneer_02,-1.8579,-1.6461,0.6618,smith_qr_full
20.5,Pioneer_03,-1.6041,-1.2264,0.7305,smith_qr_full
20.5,Pioneer_04,-1.2952,-1.2396,0.8059,smith_qr_full
20.5,Pioneer_05,-0.7694,-1.7448,0.8882,smith_qr_full
20.5,Pioneer_06,-0.3478,-2.4269,0.9771,smith_qr_full
20.5,Pioneer_07,0.2794,-2.956,1.0717,smith_qr_full
20.5,Pioneer_08,0.7628,-5.4427,1.1021,smith_qr_full
20.5,Pioneer_09,1.5446,-5.0417,1.2253,smith_qr_full
20.5,Pioneer_10,2.4096,-4.3629,1.3511,smith_qr_full
20.5,Pioneer_11,3.4125,-3.8041,1.4757,smith_qr_full
20.5,Pioneer_12,4.5223,-3.5246,1.5953,smith_qr_full
20.5,Pioneer_13,5.7076,-3.7283,1.7071,smith_qr_full
20.5,Pioneer_14,7.0426,-4.3226,1.8094,smith_qr_full
20.5,Pioneer_15,8.3582,-6.7271,1.994,smith_qr_full
21.0,Pioneer_01,-1.7275,-2.2895,0.5996,smith_qr_full
21.0,Pioneer_02,-1.6183,-1.4848,0.6618,smith_qr_full
21.0,Pioneer_03,-1.3559,-0.9849,0.7305,smith_qr_full
21.0,Pioneer_04,-1.076,-1.0018,0.8059,smith_qr_full
21.0,Pioneer_05,-0.6356,-1.4915,0.8882,smith_qr_full
21.0,Pioneer_06,-0.1944,-2.2338,0.9771,smith_qr_full
21.0,Pioneer_07,0.4235,-2.7578,1.0717,smith_qr_full
21.0,Pioneer_08,0.8426,-5.2251,1.1021,smith_qr_full
21.0,Pioneer_09,1.5778,-4.8647,1.2253,smith_qr_full
21.0,Pioneer_10,2.3971,-4.1016,1.3511,smith_qr_full
21.0,Pioneer_11,3.3613,-3.5006,1.4757,smith_qr_full
21.0,Pioneer_12,4.4028,-3.2551,1.5953,smith_qr_full
21.0,Pioneer_13,5.59,-3.4367,1.7071,smith_qr_full
21.0,Pioneer_14,6.855,-4.0538,1.8094,smith_qr_full
21.0,Pioneer_15,8.1092,-6.5824,1.994,smith_qr_full
21.5,Pioneer_01,-1.4916,-2.1152,0.5996,smith_qr_full
21.5,Pioneer_02,-1.3385,-1.2734,0.6618,smith_qr_full
21.5,Pioneer_03,-1.1627,-0.7301,0.7305,smith_qr_full
21.5,Pioneer_04,-0.8213,-0.783,0.8059,smith_qr_full
21.5,Pioneer_05,-0.4845,-1.3101,0.8882,smith_qr_full
21.5,Pioneer_06,-0.0341,-1.9707,0.9771,smith_qr_full
21.5,Pioneer_07,0.4592,-2.4802,1.0717,smith_qr_full
21.5,Pioneer_08,0.9134,-5.0752,1.1021,smith_qr_full
21.5,Pioneer_09,1.5875,-4.6301,1.2253,smith_qr_full
21.5,Pioneer_10,2.4262,-3.9267,1.3511,smith_qr_full
21.5,Pioneer_11,3.337,-3.2709,1.4757,smith_qr_full
21.5,Pioneer_12,4.3673,-3.0376,1.5953,smith_qr_full
21.5,Pioneer_13,5.5123,-3.2033,1.7071,smith_qr_full
21.5,Pioneer_14,6.6962,-3.7756,1.8094,smith_qr_full
21.5,Pioneer_15,7.905,-6.344,1.994,smith_qr_full
22.0,Pioneer_01,-1.185,-1.9116,0.5996,smith_qr_full
22.0,Pioneer_02,-1.0762,-1.0997,0.6618,smith_qr_full
22.0,Pioneer_03,-0.8682,-0.5463,0.7305,smith_qr_full
22.0,Pioneer_04,-0.6715,-0.576,0.8059,smith_qr_full
22.0,Pioneer_05,-0.2836,-1.0742,0.8882,smith_qr_full
22.0,Pioneer_06,0.0812,-1.7908,0.9771,smith_qr_full
22.0,Pioneer_07,0.6251,-2.2626,1.0717,smith_qr_full
22.0,Pioneer_08,0.9858,-4.8652,1.1021,smith_qr_full
22.0,Pioneer_09,1.6566,-4.4434,1.2253,smith_qr_full
22.0,Pioneer_10,2.4531,-3.7271,1.3511,smith_qr_full
22.0,Pioneer_11,3.3146,-3.0785,1.4757,smith_qr_full
22.0,Pioneer_12,4.2976,-2.7396,1.5953,smith_qr_full
22.0,Pioneer_13,5.3707,-2.9345,1.7071,smith_qr_full
22.0,Pioneer_14,6.5868,-3.5172,1.8094,smith_qr_full
22.0,Pioneer_15,7.7127,-6.1795,1.994,smith_qr_full
22.5,Pioneer_01,-0.9438,-1.7501,0.5996,smith_qr_full
22.5,Pioneer_02,-0.8285,-0.8313,0.6618,smith_qr_full
22.5,Pioneer_03,-0.6813,-0.3322,0.7305,smith_qr_full
22.5,Pioneer_04,-0.4638,-0.3855,0.8059,smith_qr_full
22.5,Pioneer_05,-0.0992,-0.85,0.8882,smith_qr_full
22.5,Pioneer_06,0.2061,-1.5243,0.9771,smith_qr_full
22.5,Pioneer_07,0.6524,-2.0124,1.0717,smith_qr_full
22.5,Pioneer_08,1.0637,-4.6999,1.1021,smith_qr_full
22.5,Pioneer_09,1.7703,-4.2636,1.2253,smith_qr_full
22.5,Pioneer_10,2.4393,-3.5172,1.3511,smith_qr_full
22.5,Pioneer_11,3.2611,-2.7682,1.4757,smith_qr_full
22.5,Pioneer_12,4.2691,-2.5185,1.5953,smith_qr_full
22.5,Pioneer_13,5.2287,-2.6825,1.7071,smith_qr_full
22.5,Pioneer_14,6.4076,-3.2831,1.8094,smith_qr_full
22.5,Pioneer_15,7.4734,-5.9644,1.994,smith_qr_full
23.0,Pioneer_01,-0.6693,-1.5974,0.5996,smith_qr_full
23.0,Pioneer_02,-0.5629,-0.6647,0.6618,smith_qr_full
23.0,Pioneer_03,-0.4294,-0.1393,0.7305,smith_qr_full
23.0,Pioneer_04,-0.2462,-0.1969,0.8059,smith_qr_full
23.0,Pioneer_05,0.067,-0.6253,0.8882,smith_qr_full
23.0,Pioneer_06,0.385,-1.2515,0.9771,smith_qr_full
23.0,Pioneer_07,0.8098,-1.8426,1.0717,smith_qr_full
23.0,Pioneer_08,1.1231,-4.5655,1.1021,smith_qr_full
23.0,Pioneer_09,1.7526,-4.0372,1.2253,smith_qr_full
23.0,Pioneer_10,2.4599,-3.2693,1.3511,smith_qr_full
23.0,Pioneer_11,3.2884,-2.5837,1.4757,smith_qr_full
23.0,Pioneer_12,4.1556,-2.2172,1.5953,smith_qr_full
23.0,Pioneer_13,5.1516,-2.4204,1.7071,smith_qr_full
23.0,Pioneer_14,6.2311,-3.026,1.8094,smith_qr_full
23.0,Pioneer_15,7.3338,-5.7453,1.994,smith_qr_full
23.5,Pioneer_01,-0.4105,-1.39,0.5996,smith_qr_full
23.5,Pioneer_02,-0.3585,-0.5268,0.6618,smith_qr_full
23.5,Pioneer_03,-0.2217,0.0614,0.7305,smith_qr_full
23.5,Pioneer_04,-0.0576,0.0318,0.8059,smith_qr_full
23.5,Pioneer_05,0.2252,-0.4164,0.8882,smith_qr_full
23.5,Pioneer_06,0.5397,-1.1201,0.9771,smith_qr_full
23.5,Pioneer_07,0.954,-1.6024,1.0717,smith_qr_full
23.5,Pioneer_08,1.2267,-4.331,1.1021,smith_qr_full
23.5,Pioneer_09,1.7736,-3.8856,1.2253,smith_qr_full
23.5,Pioneer_10,2.515,-3.0672,1.3511,smith_qr_full
23.5,Pioneer_11,3.3018,-2.3773,1.4757,smith_qr_full
23.5,Pioneer_12,4.096,-2.0247,1.5953,smith_qr_full
23.5,Pioneer_13,5.0717,-2.1716,1.7071,smith_qr_full
23.5,Pioneer_14,6.1512,-2.7406,1.8094,smith_qr_full
23.5,Pioneer_15,7.1154,-5.5785,1.994,smith_qr_full
24.0,Pioneer_01,-0.0681,-1.1874,0.5996,smith_qr_full
24.0,Pioneer_02,-0.1335,-0.3046,0.6618,smith_qr_full
24.0,Pioneer_03,0.0044,0.2077,0.7305,smith_qr_full
24.0,Pioneer_04,0.1826,0.2803,0.8059,smith_qr_full
24.0,Pioneer_05,0.4032,-0.2158,0.8882,smith_qr_full
24.0,Pioneer_06,0.6928,-0.8364,0.9771,smith_qr_full
24.0,Pioneer_07,1.0424,-1.3461,1.0717,smith_qr_full
24.0,Pioneer_08,1.2897,-4.1584,1.1021,smith_qr_full
24.0,Pioneer_09,1.8491,-3.6568,1.2253,smith_qr_full
24.0,Pioneer_10,2.5058,-2.8417,1.3511,smith_qr_full
24.0,Pioneer_11,3.1811,-2.1542,1.4757,smith_qr_full
24.0,Pioneer_12,4.0159,-1.7705,1.5953,smith_qr_full
24.0,Pioneer_13,4.9597,-1.8728,1.7071,smith_qr_full
24.0,Pioneer_14,5.961,-2.4666,1.8094,smith_qr_full
24.0,Pioneer_15,6.948,-5.3765,1.994,smith_qr_full
24.5,Pioneer_01,0.0868,-0.9969,0.5996,smith_qr_full
24.5,Pioneer_02,0.1538,-0.1141,0.6618,smith_qr_full
24.5,Pioneer_03,0.2021,0.4356,0.7305,smith_qr_full
24.5,Pioneer_04,0.3753,0.4273,0.8059,smith_qr_full
24.5,Pioneer_05,0.5457,-0.0022,0.8882,smith_qr_full
24.5,Pioneer_06,0.8408,-0.6723,0.9771,smith_qr_full
24.5,Pioneer_07,1.1763,-1.1373,1.0717,smith_qr_full
24.5,Pioneer_08,1.3968,-3.9519,1.1021,smith_qr_full
24.5,Pioneer_09,1.8827,-3.4597,1.2253,smith_qr_full
24.5,Pioneer_10,2.5201,-2.6864,1.3511,smith_qr_full
24.5,Pioneer_11,3.2378,-1.8934,1.4757,smith_qr_full
24.5,Pioneer_12,4.0344,-1.5445,1.5953,smith_qr_full
24.5,Pioneer_13,4.89,-1.6809,1.7071,smith_qr_full
24.5,Pioneer_14,5.8636,-2.2332,1.8094,smith_qr_full
24.5,Pioneer_15,6.7379,-5.2296,1.994,smith_qr_full
25.0,Pioneer_01,0.3495,-0.8129,0.5996,smith_qr_full
25.0,Pioneer_02,0.3657,0.0719,0.6618,smith_qr_full
25.0,Pioneer_03,0.461,0.5758,0.7305,smith_qr_full
25.0,Pioneer_04,0.5116,0.6758,0.8059,smith_qr_full
25.0,Pioneer_05,0.7674,0.228,0.8882,smith_qr_full
25.0,Pioneer_06,0.9935,-0.4827,0.9771,smith_qr_full
25.0,Pioneer_07,1.3105,-0.9109,1.0717,smith_qr_full
25.0,Pioneer_08,1.4567,-3.7908,1.1021,smith_qr_full
25.0,Pioneer_09,1.9518,-3.2716,1.2253,smith_qr_full
25.0,Pioneer_10,2.525,-2.4644,1.3511,smith_qr_full
25.0,Pioneer_11,3.2155,-1.6913,1.4757,smith_qr_full
25.0,Pioneer_12,3.9827,-1.2884,1.5953,smith_qr_full
25.0,Pioneer_13,4.766,-1.4594,1.7071,smith_qr_full
25.0,Pioneer_14,5.7366,-1.9761,1.8094,smith_qr_full
25.0,Pioneer_15,6.5828,-5.0376,1.994,smith_qr_full
25.5,Pioneer_01,0.6237,-0.6564,0.5996,smith_qr_full
25.5,Pioneer_02,0.625,0.2293,0.6618,smith_qr_full
25.5,Pioneer_03,0.6392,0.8183,0.7305,smith_qr_full
25.5,Pioneer_04,0.7419,0.8367,0.8059,smith_qr_full
25.5,Pioneer_05,0.907,0.4181,0.8882,smith_qr_full
25.5,Pioneer_06,1.1746,-0.2322,0.9771,smith_qr_full
25.5,Pioneer_07,1.4598,-0.7108,1.0717,smith_qr_full
25.5,Pioneer_08,1.5168,-3.5848,1.1021,smith_qr_full
25.5,Pioneer_09,2.04,-3.0734,1.2253,smith_qr_full
25.5,Pioneer_10,2.6012,-2.2825,1.3511,smith_qr_full
25.5,Pioneer_11,3.1686,-1.4885,1.4757,smith_qr_full
25.5,Pioneer_12,3.907,-1.0833,1.5953,smith_qr_full
25.5,Pioneer_13,4.6967,-1.2143,1.7071,smith_qr_full
25.5,Pioneer_14,5.6533,-1.7403,1.8094,smith_qr_full
25.5,Pioneer_15,6.3931,-4.838,1.994,smith_qr_full
26.0,Pioneer_01,0.8777,-0.4824,0.5996,smith_qr_full
26.0,Pioneer_02,0.8647,0.3781,0.6618,smith_qr_full
26.0,Pioneer_03,0.9207,0.949,0.7305,smith_qr_full
26.0,Pioneer_04,0.9883,1.0454,0.8059,smith_qr_full
26.0,Pioneer_05,1.0502,0.6903,0.8882,smith_qr_full
26.0,Pioneer_06,1.2804,0.0389,0.9771,smith_qr_full
26.0,Pioneer_07,1.5265,-0.4209,1.0717,smith_qr_full
26.0,Pioneer_08,1.6365,-3.398,1.1021,smith_qr_full
26.0,Pioneer_09,2.0647,-2.8829,1.2253,smith_qr_full
26.0,Pioneer_10,2.6024,-2.0364,1.3511,smith_qr_full
26.0,Pioneer_11,3.1603,-1.2146,1.4757,smith_qr_full
26.0,Pioneer_12,3.9186,-0.8455,1.5953,smith_qr_full
26.0,Pioneer_13,4.6421,-0.9573,1.7071,smith_qr_full
26.0,Pioneer_14,5.4931,-1.4433,1.8094,smith_qr_full
26.0,Pioneer_15,6.2701,-4.5902,1.994,smith_qr_full
26.5,Pioneer_01,1.1347,-0.2752,0.5996,smith_qr_full
26.5,Pioneer_02,1.067,0.5863,0.6618,smith_qr_full
26.5,Pioneer_03,1.1024,1.1331,0.7305,smith_qr_full
26.5,Pioneer_04,1.1594,1.2166,0.8059,smith_qr_full
26.5,Pioneer_05,1.3133,0.864,0.8882,smith_qr_full
26.5,Pioneer_06,1.4805,0.1951,0.9771,smith_qr_full
26.5,Pioneer_07,1.6656,-0.1758,1.0717,smith_qr_full
26.5,Pioneer_08,1.7536,-3.2265,1.1021,smith_qr_full
26.5,Pioneer_09,2.1584,-2.7176,1.2253,smith_qr_full
26.5,Pioneer_10,2.6327,-1.8086,1.3511,smith_qr_full
26.5,Pioneer_11,3.2215,-1.0486,1.4757,smith_qr_full
26.5,Pioneer_12,3.8542,-0.636,1.5953,smith_qr_full
26.5,Pioneer_13,4.5808,-0.7045,1.7071,smith_qr_full
26.5,Pioneer_14,5.4137,-1.2661,1.8094,smith_qr_full
26.5,Pioneer_15,6.1319,-4.4361,1.994,smith_qr_full
27.0,Pioneer_01,1.4152,-0.1126,0.5996,smith_qr_full
27.0,Pioneer_02,1.2808,0.7442,0.6618,smith_qr_full
27.0,Pioneer_03,1.3303,1.3696,0.7305,smith_qr_full
27.0,Pioneer_04,1.3404,1.4342,0.8059,smith_qr_full
27.0,Pioneer_05,1.3667,1.0243,0.8882,smith_qr_full
27.0,Pioneer_06,1.5598,0.4555,0.9771,smith_qr_full
27.0,Pioneer_07,1.8116,0.0105,1.0717,smith_qr_full
27.0,Pioneer_08,1.8741,-2.9654,1.1021,smith_qr_full
27.0,Pioneer_09,2.229,-2.516,1.2253,smith_qr_full
27.0,Pioneer_10,2.6649,-1.5914,1.3511,smith_qr_full
27.0,Pioneer_11,3.1933,-0.799,1.4757,smith_qr_full
27.0,Pioneer_12,3.8169,-0.3988,1.5953,smith_qr_full
27.0,Pioneer_13,4.5077,-0.477,1.7071,smith_qr_full
27.0,Pioneer_14,5.3026,-1.0269,1.8094,smith_qr_full
27.0,Pioneer_15,5.9826,-4.2636,1.994,smith_qr_full
27.5,Pioneer_01,1.6815,0.059,0.5996,smith_qr_full
27.5,Pioneer_02,1.5453,0.9341,0.6618,smith_qr_full
27.5,Pioneer_03,1.5067,1.5113,0.7305,smith_qr_full
27.5,Pioneer_04,1.5048,1.6119,0.8059,smith_qr_full
27.5,Pioneer_05,1.6096,1.2148,0.8882,smith_qr_full
27.5,Pioneer_06,1.7491,0.641,0.9771,smith_qr_full
27.5,Pioneer_07,1.9829,0.2496,1.0717,smith_qr_full
27.5,Pioneer_08,1.9373,-2.8486,1.1021,smith_qr_full
27.5,Pioneer_09,2.2891,-2.2979,1.2253,smith_qr_full
27.5,Pioneer_10,2.7586,-1.4187,1.3511,smith_qr_full
27.5,Pioneer_11,3.2186,-0.5982,1.4757,smith_qr_full
27.5,Pioneer_12,3.7454,-0.1451,1.5953,smith_qr_full
27.5,Pioneer_13,4.4501,-0.2593,1.7071,smith_qr_full
27.5,Pioneer_14,5.3019,-0.7632,1.8094,smith_qr_full
27.5,Pioneer_15,5.8478,-4.0511,1.994,smith_qr_full
28.0,Pioneer_01,1.9316,0.2417,0.5996,smith_qr_full
28.0,Pioneer_02,1.7804,1.1326,0.6618,smith_qr_full
28.0,Pioneer_03,1.7191,1.7322,0.7305,smith_qr_full
28.0,Pioneer_04,1.7124,1.8218,0.8059,smith_qr_full
28.0,Pioneer_05,1.7615,1.451,0.8882,smith_qr_full
28.0,Pioneer_06,1.9039,0.8676,0.9771,smith_qr_full
28.0,Pioneer_07,2.0775,0.4854,1.0717,smith_qr_full
28.0,Pioneer_08,2.0355,-2.6585,1.1021,smith_qr_full
28.0,Pioneer_09,2.3847,-2.1077,1.2253,smith_qr_full
28.0,Pioneer_10,2.7293,-1.2475,1.3511,smith_qr_full
28.0,Pioneer_11,3.2284,-0.3782,1.4757,smith_qr_full
28.0,Pioneer_12,3.808,0.1073,1.5953,smith_qr_full
28.0,Pioneer_13,4.3933,-0.0361,1.7071,smith_qr_full
28.0,Pioneer_14,5.2145,-0.5357,1.8094,smith_qr_full
28.0,Pioneer_15,5.7122,-3.8848,1.994,smith_qr_full
28.5,Pioneer_01,2.1406,0.3918,0.5996,smith_qr_full
28.5,Pioneer_02,2.0023,1.2945,0.6618,smith_qr_full
28.5,Pioneer_03,1.9579,1.8979,0.7305,smith_qr_full
28.5,Pioneer_04,1.9166,1.985,0.8059,smith_qr_full
28.5,Pioneer_05,1.9665,1.6449,0.8882,smith_qr_full
28.5,Pioneer_06,2.0506,1.0816,0.9771,smith_qr_full
28.5,Pioneer_07,2.1814,0.6595,1.0717,smith_qr_full
28.5,Pioneer_08,2.1831,-2.4752,1.1021,smith_qr_full
28.5,Pioneer_09,2.4411,-1.9658,1.2253,smith_qr_full
28.5,Pioneer_10,2.828,-1.0364,1.3511,smith_qr_full
28.5,Pioneer_11,3.2718,-0.2147,1.4757,smith_qr_full
28.5,Pioneer_12,3.7608,0.2347,1.5953,smith_qr_full
28.5,Pioneer_13,4.3759,0.2279,1.7071,smith_qr_full
28.5,Pioneer_14,5.0689,-0.3042,1.8094,smith_qr_full
28.5,Pioneer_15,5.606,-3.6921,1.994,smith_qr_full
29.0,Pioneer_01,2.3569,0.5573,0.5996,smith_qr_full
29.0,Pioneer_02,2.2444,1.4029,0.6618,smith_qr_full
29.0,Pioneer_03,2.1766,2.0185,0.7305,smith_qr_full
29.0,Pioneer_04,2.1334,2.1574,0.8059,smith_qr_full
29.0,Pioneer_05,2.1574,1.8082,0.8882,smith_qr_full
29.0,Pioneer_06,2.2259,1.3089,0.9771,smith_qr_full
29.0,Pioneer_07,2.3738,0.8563,1.0717,smith_qr_full
29.0,Pioneer_08,2.2634,-2.3031,1.1021,smith_qr_full
29.0,Pioneer_09,2.5348,-1.7694,1.2253,smith_qr_full
29.0,Pioneer_10,2.8226,-0.8639,1.3511,smith_qr_full
29.0,Pioneer_11,3.2595,0.0135,1.4757,smith_qr_full
29.0,Pioneer_12,3.8295,0.5071,1.5953,smith_qr_full
29.0,Pioneer_13,4.3425,0.4766,1.7071,smith_qr_full
29.0,Pioneer_14,4.9666,-0.0506,1.8094,smith_qr_full
29.0,Pioneer_15,5.5549,-3.4611,1.994,smith_qr_full
29.5,Pioneer_01,2.5939,0.7825,0.5996,smith_qr_full
29.5,Pioneer_02,2.4909,1.6542,0.6618,smith_qr_full
29.5,Pioneer_03,2.3276,2.201,0.7305,smith_qr_full
29.5,Pioneer_04,2.3604,2.3103,0.8059,smith_qr_full
29.5,Pioneer_05,2.353,2.078,0.8882,smith_qr_full
29.5,Pioneer_06,2.3163,1.5532,0.9771,smith_qr_full
29.5,Pioneer_07,2.4901,1.1268,1.0717,smith_qr_full
29.5,Pioneer_08,2.4202,-2.1325,1.1021,smith_qr_full
29.5,Pioneer_09,2.6296,-1.5475,1.2253,smith_qr_full
29.5,Pioneer_10,2.914,-0.6332,1.3511,smith_qr_full
29.5,Pioneer_11,3.3076,0.213,1.4757,smith_qr_full
29.5,Pioneer_12,3.7757,0.7246,1.5953,smith_qr_full
29.5,Pioneer_13,4.3324,0.66,1.7071,smith_qr_full
29.5,Pioneer_14,4.9675,0.2022,1.8094,smith_qr_full
29.5,Pioneer_15,5.3763,-3.3211,1.994,smith_qr_full
30.0,Pioneer_01,2.8899,0.9568,0.5996,smith_qr_full
30.0,Pioneer_02,2.7059,1.8205,0.6618,smith_qr_full
30.0,Pioneer_03,2.593,2.3735,0.7305,smith_qr_full
30.0,Pioneer_04,2.5214,2.4919,0.8059,smith_qr_full
30.0,Pioneer_05,2.54,2.2164,0.8882,smith_qr_full
30.0,Pioneer_06,2.5875,1.7249,0.9771,smith_qr_full
30.0,Pioneer_07,2.6344,1.3334,1.0717,smith_qr_full
30.0,Pioneer_08,2.5363,-1.8855,1.1021,smith_qr_full
30.0,Pioneer_09,2.6941,-1.3205,1.2253,smith_qr_full
30.0,Pioneer_10,3.0073,-0.4892,1.3511,smith_qr_full
30.0,Pioneer_11,3.3658,0.4055,1.4757,smith_qr_full
30.0,Pioneer_12,3.7643,0.9023,1.5953,smith_qr_full
30.0,Pioneer_13,4.2851,0.84,1.7071,smith_qr_full
30.0,Pioneer_14,4.8627,0.3532,1.8094,smith_qr_full
30.0,Pioneer_15,5.3449,-3.1047,1.994,smith_qr_full
30.5,Pioneer_01,3.1347,1.0767,0.5996,smith_qr_full
30.5,Pioneer_02,2.9426,1.9373,0.6618,smith_qr_full
30.5,Pioneer_03,2.789,2.5736,0.7305,smith_qr_full
30.5,Pioneer_04,2.6865,2.7358,0.8059,smith_qr_full
30.5,Pioneer_05,2.6553,2.4047,0.8882,smith_qr_full
30.5,Pioneer_06,2.6615,1.9168,0.9771,smith_qr_full
30.5,Pioneer_07,2.7146,1.5593,1.0717,smith_qr_full
30.5,Pioneer_08,2.602,-1.7059,1.1021,smith_qr_full
30.5,Pioneer_09,2.7793,-1.1384,1.2253,smith_qr_full
30.5,Pioneer_10,3.0288,-0.2087,1.3511,smith_qr_full
30.5,Pioneer_11,3.3909,0.6236,1.4757,smith_qr_full
30.5,Pioneer_12,3.7181,1.1326,1.5953,smith_qr_full
30.5,Pioneer_13,4.2201,1.0912,1.7071,smith_qr_full
30.5,Pioneer_14,4.8524,0.7077,1.8094,smith_qr_full
30.5,Pioneer_15,5.1904,-2.9661,1.994,smith_qr_full
31.0,Pioneer_01,3.3315,1.2894,0.5996,smith_qr_full
31.0,Pioneer_02,3.1444,2.1409,0.6618,smith_qr_full
31.0,Pioneer_03,3.0131,2.7491,0.7305,smith_qr_full
31.0,Pioneer_04,2.9395,2.9121,0.8059,smith_qr_full
31.0,Pioneer_05,2.8719,2.5912,0.8882,smith_qr_full
31.0,Pioneer_06,2.8754,2.1399,0.9771,smith_qr_full
31.0,Pioneer_07,2.9438,1.7701,1.0717,smith_qr_full
31.0,Pioneer_08,2.6681,-1.5222,1.1021,smith_qr_full
31.0,Pioneer_09,2.894,-0.9608,1.2253,smith_qr_full
31.0,Pioneer_10,3.1373,-0.0702,1.3511,smith_qr_full
31.0,Pioneer_11,3.4123,0.7699,1.4757,smith_qr_full
31.0,Pioneer_12,3.8141,1.3609,1.5953,smith_qr_full
31.0,Pioneer_13,4.2198,1.2837,1.7071,smith_qr_full
31.0,Pioneer_14,4.7597,0.8765,1.8094,smith_qr_full
31.0,Pioneer_15,5.1265,-2.7885,1.994,smith_qr_full
31.5,Pioneer_01,3.5383,1.4078,0.5996,smith_qr_full
31.5,Pioneer_02,3.3635,2.2931,0.6618,smith_qr_full
31.5,Pioneer_03,3.1815,2.9042,0.7305,smith_qr_full
31.5,Pioneer_04,3.0717,3.019,0.8059,smith_qr_full
31.5,Pioneer_05,3.0619,2.7825,0.8882,smith_qr_full
31.5,Pioneer_06,3.0169,2.3398,0.9771,smith_qr_full
31.5,Pioneer_07,3.0426,2.0102,1.0717,smith_qr_full
31.5,Pioneer_08,2.8358,-1.3015,1.1021,smith_qr_full
31.5,Pioneer_09,2.9833,-0.7228,1.2253,smith_qr_full
31.5,Pioneer_10,3.1818,0.1566,1.3511,smith_qr_full
31.5,Pioneer_11,3.443,0.9975,1.4757,smith_qr_full
31.5,Pioneer_12,3.8066,1.5514,1.5953,smith_qr_full
31.5,Pioneer_13,4.2311,1.5402,1.7071,smith_qr_full
31.5,Pioneer_14,4.6572,1.1171,1.8094,smith_qr_full
31.5,Pioneer_15,5.0289,-2.5799,1.994,smith_qr_full
32.0,Pioneer_01,3.7936,1.6456,0.5996,smith_qr_full
32.0,Pioneer_02,3.6201,2.4475,0.6618,smith_qr_full
32.0,Pioneer_03,3.3784,3.0554,0.7305,smith_qr_full
32.0,Pioneer_04,3.3115,3.2064,0.8059,smith_qr_full
32.0,Pioneer_05,3.2404,3.0114,0.8882,smith_qr_full
32.0,Pioneer_06,3.1544,2.5177,0.9771,smith_qr_full
32.0,Pioneer_07,3.1843,2.1878,1.0717,smith_qr_full
32.0,Pioneer_08,2.9653,-1.1264,1.1021,smith_qr_full
32.0,Pioneer_09,3.077,-0.5448,1.2253,smith_qr_full
32.0,Pioneer_10,3.2613,0.2624,1.3511,smith_qr_full
32.0,Pioneer_11,3.5303,1.1919,1.4757,smith_qr_full
32.0,Pioneer_12,3.8398,1.7182,1.5953,smith_qr_full
32.0,Pioneer_13,4.1985,1.764,1.7071,smith_qr_full
32.0,Pioneer_14,4.6543,1.3034,1.8094,smith_qr_full
32.0,Pioneer_15,4.9244,-2.3897,1.994,smith_qr_full
32.5,Pioneer_01,4.0757,1.8243,0.5996,smith_qr_full
32.5,Pioneer_02,3.8582,2.6258,0.6618,smith_qr_full
32.5,Pioneer_03,3.6607,3.1489,0.7305,smith_qr_full
32.5,Pioneer_04,3.4732,3.353,0.8059,smith_qr_full
32.5,Pioneer_05,3.3784,3.171,0.8882,smith_qr_full
32.5,Pioneer_06,3.378,2.7382,0.9771,smith_qr_full
32.5,Pioneer_07,3.3709,2.4657,1.0717,smith_qr_full
32.5,Pioneer_08,3.1134,-0.9297,1.1021,smith_qr_full
32.5,Pioneer_09,3.1766,-0.3659,1.2253,smith_qr_full
32.5,Pioneer_10,3.3069,0.5157,1.3511,smith_qr_full
32.5,Pioneer_11,3.5448,1.369,1.4757,smith_qr_full
32.5,Pioneer_12,3.8148,1.8906,1.5953,smith_qr_full
32.5,Pioneer_13,4.1936,1.9445,1.7071,smith_qr_full
32.5,Pioneer_14,4.6424,1.5097,1.8094,smith_qr_full
32.5,Pioneer_15,4.8684,-2.213,1.994,smith_qr_full
33.0,Pioneer_01,4.1973,1.9885,0.5996,smith_qr_full
33.0,Pioneer_02,3.9849,2.7599,0.6618,smith_qr_full
33.0,Pioneer_03,3.8322,3.3423,0.7305,smith_qr_full
33.0,Pioneer_04,3.6861,3.5629,0.8059,smith_qr_full
33.0,Pioneer_05,3.586,3.3869,0.8882,smith_qr_full
33.0,Pioneer_06,3.4968,2.9483,0.9771,smith_qr_full
33.0,Pioneer_07,3.4418,2.7212,1.0717,smith_qr_full
33.0,Pioneer_08,3.2151,-0.7412,1.1021,smith_qr_full
33.0,Pioneer_09,3.2765,-0.1504,1.2253,smith_qr_full
33.0,Pioneer_10,3.4899,0.6769,1.3511,smith_qr_full
33.0,Pioneer_11,3.6549,1.5921,1.4757,smith_qr_full
33.0,Pioneer_12,3.875,2.138,1.5953,smith_qr_full
33.0,Pioneer_13,4.2341,2.1672,1.7071,smith_qr_full
33.0,Pioneer_14,4.5941,1.7421,1.8094,smith_qr_full
33.0,Pioneer_15,4.8404,-2.0135,1.994,smith_qr_full
33.5,Pioneer_01,4.4906,2.1265,0.5996,smith_qr_full
33.5,Pioneer_02,4.2148,2.9395,0.6618,smith_qr_full
33.5,Pioneer_03,4.0671,3.5349,0.7305,smith_qr_full
33.5,Pioneer_04,3.8829,3.7005,0.8059,smith_qr_full
33.5,Pioneer_05,3.7767,3.5185,0.8882,smith_qr_full
33.5,Pioneer_06,3.7456,3.1584,0.9771,smith_qr_full
33.5,Pioneer_07,3.6591,2.8577,1.0717,smith_qr_full
33.5,Pioneer_08,3.2586,-0.5417,1.1021,smith_qr_full
33.5,Pioneer_09,3.4046,0.0333,1.2253,smith_qr_full
33.5,Pioneer_10,3.5058,0.9337,1.3511,smith_qr_full
33.5,Pioneer_11,3.7091,1.7578,1.4757,smith_qr_full
33.5,Pioneer_12,3.9226,2.3237,1.5953,smith_qr_full
33.5,Pioneer_13,4.2097,2.3581,1.7071,smith_qr_full
33.5,Pioneer_14,4.6107,1.9654,1.8094,smith_qr_full
33.5,Pioneer_15,4.7726,-1.8153,1.994,smith_qr_full
34.0,Pioneer_01,4.6322,2.3039,0.5996,smith_qr_full
34.0,Pioneer_02,4.4793,3.0653,0.6618,smith_qr_full
34.0,Pioneer_03,4.2856,3.6412,0.7305,smith_qr_full
34.0,Pioneer_04,4.0859,3.8448,0.8059,smith_qr_full
34.0,Pioneer_05,3.9807,3.6909,0.8882,smith_qr_full
34.0,Pioneer_06,3.8345,3.3841,0.9771,smith_qr_full
34.0,Pioneer_07,3.7545,3.0646,1.0717,smith_qr_full
34.0,Pioneer_08,3.4799,-0.3971,1.1021,smith_qr_full
34.0,Pioneer_09,3.4968,0.2183,1.2253,smith_qr_full
34.0,Pioneer_10,3.6339,1.0761,1.3511,smith_qr_full
34.0,Pioneer_11,3.7267,1.9051,1.4757,smith_qr_full
34.0,Pioneer_12,3.9792,2.4791,1.5953,smith_qr_full
34.0,Pioneer_13,4.2379,2.5695,1.7071,smith_qr_full
34.0,Pioneer_14,4.5572,2.1395,1.8094,smith_qr_full
34.0,Pioneer_15,4.7453,-1.6382,1.994,smith_qr_full
34.5,Pioneer_01,4.9006,2.5239,0.5996,smith_qr_full
34.5,Pioneer_02,4.7101,3.221,0.6618,smith_qr_full
34.5,Pioneer_03,4.4711,3.808,0.7305,smith_qr_full
34.5,Pioneer_04,4.3129,4.0455,0.8059,smith_qr_full
34.5,Pioneer_05,4.1413,3.9063,0.8882,smith_qr_full
34.5,Pioneer_06,3.9957,3.6196,0.9771,smith_qr_full
34.5,Pioneer_07,3.9312,3.3146,1.0717,smith_qr_full
34.5,Pioneer_08,3.6342,-0.2462,1.1021,smith_qr_full
34.5,Pioneer_09,3.6373,0.3609,1.2253,smith_qr_full
34.5,Pioneer_10,3.6626,1.2851,1.3511,smith_qr_full
34.5,Pioneer_11,3.8306,2.1034,1.4757,smith_qr_full
34.5,Pioneer_12,3.9839,2.6804,1.5953,smith_qr_full
34.5,Pioneer_13,4.2583,2.7718,1.7071,smith_qr_full
34.5,Pioneer_14,4.5248,2.3868,1.8094,smith_qr_full
34.5,Pioneer_15,4.6468,-1.4302,1.994,smith_qr_full
35.0,Pioneer_01,5.1323,2.7038,0.5996,smith_qr_full
35.0,Pioneer_02,4.9035,3.3956,0.6618,smith_qr_full
35.0,Pioneer_03,4.6791,3.9214,0.7305,smith_qr_full
35.0,Pioneer_04,4.4598,4.1222,0.8059,smith_qr_full
35.0,Pioneer_05,4.2774,4.0765,0.8882,smith_qr_full
35.0,Pioneer_06,4.1807,3.7729,0.9771,smith_qr_full
35.0,Pioneer_07,4.049,3.543,1.0717,smith_qr_full
35.0,Pioneer_08,3.7505,0.0006,1.1021,smith_qr_full
35.0,Pioneer_09,3.7099,0.6123,1.2253,smith_qr_full
35.0,Pioneer_10,3.7448,1.4541,1.3511,smith_qr_full
35.0,Pioneer_11,3.9158,2.2855,1.4757,smith_qr_full
35.0,Pioneer_12,4.0392,2.8654,1.5953,smith_qr_full
35.0,Pioneer_13,4.2681,2.9604,1.7071,smith_qr_full
35.0,Pioneer_14,4.5856,2.5556,1.8094,smith_qr_full
35.0,Pioneer_15,4.5703,-1.262,1.994,smith_qr_full
35.5,Pioneer_01,5.3591,2.8371,0.5996,smith_qr_full
35.5,Pioneer_02,5.1366,3.5391,0.6618,smith_qr_full
35.5,Pioneer_03,4.8706,4.0961,0.7305,smith_qr_full
35.5,Pioneer_04,4.7046,4.3413,0.8059,smith_qr_full
35.5,Pioneer_05,4.4706,4.2717,0.8882,smith_qr_full
35.5,Pioneer_06,4.3847,3.9802,0.9771,smith_qr_full
35.5,Pioneer_07,4.2521,3.7609,1.0717,smith_qr_full
35.5,Pioneer_08,3.8879,0.2395,1.1021,smith_qr_full
35.5,Pioneer_09,3.8781,0.7965,1.2253,smith_qr_full
35.5,Pioneer_10,3.8965,1.6219,1.3511,smith_qr_full
35.5,Pioneer_11,3.9815,2.5188,1.4757,smith_qr_full
35.5,Pioneer_12,4.1057,3.0135,1.5953,smith_qr_full
35.5,Pioneer_13,4.3195,3.1446,1.7071,smith_qr_full
35.5,Pioneer_14,4.5674,2.756,1.8094,smith_qr_full
35.5,Pioneer_15,4.6008,-1.0553,1.994,smith_qr_full
36.0,Pioneer_01,5.5958,2.991,0.5996,smith_qr_full
36.0,Pioneer_02,5.3431,3.7023,0.6618,smith_qr_full
36.0,Pioneer_03,5.1379,4.2113,0.7305,smith_qr_full
36.0,Pioneer_04,4.8397,4.5112,0.8059,smith_qr_full
36.0,Pioneer_05,4.6947,4.3937,0.8882,smith_qr_full
36.0,Pioneer_06,4.5527,4.1405,0.9771,smith_qr_full
36.0,Pioneer_07,4.4115,3.9882,1.0717,smith_qr_full
36.0,Pioneer_08,4.0114,0.4923,1.1021,smith_qr_full
36.0,Pioneer_09,3.9576,0.9951,1.2253,smith_qr_full
36.0,Pioneer_10,4.0026,1.8487,1.3511,smith_qr_full
36.0,Pioneer_11,4.0458,2.6631,1.4757,smith_qr_full
36.0,Pioneer_12,4.1578,3.2504,1.5953,smith_qr_full
36.0,Pioneer_13,4.3013,3.3044,1.7071,smith_qr_full
36.0,Pioneer_14,4.5742,2.949,1.8094,smith_qr_full
36.0,Pioneer_15,4.5754,-0.8817,1.994,smith_qr_full
36.5,Pioneer_01,5.7872,3.1834,0.5996,smith_qr_full
36.5,Pioneer_02,5.5306,3.8354,0.6618,smith_qr_full
36.5,Pioneer_03,5.2738,4.3387,0.7305,smith_qr_full
36.5,Pioneer_04,5.0602,4.625,0.8059,smith_qr_full
36.5,Pioneer_05,4.8447,4.6125,0.8882,smith_qr_full
36.5,Pioneer_06,4.705,4.4018,0.9771,smith_qr_full
36.5,Pioneer_07,4.595,4.1766,1.0717,smith_qr_full
36.5,Pioneer_08,4.0981,0.6833,1.1021,smith_qr_full
36.5,Pioneer_09,4.1399,1.1822,1.2253,smith_qr_full
36.5,Pioneer_10,4.0773,1.9919,1.3511,smith_qr_full
36.5,Pioneer_11,4.16,2.8154,1.4757,smith_qr_full
36.5,Pioneer_12,4.195,3.3683,1.5953,smith_qr_full
36.5,Pioneer_13,4.4171,3.4979,1.7071,smith_qr_full
36.5,Pioneer_14,4.5312,3.1321,1.8094,smith_qr_full
36.5,Pioneer_15,4.5092,-0.718,1.994,smith_qr_full
37.0,Pioneer_01,6.0248,3.251,0.5996,smith_qr_full
37.0,Pioneer_02,5.7443,3.9862,0.6618,smith_qr_full
37.0,Pioneer_03,5.4788,4.4764,0.7305,smith_qr_full
37.0,Pioneer_04,5.2302,4.7842,0.8059,smith_qr_full
37.0,Pioneer_05,5.0943,4.7407,0.8882,smith_qr_full
37.0,Pioneer_06,4.8632,4.5199,0.9771,smith_qr_full
37.0,Pioneer_07,4.6978,4.4418,1.0717,smith_qr_full
37.0,Pioneer_08,4.2957,0.8567,1.1021,smith_qr_full
37.0,Pioneer_09,4.2167,1.3066,1.2253,smith_qr_full
37.0,Pioneer_10,4.2506,2.1408,1.3511,smith_qr_full
37.0,Pioneer_11,4.2658,3.0136,1.4757,smith_qr_full
37.0,Pioneer_12,4.2523,3.5885,1.5953,smith_qr_full
37.0,Pioneer_13,4.3895,3.6669,1.7071,smith_qr_full
37.0,Pioneer_14,4.5749,3.3753,1.8094,smith_qr_full
37.0,Pioneer_15,4.5467,-0.4811,1.994,smith_qr_full
37.5,Pioneer_01,6.1957,3.4987,0.5996,smith_qr_full
37.5,Pioneer_02,5.9386,4.1492,0.6618,smith_qr_full
37.5,Pioneer_03,5.644,4.6156,0.7305,smith_qr_full
37.5,Pioneer_04,5.3999,4.963,0.8059,smith_qr_full
37.5,Pioneer_05,5.2772,4.9549,0.8882,smith_qr_full
37.5,Pioneer_06,5.0073,4.7477,0.9771,smith_qr_full
37.5,Pioneer_07,4.9079,4.6043,1.0717,smith_qr_full
37.5,Pioneer_08,4.4328,1.0226,1.1021,smith_qr_full
37.5,Pioneer_09,4.3669,1.5877,1.2253,smith_qr_full
37.5,Pioneer_10,4.3214,2.356,1.3511,smith_qr_full
37.5,Pioneer_11,4.3069,3.1746,1.4757,smith_qr_full
37.5,Pioneer_12,4.388,3.7378,1.5953,smith_qr_full
37.5,Pioneer_13,4.4892,3.8582,1.7071,smith_qr_full
37.5,Pioneer_14,4.6185,3.5827,1.8094,smith_qr_full
37.5,Pioneer_15,4.5826,-0.3583,1.994,smith_qr_full
38.0,Pioneer_01,6.4129,3.589,0.5996,smith_qr_full
38.0,Pioneer_02,6.1556,4.2273,0.6618,smith_qr_full
38.0,Pioneer_03,5.8634,4.7731,0.7305,smith_qr_full
38.0,Pioneer_04,5.6043,5.0475,0.8059,smith_qr_full
38.0,Pioneer_05,5.4498,5.0582,0.8882,smith_qr_full
38.0,Pioneer_06,5.2266,4.9091,0.9771,smith_qr_full
38.0,Pioneer_07,5.0667,4.8189,1.0717,smith_qr_full
38.0,Pioneer_08,4.5963,1.2366,1.1021,smith_qr_full
38.0,Pioneer_09,4.5349,1.7681,1.2253,smith_qr_full
38.0,Pioneer_10,4.4665,2.5523,1.3511,smith_qr_full
38.0,Pioneer_11,4.3781,3.344,1.4757,smith_qr_full
38.0,Pioneer_12,4.4706,3.9249,1.5953,smith_qr_full
38.0,Pioneer_13,4.5879,4.0928,1.7071,smith_qr_full
38.0,Pioneer_14,4.6613,3.8188,1.8094,smith_qr_full
38.0,Pioneer_15,4.5685,-0.1836,1.994,smith_qr_full
38.5,Pioneer_01,6.6407,3.8085,0.5996,smith_qr_full
38.5,Pioneer_02,6.3409,4.3648,0.6618,smith_qr_full
38.5,Pioneer_03,6.1061,4.8614,0.7305,smith_qr_full
38.5,Pioneer_04,5.8316,5.2104,0.8059,smith_qr_full
38.5,Pioneer_05,5.5789,5.2409,0.8882,smith_qr_full
38.5,Pioneer_06,5.376,5.1074,0.9771,smith_qr_full
38.5,Pioneer_07,5.1993,5.0141,1.0717,smith_qr_full
38.5,Pioneer_08,4.728,1.4134,1.1021,smith_qr_full
38.5,Pioneer_09,4.6576,1.9696,1.2253,smith_qr_full
38.5,Pioneer_10,4.5234,2.6549,1.3511,smith_qr_full
38.5,Pioneer_11,4.4848,3.5194,1.4757,smith_qr_full
38.5,Pioneer_12,4.5292,4.0725,1.5953,smith_qr_full
38.5,Pioneer_13,4.5933,4.2623,1.7071,smith_qr_full
38.5,Pioneer_14,4.7014,3.9983,1.8094,smith_qr_full
38.5,Pioneer_15,4.5705,0.0359,1.994,smith_qr_full
39.0,Pioneer_01,6.8396,3.9937,0.5996,smith_qr_full
39.0,Pioneer_02,6.5528,4.4966,0.6618,smith_qr_full
39.0,Pioneer_03,6.2483,5.0339,0.7305,smith_qr_full
39.0,Pioneer_04,6.034,5.3091,0.8059,smith_qr_full
39.0,Pioneer_05,5.7754,5.3924,0.8882,smith_qr_full
39.0,Pioneer_06,5.5819,5.3092,0.9771,smith_qr_full
39.0,Pioneer_07,5.3956,5.2178,1.0717,smith_qr_full
39.0,Pioneer_08,4.8928,1.632,1.1021,smith_qr_full
39.0,Pioneer_09,4.7453,2.1521,1.2253,smith_qr_full
39.0,Pioneer_10,4.6751,2.8503,1.3511,smith_qr_full
39.0,Pioneer_11,4.6133,3.6914,1.4757,smith_qr_full
39.0,Pioneer_12,4.629,4.2199,1.5953,smith_qr_full
39.0,Pioneer_13,4.6282,4.3758,1.7071,smith_qr_full
39.0,Pioneer_14,4.7348,4.1479,1.8094,smith_qr_full
39.0,Pioneer_15,4.5294,0.2521,1.994,smith_qr_full
39.5,Pioneer_01,7.0248,4.155,0.5996,smith_qr_full
39.5,Pioneer_02,6.7753,4.6371,0.6618,smith_qr_full
39.5,Pioneer_03,6.5016,5.128,0.7305,smith_qr_full
39.5,Pioneer_04,6.2202,5.455,0.8059,smith_qr_full
39.5,Pioneer_05,5.9316,5.5635,0.8882,smith_qr_full
39.5,Pioneer_06,5.7012,5.5175,0.9771,smith_qr_full
39.5,Pioneer_07,5.5253,5.4721,1.0717,smith_qr_full
39.5,Pioneer_08,5.0775,1.8271,1.1021,smith_qr_full
39.5,Pioneer_09,4.904,2.3158,1.2253,smith_qr_full
39.5,Pioneer_10,4.798,3.0713,1.3511,smith_qr_full
39.5,Pioneer_11,4.6836,3.8196,1.4757,smith_qr_full
39.5,Pioneer_12,4.7041,4.3988,1.5953,smith_qr_full
39.5,Pioneer_13,4.7541,4.5866,1.7071,smith_qr_full
39.5,Pioneer_14,4.8134,4.3618,1.8094,smith_qr_full
39.5,Pioneer_15,4.6204,0.3873,1.994,smith_qr_full
40.0,Pioneer_01,7.2056,4.2657,0.5996,smith_qr_full
40.0,Pioneer_02,6.9304,4.7841,0.6618,smith_qr_full
40.0,Pioneer_03,6.6607,5.2568,0.7305,smith_qr_full
40.0,Pioneer_04,6.3896,5.5845,0.8059,smith_qr_full
40.0,Pioneer_05,6.1097,5.7148,0.8882,smith_qr_full
40.0,Pioneer_06,5.952,5.7049,0.9771,smith_qr_full
40.0,Pioneer_07,5.7216,5.6637,1.0717,smith_qr_full
40.0,Pioneer_08,5.2483,2.0035,1.1021,smith_qr_full
40.0,Pioneer_09,5.0273,2.5314,1.2253,smith_qr_full
40.0,Pioneer_10,4.9557,3.2124,1.3511,smith_qr_full
40.0,Pioneer_11,4.7883,3.9939,1.4757,smith_qr_full
40.0,Pioneer_12,4.7639,4.5798,1.5953,smith_qr_full
40.0,Pioneer_13,4.8078,4.7868,1.7071,smith_qr_full
40.0,Pioneer_14,4.8857,4.539,1.8094,smith_qr_full
40.0,Pioneer_15,4.6362,0.553,1.994,smith_qr_full
40.5,Pioneer_01,7.4586,4.4783,0.5996,smith_qr_full
40.5,Pioneer_02,7.1174,4.9537,0.6618,smith_qr_full
40.5,Pioneer_03,6.8707,5.3851,0.7305,smith_qr_full
40.5,Pioneer_04,6.6065,5.6577,0.8059,smith_qr_full
40.5,Pioneer_05,6.3287,5.8955,0.8882,smith_qr_full
40.5,Pioneer_06,6.11,5.9332,0.9771,smith_qr_full
40.5,Pioneer_07,5.9139,5.8798,1.0717,smith_qr_full
40.5,Pioneer_08,5.3795,2.2073,1.1021,smith_qr_full
40.5,Pioneer_09,5.1985,2.6989,1.2253,smith_qr_full
40.5,Pioneer_10,5.0638,3.4272,1.3511,smith_qr_full
40.5,Pioneer_11,4.9286,4.1949,1.4757,smith_qr_full
40.5,Pioneer_12,4.9133,4.7113,1.5953,smith_qr_full
40.5,Pioneer_13,4.8861,4.8844,1.7071,smith_qr_full
40.5,Pioneer_14,4.901,4.7288,1.8094,smith_qr_full
40.5,Pioneer_15,4.6775,0.7669,1.994,smith_qr_full
41.0,Pioneer_01,7.5862,4.6047,0.5996,smith_qr_full
41.0,Pioneer_02,7.3728,5.0668,0.6618,smith_qr_full
41.0,Pioneer_03,7.0753,5.5294,0.7305,smith_qr_full
41.0,Pioneer_04,6.7877,5.8805,0.8059,smith_qr_full
41.0,Pioneer_05,6.5511,6.0539,0.8882,smith_qr_full
41.0,Pioneer_06,6.2709,6.0811,0.9771,smith_qr_full
41.0,Pioneer_07,6.1227,6.1245,1.0717,smith_qr_full
41.0,Pioneer_08,5.5068,2.4864,1.1021,smith_qr_full
41.0,Pioneer_09,5.3325,2.887,1.2253,smith_qr_full
41.0,Pioneer_10,5.2065,3.6075,1.3511,smith_qr_full
41.0,Pioneer_11,5.0877,4.3315,1.4757,smith_qr_full
41.0,Pioneer_12,5.001,4.8259,1.5953,smith_qr_full
41.0,Pioneer_13,4.9418,5.0906,1.7071,smith_qr_full
41.0,Pioneer_14,4.9918,4.8628,1.8094,smith_qr_full
41.0,Pioneer_15,4.6992,0.9766,1.994,smith_qr_full
41.5,Pioneer_01,7.8158,4.7778,0.5996,smith_qr_full
41.5,Pioneer_02,7.5256,5.1697,0.6618,smith_qr_full
41.5,Pioneer_03,7.2908,5.6165,0.7305,smith_qr_full
41.5,Pioneer_04,6.9799,5.9568,0.8059,smith_qr_full
41.5,Pioneer_05,6.7599,6.1497,0.8882,smith_qr_full
41.5,Pioneer_06,6.4523,6.2213,0.9771,smith_qr_full
41.5,Pioneer_07,6.2975,6.2742,1.0717,smith_qr_full
41.5,Pioneer_08,5.6839,2.6982,1.1021,smith_qr_full
41.5,Pioneer_09,5.4718,3.0935,1.2253,smith_qr_full
41.5,Pioneer_10,5.3456,3.721,1.3511,smith_qr_full
41.5,Pioneer_11,5.2023,4.4787,1.4757,smith_qr_full
41.5,Pioneer_12,5.0695,4.9921,1.5953,smith_qr_full
41.5,Pioneer_13,5.0604,5.2724,1.7071,smith_qr_full
41.5,Pioneer_14,5.0608,5.0995,1.8094,smith_qr_full
41.5,Pioneer_15,4.7432,1.1249,1.994,smith_qr_full
42.0,Pioneer_01,7.9865,4.9464,0.5996,smith_qr_full
42.0,Pioneer_02,7.7089,5.2813,0.6618,smith_qr_full
42.0,Pioneer_03,7.4348,5.6961,0.7305,smith_qr_full
42.0,Pioneer_04,7.185,6.1023,0.8059,smith_qr_full
42.0,Pioneer_05,6.9312,6.3295,0.8882,smith_qr_full
42.0,Pioneer_06,6.6582,6.442,0.9771,smith_qr_full
42.0,Pioneer_07,6.4186,6.5027,1.0717,smith_qr_full
42.0,Pioneer_08,5.8255,2.8332,1.1021,smith_qr_full
42.0,Pioneer_09,5.6704,3.2522,1.2253,smith_qr_full
42.0,Pioneer_10,5.516,3.9305,1.3511,smith_qr_full
42.0,Pioneer_11,5.3515,4.6153,1.4757,smith_qr_full
42.0,Pioneer_12,5.221,5.1885,1.5953,smith_qr_full
42.0,Pioneer_13,5.1731,5.3979,1.7071,smith_qr_full
42.0,Pioneer_14,5.0825,5.2742,1.8094,smith_qr_full
42.0,Pioneer_15,4.8424,1.3353,1.994,smith_qr_full
42.5,Pioneer_01,7.994,4.8762,0.5996,smith_qr_full
42.5,Pioneer_02,7.9518,5.4417,0.6618,smith_qr_full
42.5,Pioneer_03,7.6146,5.8708,0.7305,smith_qr_full
42.5,Pioneer_04,7.352,6.1844,0.8059,smith_qr_full
42.5,Pioneer_05,7.0724,6.4879,0.8882,smith_qr_full
42.5,Pioneer_06,6.7916,6.6534,0.9771,smith_qr_full
42.5,Pioneer_07,6.5905,6.7241,1.0717,smith_qr_full
42.5,Pioneer_08,6.0435,3.0576,1.1021,smith_qr_full
42.5,Pioneer_09,5.7959,3.4842,1.2253,smith_qr_full
42.5,Pioneer_10,5.6172,4.0688,1.3511,smith_qr_full
42.5,Pioneer_11,5.4408,4.7435,1.4757,smith_qr_full
42.5,Pioneer_12,5.3316,5.3134,1.5953,smith_qr_full
42.5,Pioneer_13,5.2621,5.5551,1.7071,smith_qr_full
42.5,Pioneer_14,5.2086,5.4697,1.8094,smith_qr_full
42.5,Pioneer_15,4.8866,1.5102,1.994,smith_qr_full
43.0,Pioneer_01,7.9456,4.9,0.5996,smith_qr_full
43.0,Pioneer_02,8.0135,5.4755,0.6618,smith_qr_full
43.0,Pioneer_03,7.8332,5.9525,0.7305,smith_qr_full
43.0,Pioneer_04,7.5228,6.3383,0.8059,smith_qr_full
43.0,Pioneer_05,7.2764,6.624,0.8882,smith_qr_full
43.0,Pioneer_06,7.0006,6.7527,0.9771,smith_qr_full
43.0,Pioneer_07,6.7524,6.9294,1.0717,smith_qr_full
43.0,Pioneer_08,6.1336,3.2458,1.1021,smith_qr_full
43.0,Pioneer_09,5.9848,3.6537,1.2253,smith_qr_full
43.0,Pioneer_10,5.7663,4.2456,1.3511,smith_qr_full
43.0,Pioneer_11,5.6124,4.8998,1.4757,smith_qr_full
43.0,Pioneer_12,5.4729,5.4593,1.5953,smith_qr_full
43.0,Pioneer_13,5.3727,5.7007,1.7071,smith_qr_full
43.0,Pioneer_14,5.3338,5.6039,1.8094,smith_qr_full
43.0,Pioneer_15,4.9191,1.6894,1.994,smith_qr_full
43.5,Pioneer_01,8.0076,4.9111,0.5996,smith_qr_full
43.5,Pioneer_02,8.0282,5.5015,0.6618,smith_qr_full
43.5,Pioneer_03,8.0155,6.0464,0.7305,smith_qr_full
43.5,Pioneer_04,7.7908,6.4662,0.8059,smith_qr_full
43.5,Pioneer_05,7.4248,6.7519,0.8882,smith_qr_full
43.5,Pioneer_06,7.2129,6.9689,0.9771,smith_qr_full
43.5,Pioneer_07,6.9558,7.1988,1.0717,smith_qr_full
43.5,Pioneer_08,6.3489,3.4601,1.1021,smith_qr_full
43.5,Pioneer_09,6.1251,3.8491,1.2253,smith_qr_full
43.5,Pioneer_10,5.9185,4.4477,1.3511,smith_qr_full
43.5,Pioneer_11,5.7387,5.0868,1.4757,smith_qr_full
43.5,Pioneer_12,5.5949,5.5844,1.5953,smith_qr_full
43.5,Pioneer_13,5.459,5.8501,1.7071,smith_qr_full
43.5,Pioneer_14,5.4096,5.8324,1.8094,smith_qr_full
43.5,Pioneer_15,5.0176,1.841,1.994,smith_qr_full
44.0,Pioneer_01,8.043,4.9209,0.5996,smith_qr_full
44.0,Pioneer_02,8.0157,5.4505,0.6618,smith_qr_full
44.0,Pioneer_03,8.0371,6.032,0.7305,smith_qr_full
44.0,Pioneer_04,7.9116,6.5424,0.8059,smith_qr_full
44.0,Pioneer_05,7.6704,6.8899,0.8882,smith_qr_full
44.0,Pioneer_06,7.4531,7.1856,0.9771,smith_qr_full
44.0,Pioneer_07,7.121,7.3655,1.0717,smith_qr_full
44.0,Pioneer_08,6.5176,3.6684,1.1021,smith_qr_full
44.0,Pioneer_09,6.3048,4.0588,1.2253,smith_qr_full
44.0,Pioneer_10,6.0982,4.6077,1.3511,smith_qr_full
44.0,Pioneer_11,5.8982,5.1967,1.4757,smith_qr_full
44.0,Pioneer_12,5.719,5.7395,1.5953,smith_qr_full
44.0,Pioneer_13,5.5975,6.0253,1.7071,smith_qr_full
44.0,Pioneer_14,5.4987,5.9685,1.8094,smith_qr_full
44.0,Pioneer_15,5.1093,2.0218,1.994,smith_qr_full
44.5,Pioneer_01,7.9986,4.9023,0.5996,smith_qr_full
44.5,Pioneer_02,8.0222,5.5149,0.6618,smith_qr_full
44.5,Pioneer_03,7.9906,6.0319,0.7305,smith_qr_full
44.5,Pioneer_04,8.0196,6.6305,0.8059,smith_qr_full
44.5,Pioneer_05,7.8779,7.0604,0.8882,smith_qr_full
44.5,Pioneer_06,7.574,7.3868,0.9771,smith_qr_full
44.5,Pioneer_07,7.3783,7.4974,1.0717,smith_qr_full
44.5,Pioneer_08,6.7224,3.8743,1.1021,smith_qr_full
44.5,Pioneer_09,6.4583,4.1817,1.2253,smith_qr_full
44.5,Pioneer_10,6.234,4.7432,1.3511,smith_qr_full
44.5,Pioneer_11,6.047,5.3467,1.4757,smith_qr_full
44.5,Pioneer_12,5.8722,5.8384,1.5953,smith_qr_full
44.5,Pioneer_13,5.7063,6.1597,1.7071,smith_qr_full
44.5,Pioneer_14,5.6022,6.114,1.8094,smith_qr_full
44.5,Pioneer_15,5.1406,2.2035,1.994,smith_qr_full
