step,time_s,x_m,y_m,theta_rad,theta_deg,vx_m_s,vy_m_s,omega_rad_s,desired_fx_n,desired_fy_n,desired_tau_nm,achieved_fx_n,achieved_fy_n,achieved_tau_nm,residual_norm,hamiltonian,kinetic_energy,potential_energy,lambda_sum_n,lambda_max_n,payoff_sum
0,0.0,-4.3869893072433594,-2.7975709465812764,-0.5934119456780721,-34.0,0.0,0.0,0.0,101.90012017400909,-25.325195132960086,30.997047515419283,29.066373317347516,-19.60551635627338,33.307362133636545,0.6969296075956892,293.9741705928581,0.0,293.9741705928581,35.06038119330099,35.060381193300145,28.47850652600916
1,0.04,-4.386305392577069,-2.7980322528484827,-0.5929287378855861,-33.97231423286272,0.017097866657263247,-0.011532656680160812,0.012080194812154249,101.9610422810496,-25.078792972589714,30.163997281173142,29.075843461908022,-19.591468969889288,33.307362133635166,0.6982157738790797,293.89284200234886,0.022508721752354393,293.8703332805965,35.06038119330016,35.060381193300145,27.707362434549978
2,0.08,-4.3849437772614746,-2.798950193150113,-0.5919766931183341,-33.91776608579167,0.03404038288984666,-0.022948507540752998,0.023801119181294364,102.02302114585729,-24.82545379790581,29.344125349657567,29.09448223175683,-19.563778599378512,33.3073621507648,0.6997074303599934,293.7525312714459,0.08854154012530022,293.6639897313206,35.060381203755824,35.060381193300145,26.948736649481752
3,0.12,-4.382910401096339,-2.8003198182159483,-0.590569754799187,-33.837154458069314,0.050834404128387425,-0.034240626645886216,0.03517345797867345,102.08597015563147,-24.56531492538862,28.53703979177626,29.12197846233307,-19.522825099327278,33.30736213375949,0.7013915579676522,293.5524422144215,0.19594525484627623,293.3564969595752,35.06038119337574,35.060381193300145,26.20325316103504
4,0.16,-4.380210939566585,-2.802135913283501,-0.5887214516678245,-33.73125448938143,0.06748653824384558,-0.04540237668882333,0.04620757828406011,102.14980392893212,-24.29850936334826,27.742360335857267,29.158012796163952,-19.46896554001403,33.30736213114956,0.7032559890180017,293.291913246215,0.34267713662156113,292.94923610959347,35.06038119480656,35.060381193300145,25.471413459764253
5,0.2,-4.376850813844261,-2.8043930089984186,-0.5864449101128968,-33.600818266397916,0.0840031430581176,-0.05642739287293678,0.05691353887319546,102.21443829357014,-24.02516606248419,26.959718018477787,29.202259109994927,-19.40253571810223,33.30736213342152,0.7052893690155275,292.9704094123941,0.5267986039744788,292.4436108084196,35.06038119342961,35.060381193300145,24.753606801093518
6,0.24,-4.372835200855558,-2.8070853917117393,-0.5837528661382629,-33.446575508387774,0.10039032471756762,-0.06730956783301634,0.06730109936584222,102.27979026384796,-23.745410158244784,26.188754849586605,29.14687746771344,-19.486608506575845,32.985515741784184,0.7074569176823416,292.58751490149854,0.7464692328188791,291.84104566867967,35.25543961260375,35.060381193300145,24.312195581754455
7,0.28,-4.368171572989862,-2.8102109427879127,-0.5806623461717892,-33.269501757807916,0.11659069664241017,-0.07813877690433844,0.07726299916184272,102.34667755423112,-23.455438465529568,25.4371731842632,28.980870275988515,-19.741027813003168,32.305482394606855,0.7095681085788149,292.1422563839184,0.9989525389972143,291.14330384492115,35.66758103513547,35.060381193300145,24.186101313360325
8,0.32,-4.36286993526229,-2.813771571684852,-0.5771950666782493,-33.07084127643582,0.13254094318929838,-0.08901572242347594,0.08668198733850309,102.41601501328212,-23.150807087425108,24.71346728040534,28.83126287468053,-19.975025021765592,31.64666016692365,0.7115720346963998,291.6335372383188,1.2810279007312122,290.3525093375876,36.06686723373127,35.06038119330009,24.073779921345842
9,0.36,-4.356939812645691,-2.8177686893691556,-0.5733717905438542,-32.85178369002189,0.14825306541497588,-0.0999279421075877,0.09558190335987138,102.48766025121036,-22.8315460762621,24.016514363726813,28.697571965086098,-20.189627525862527,31.008368571563746,0.7134708621524938,291.06134268932334,1.5905830100442047,289.4707596792791,36.453710624858566,35.060381193300145,23.974277186454856
10,0.4,-4.3503902659604226,-2.822203237181745,-0.5692123653083039,-32.61346617882465,0.1637386671317091,-0.11086369531472953,0.1039856308887588,102.56146994379046,-22.497663944706975,23.34523468610926,28.579296715398726,-20.385789182740314,30.389953123817858,0.715267287869819,290.42583317204645,1.925707740915377,288.5001254311311,36.82850786591668,35.060381193300145,23.88666550185414
11,0.44,-4.343229908027124,-2.827075713701574,-0.5647357598825642,-32.3569755813844,0.17900894833246872,-0.12181191299573227,0.11191513564349152,102.63729949278961,-22.149147902964874,22.698589832569674,28.47592365821088,-20.56439555163453,29.79078546192471,0.7169644523159889,289.7273250584704,2.2846750904849573,287.44264996798546,37.19163978221556,35.060381193300145,23.810044680318732
12,0.48,-4.335466919964769,-2.8323861997494904,-0.5599600997956649,-32.08335041401599,0.1940747015588754,-0.1327621511979104,0.1193915021724847,102.67636741991717,-21.77776946049164,22.07558106651255,28.38620374008507,-20.727428795897705,29.208004345166422,0.7182022870090854,288.9662732369986,2.665923725135695,286.30034951186286,37.54484045903876,35.060381193300145,23.74016573453234
13,0.52,-4.327109084643234,-2.8381344089592124,-0.5549027337868138,-31.793584686255898,0.20894588303837133,-0.14370523024304638,0.12643415022127452,101.9106744759795,-21.223975435743142,21.47530421498243,28.295390394443352,-20.89863173918111,28.5964469270657,0.7117741522745429,288.14324669031924,3.068031176094676,285.07521551422457,37.915481318483,35.06038119329287,23.607092529374103
14,0.56,-4.318164137409561,-2.844320249887882,-0.5495809121091493,-31.488666764804492,0.2236236808418004,-0.15464602321674778,0.13304554194161317,101.13823942584106,-20.659765120454416,20.89800585773544,28.218537383051476,-21.054140073955512,28.00360995833621,0.705206456876969,287.25874272091437,3.4894859945573753,283.769256726357,38.27477645105317,35.06038119329754,23.477959760430238
15,0.6,-4.308639412329076,-2.850943262668375,-0.5440111003978854,-31.16954006106653,0.23811812701214313,-0.16557531951232868,0.13924529278159917,100.3588570694364,-20.085499554490514,20.34274731954608,28.155115365894655,-21.194630044347456,27.42897584564094,0.6985038328020714,286.31357352640117,3.9291206214877925,282.38445290491336,38.623039549658955,35.06038119329928,23.351942287872863
16,0.64,-4.2985418584172095,-2.8580026383884483,-0.5382090105142074,-30.837104798376235,0.25243884779667275,-0.1764843930018288,0.14505224709194253,99.57232838573947,-19.50152974460775,19.80862426923445,28.10459330993478,-21.320733572121114,26.87204150204984,0.6916711942520334,285.3086404101994,4.385884850350868,280.92275555984855,38.96057551547262,35.06038119329986,23.228222250205175
17,0.68,-4.287878055758397,-2.8654972372446177,-0.5321896302614051,-30.49221971460627,0.2665950664703128,-0.18736497140423578,0.15048450632005472,98.77846081232964,-18.90819739276822,19.294765515655577,28.066440796143915,-21.43304206324679,26.332317848145287,0.6847137089760846,284.244922503784,4.858833675582426,279.38608882820154,39.28768076026355,35.06038119330005,23.105988176415238
18,0.72,-4.276654231458817,-2.8734256055718643,-0.5259672520140173,-30.13570370249694,0.28059560748950035,-0.1982092081811646,0.15555945618469064,97.9770684704106,-18.305835555391006,18.800331846923015,28.04013007788342,-21.532109827819262,25.809329492736463,0.6776367746536411,283.1234666574477,5.347116207081941,277.7763504503657,39.604643399905356,35.06038119330012,22.984433685229014
19,0.76,-4.264876275386107,-2.881785991840215,-0.5195555002969532,-29.768337389823408,0.2944489018177659,-0.20900965670876498,0.16029379292660312,97.16797234019145,-17.69476924090177,18.324514907263442,28.025137858887604,-21.618457236518005,25.302614387706818,0.6704459998618525,281.9453783983642,5.849965570569061,276.09541282779514,39.91174346355973,35.060381193300145,22.862755966104004
20,0.8,-4.252549755656225,-2.8905763617021933,-0.5129673583508207,-29.390864661476915,0.308162993247062,-0.21975924654945778,0.16470354865330844,96.35100039236103,-17.07531595026797,17.86653611114029,28.020946826078845,-21.692573623155596,24.811723472383214,0.6631471892166905,280.71181386142547,6.366689718050202,274.34512414337524,40.2092531092104,35.060381193300145,22.740154058249235
21,0.84,-4.2396799338337745,-2.8997944121683683,-0.5062151937187767,-29.003994125483285,0.3217455455612537,-0.23045126165437793,0.16880411580110377,95.52598768068296,-16.447786165092804,17.42564559392114,28.027046965762217,-21.754919947636,24.336220312898263,0.6557463323298465,279.4239726055811,6.896663077813361,272.5273095277678,40.497436842231586,35.060381193300145,22.61582694710048
22,0.88,-4.226271779817518,-2.9094375849818648,-0.4993107828892258,-28.6084005249256,0.33520385040641965,-0.24107932033741672,0.17261027073877405,94.69277640017648,-15.812483787613415,17.00112119825035,28.042936687960953,-21.80593123433786,23.875680739780417,0.6482495962711811,278.0830912351383,7.439318978208872,270.6437722569294,40.77655173503028,35.060381193300145,22.4889714958584
23,0.92,-4.21232998638758,-2.9195030792567485,-0.4922653350277111,-28.204726097681334,0.3485448357484539,-0.2516373568720868,0.1761361965378722,93.85121591486067,-15.169706536698742,16.59226749523532,28.06812378071964,-21.84601880072546,23.429692486317318,0.6406633212687457,276.6904377517486,7.994142784023392,268.69629496772524,41.04684764622004,35.060381193300145,22.358780227545452
24,0.96,-4.197858983395083,-2.92998786343965,-0.48508951483032536,-27.7935818858264,0.3617750748124212,-0.26211960457254097,0.1793955049346395,93.00116275860998,-14.519746303691845,16.198414839517888,28.10212621367813,-21.87557229054208,22.99785482984645,0.6329940194158993,275.2473065686643,8.560665688531294,266.68664088013304,41.30856743802056,35.060381193300145,22.224438971490247
25,1.0,-4.182862951578664,-2.9408886866488433,-0.4777934645299786,-27.375548996501376,0.37490079541046795,-0.27252058022982417,0.18240125750866865,92.14248061229016,-13.862889471694446,15.818918457275574,28.144472807995058,-21.89496152540891,22.579778237792198,0.6252483761880684,273.75501412427974,9.138459108323737,264.616555015956,41.561947190780714,35.060381193300145,22.085124387393694
26,1.04,-4.167345835995623,-2.9522020894401946,-0.4703868250858454,-26.95117981597742,0.3879278895760136,-0.28283506978378403,0.18516598610332582,91.27504026000645,-13.199417201651542,15.4531575661797,28.194703787741954,-21.90453818805936,22.17508401998532,0.6174332546005181,272.2148950370444,9.727129631782244,262.48776540526217,41.80721641369397,35.060381193300145,21.940001380190395
27,1.08,-4.151311359058358,-2.9639244140449934,-0.46287875658533517,-26.520999178603066,0.400861923431617,-0.2930581151199716,0.1877017125127603,90.39871952699914,-12.529605688361242,15.10053452632592,28.252371219964996,-21.904637362133265,21.783403965750853,0.6095557018634673,270.62829874853844,10.326314475592639,260.3019842729458,42.04459826467849,35.060381193257825,21.788220441332548
28,1.12,-4.1347630331694445,-2.976051814120856,-0.45527795788726344,-26.085505492275026,0.4137081472228282,-0.3031850018965679,0.19001996745178948,89.51340320159919,-11.853726389029879,14.760474021718204,28.317039395577474,-21.89557886050227,21.404380114885246,0.6016229584101549,268.99658660576455,10.935677406871504,258.06090919889306,42.27430968949585,35.060381193289764,21.628914793698122
29,1.16,-4.117704172950178,-2.988580264051546,-0.4475926855321215,-25.645171821916826,0.42647150548165896,-0.31321124826724855,0.1921318088785472,88.61898294250125,-11.172046228607451,14.432422268175262,28.388285051671833,-21.877668571193578,21.037664260011827,0.593642469195886,267.3211293384949,11.554905092392694,255.7662242461022,42.496561722760845,35.060381193295086,21.461197735312858
30,1.2,-4.100137907061172,-3.0015055678316225,-0.4398307719484529,-25.20044693262735,0.43915664722516795,-0.32313259450190596,0.19404783959171812,87.71535717491176,-10.484827780968638,14.115846253671613,28.46569760553948,-21.851199513761983,20.68291777013507,0.5856218971674687,265.60330488922074,12.183703837017791,253.41960105220292,42.71155959541434,35.06038119329567,21.28415965862573
31,1.24,-4.082067189613343,-3.0148233675646807,-0.43199964297883575,-24.751756293845656,0.451767936195719,-0.3329449933264539,0.1957782242404278,86.8024309752829,-9.792329432042418,13.810233002288534,28.54887927503411,-21.816452879011038,20.339811248881784,0.5775691388283961,263.8444965598351,12.821796679470172,251.02269988036488,42.919502942139516,35.060381193299904,21.09686522245895
32,1.28,-4.063494811170317,-3.0285291516032866,-0.4241063347506637,-24.299503045975513,0.4643094610756617,-0.3426446009651526,0.19733270570429876,85.88011594721246,-9.094805524845327,13.51508886526918,28.63744515271975,-21.773698943867842,20.00802424039536,0.5694923417954665,262.0460914397581,13.468920813321287,248.57717062643678,43.120585977026494,35.06038119326503,20.898350518697352
33,1.32,-4.044423409344337,-3.0426182623555027,-0.4161575099154762,-23.844068930830492,0.4767850456494906,-0.35222776880540285,0.19872062087968775,84.94833008958346,-8.392506488862631,13.229938837298226,28.731023229382142,-21.723197891981055,19.68724496041841,0.5613999243231288,260.20947908438274,14.124825304615676,246.08465377976705,43.31499766187719,35.060381193274935,20.687620294570625
34,1.36,-4.02485547898897,-3.0570859037804503,-0.40815947327951996,-23.385815187199192,0.4891982588841908,-0.3616910356236938,0.1999509158988999,84.00699765813603,-7.685678955568832,12.95432589672885,28.829254369513297,-21.665200553987795,19.37717001205272,0.5533005966127502,258.3360504153842,14.78926907965438,243.5467813357298,43.50292187300628,35.06038119327398,20.463645329426935
35,1.4000000000000001,-4.004793381992958,-3.071927148593257,-0.40011818684777234,-22.925083412804238,0.5015524249002886,-0.3710311203201695,0.20103216079368597,83.05604902162004,-6.974565861595398,12.687810369521467,28.93179224933677,-21.599949065665726,19.07750413402936,0.5452033838974634,256.42719681669007,15.462019158185953,240.96517765850413,43.684537556664,35.06038119327883,20.22535998265703
36,1.44,-3.984239356680454,-3.087136945197606,-0.3920392843025189,-22.462196393863717,0.5138506328126017,-0.3802449151087242,0.20197256363134106,82.09542051345204,-6.259406541125939,12.429969315474827,29.038303259124987,-21.527677455411148,18.78795995468292,0.5371176511257609,254.48430940261034,16.142849109501356,238.34146029310898,43.86001887752568,35.06038119329956,19.971660023738202
37,1.48,-3.963195526823618,-3.1027101243622766,-0.3839280849368727,-21.997458903423002,0.5260957464209095,-0.3893294791167663,0.20277998414115875,81.12505427977229,-5.540436808868247,12.180395936031715,29.148466373196282,-21.4486121705175,18.508257752642336,0.5290531291098228,252.5087784365851,16.831537710480035,235.67724072610505,44.02953536362943,35.0603811932997,19.701400843588956
38,1.52,-3.9416639102743,-3.118641405656468,-0.3757896070629192,-21.531158469584863,0.5382904137329458,-0.39828203235479526,0.20346194684883362,80.14489812473127,-4.817889034762548,11.938699002934941,29.261972993762072,-21.362972543009054,18.238125233062295,0.5210199419457615,250.5019928810536,17.527867786309322,232.9741250947443,44.19325204213618,35.06038119329988,19.413396159203096
39,1.56,-3.9196464272220637,-3.1349254036571383,-0.36762858091335593,-21.063566114718984,0.5504370763059075,-0.4070999500167555,0.20402565373908244,79.15490535370506,-4.091992211591975,11.704502306808491,29.37852676905715,-21.27097120697784,17.977297307622564,0.5130286354685378,248.46534006083147,18.231625216166268,230.2337148446652,44.351329572705495,35.06038119330012,19.106417368806838
40,1.6,-3.897144908086341,-3.1515566339403196,-0.3594494610548806,-20.594937066696712,0.5625379783930621,-0.41578075707952594,0.20447799646188158,78.15503461513583,-3.362972016410348,11.477444125054742,29.497843391374843,-21.172814466594506,17.725515887936815,0.5050902064362477,246.4002054240296,18.942598087509182,227.45760733652043,44.50392437215675,35.060381193075024,18.779193718834186
41,1.6400000000000001,-3.8741611010509227,-3.1685295188671083,-0.3512564383308505,-20.12551144315501,0.5745951758854655,-0.4243221231697154,0.20482556810075725,77.14524974157447,-2.631050866740221,11.257176708234496,29.619650365232445,-21.068702610698985,17.482529686034486,0.4972161321212829,244.3079723861528,19.660575983984174,224.64739640216865,44.65118871190636,35.06038117716758,18.430413497821494
42,1.68,-3.8506966792495967,-3.185838393173661,-0.34305345135010157,-19.655514909757333,0.5866105450331508,-0.4327218576638234,0.20507467451871844,76.12551959073058,-1.8964479726068504,11.04336578427515,29.743686830803448,-20.95883026757382,17.248094031834558,0.4894183994637955,242.19002224398406,20.385349392673838,221.80467285131022,44.79327095196715,35.06038119330014,18.058726418691414
43,1.72,-3.826753247610382,-3.2034775093753893,-0.33484419753807915,-19.185159313376765,0.5985857909803702,-0.4409779050432073,0.2052313453005567,75.09581788539509,-1.159379383348785,10.835690079621621,29.869703193243126,-20.84338652881698,17.02197067768195,0.48170953434846214,240.04773415055087,21.11670922111675,218.93102492943413,44.930315409024914,35.06038119329733,17.66274766857236
44,1.76,-3.8023323493702836,-3.2214410429900147,-0.32663214376612615,-18.714643291109372,0.6105224560024627,-0.4490883403656341,0.20530134429882443,74.05612305679323,-0.4200580343455549,10.633840857212531,29.997460982976428,-20.72255530892702,16.803927639413136,0.47410262839681605,237.8824851333067,21.854446404694777,216.0280387286119,45.06246270440041,35.060381192951446,17.241063564695608
45,1.8,-3.777435472266963,-3.2397230975896534,-0.3184205365737851,-18.244152855968956,0.6224219275830138,-0.45705136499097343,0.20529017980852754,73.0064180862526,0.32130621180866825,10.437521469936536,30.12673252490881,-20.596515480006243,16.593739023458433,0.4666113643347055,235.69565015636255,22.598351604239866,213.09729855212268,45.18984974468573,35.06038119314995,16.79223950287077
46,1.84,-3.7520640544181463,-3.2583177096867075,-0.31021241199872485,-17.77386196010039,0.6342854462204142,-0.46486530242635615,0.20520311437651,71.94669034965978,1.0645065246825105,10.246446929512281,30.257300669741543,-20.465441060179135,16.391184869259774,0.4592500378018384,233.48860221085283,23.34821497633132,210.1403872345215,45.31260983830644,35.06038119325593,16.314830339769504
47,1.8800000000000001,-3.7262194898980305,-3.2772188534595585,-0.3020106050282467,-17.303933036311015,0.6461141130028936,-0.4725285943212723,0.20504517426194976,70.87693146344279,1.8093390672377474,10.060343490010892,30.38895851046433,-20.329501372303753,16.19605099733228,0.4520335747782047,231.26271242907885,24.10382601042127,207.15888641865757,45.430872791030865,35.060381193282005,15.807393643661555
48,1.92,-3.699903134020211,-3.2964204453233075,-0.29381775868583127,-16.834517518691417,0.6579088969454924,-0.48003979659372137,0.2048211585603888,69.79713713255634,2.5556029583207867,9.878948245499078,30.521509091707944,-20.188861182687862,16.008128863280323,0.4449775432326131,229.0193502155855,24.864973424339865,204.15437679124562,45.544764993502255,35.06038119329194,15.268506179676248
49,1.96,-3.6731163083367306,-3.3159163483502843,-0.28563633276569256,-16.365756343068533,0.6696706420870101,-0.4873975756744204,0.20453564800346383,68.70730700077516,3.303100236034794,9.702008741286647,30.65476511576979,-20.043680824800802,15.827215417679177,0.4380981574301594,226.75988338937248,25.63144511071285,201.12843827865962,45.65440950599475,35.06038119329635,14.696783980016285
50,2.0,-3.6458603053628416,-3.3357003765446493,-0.27746861222784824,-15.897780428007732,0.6814000743472323,-0.4946007048591322,0.20419301344610968,67.60744450351336,4.051635821718605,9.529282598278455,30.78854864622187,-19.894116309785492,15.653112971407129,0.4314122731635864,224.48567833226042,26.403028127602255,198.08265020465817,45.75992614010178,35.060381193298106,14.090906306036063
51,2.04,-3.6181363930370307,-3.3557662989750625,-0.26931671526574785,-15.43071113705386,0.6930978081452712,-0.5016480607603319,0.203797424052507,66.49755672336843,4.801017484294107,9.360537149953037,30.922690810018867,-19.74031942550421,15.485629066042257,0.42493737200832854,222.1981001390675,27.179508727286752,195.01859141178073,45.86143153729431,35.06038119329918,13.449643727375694
52,2.08,-3.5899458189258153,-3.3761078437690837,-0.2611826010580849,-14.964660722877372,0.7047643527803856,-0.5085386198505312,0.2033528551915705,65.37765424856491,5.551055804778187,9.195549091512808,31.05703149910152,-19.58243782583385,15.32457634897694,0.41869153257204683,219.89851276583292,27.960672417660906,191.93784034817202,45.95903924460771,35.06038119329987,12.771890417408375
53,2.12,-3.5612898141827265,-3.39671870197271,-0.25306807721599167,-14.499732753967152,0.7164001185772182,-0.5152714550906637,0.2028630960523274,64.24775103445114,6.3015641407902585,9.034104140771102,31.19141907238764,-19.4206151117301,15.169772452919329,0.412693386638835,217.58827917285743,28.746304051259962,188.84197512159747,46.05285978767334,35.06038119330013,12.056700586522753
54,2.16,-3.5321695972708107,-3.4175925312782254,-0.24497480693642748,-14.036022524489459,0.7280054227978959,-0.5218457326378869,0.20233175698910755,63.10786426817941,7.052358590917109,8.875996710360502,31.32571005557089,-19.25499090242457,15.021039879093411,0.4069620581255145,215.26876145981342,29.536187937402666,185.73257352241075,46.14300073520494,35.060381189296926,11.303328742790953
55,2.2,-3.5025863774579347,-3.4387229596232753,-0.23690431587219063,-13.573617447910642,0.7395804953218986,-0.5282607086262506,0.20176227660592236,61.95801423675829,7.803257958756127,8.721029590875421,31.4597688171026,-19.08570087824856,14.878205882171574,0.40151708290432947,212.94132099045663,30.330107973226184,182.61121301723045,46.2295667147514,35.060381139041844,10.511273194342232
56,2.24,-3.47254135809466,-3.4601035886633897,-0.2288579987286541,-13.11259743496224,0.7511254840818705,-0.5345157260028557,0.20115792858841755,60.79822419916076,8.554083716029865,8.56901364462087,31.593467380657817,-18.912876938894776,14.741102369350259,0.3963783076108406,210.60731850380148,31.127847788676554,179.47947071512493,46.31265966977438,35.06038108633714,9.680321660246943
57,2.2800000000000002,-3.4420357396811414,-3.481727997122865,-0.22083712559681246,-12.653035256497835,0.7626404603379575,-0.5406102114868846,0.2005218282960363,59.62852025950501,9.30465996745037,8.419767509338596,31.726685166394724,-18.736647280237992,14.609565802700164,0.3915657665632412,208.26811421658795,31.92919090883113,176.33892330775683,46.392378968287694,35.06038119245187,8.81059783313879
58,2.32,-3.411070722731129,-3.5035897440269625,-0.212842848031904,-12.19499689177246,0.774125423750303,-0.5465436726024422,0.1998569391227121,58.44893124303559,10.0548134155399,8.273117311566828,31.859307642321355,-18.557135567376097,14.48343697710494,0.38709953617792314,205.92506791218568,32.73392092707803,173.19114698510765,46.46881960188615,35.060380507775804,7.90260832549424
59,2.36,-3.3796475104667096,-3.5256823717970778,-0.20487620488838987,-11.738541862762265,0.7855803066104892,-0.5523156942528757,0.19916607858785276,57.25948860000244,10.80437330473914,8.128896392492925,31.58405868838978,-18.043439821724142,14.317945813496163,0.38296618522143644,203.5795389622375,33.54182163136664,170.03771733087086,45.83481368014731,34.59438014836124,7.4336060660201655
60,2.4,-3.347776891760346,-3.547991620478103,-0.1969387751753109,-11.283760640021104,0.7967654676590903,-0.5577312170256276,0.19843574282697043,56.06955763120287,11.54558513844831,7.988060911119037,30.88914496280806,-17.20230331523255,14.112598615827334,0.37897432729571456,201.21308372382805,34.33195823923802,166.88112548459003,44.48376842099418,33.658006350179896,7.438416294048509
61,2.44,-3.315479428407388,-3.5704956598377824,-0.18903266915416062,-10.830774132626225,0.8074365838239507,-0.5626009839919938,0.19765265052875558,54.88891609646719,12.270733227802538,7.851564642890041,30.1923220722377,-16.378649643053343,13.913328614006332,0.3750900124168545,198.80711573768258,35.0823831227581,163.72473261492448,43.14566629865778,32.73218384876603,7.443039460253699
62,2.48,-3.2827755336019346,-3.593173276465678,-0.181159846161159,-10.379694602273679,0.8175973701363357,-0.5669404156973946,0.19682057482503518,53.71791274126567,12.979894431677266,7.719198038910989,29.49401998703867,-15.572616431708928,13.71992723390769,0.3713133006283135,196.36411455182557,35.79233167984916,160.5717828719764,41.820911157941524,31.817088709427388,7.4474786989278075
63,2.52,-3.2496854632184844,-3.6160038712060576,-0.17332212212173603,-9.930626093826517,0.8272517595862517,-0.5707648685094833,0.19594310098557188,52.55688425296607,13.673157912305744,7.590760883048333,28.794676295347664,-14.784317206924616,13.532192213145246,0.367644065570049,193.88658708278282,36.46118483086595,157.42540225191686,40.509896377913265,30.912892783346976,7.451737352570029
64,2.56,-3.2162293069963996,-3.638967456047867,-0.16552117674996136,-9.483664847811715,0.8364039055521151,-0.574089621045232,0.19502363429436148,51.406154956933214,14.350624544867621,7.466061929128058,28.094734237533398,-14.013841874330154,13.349927451924811,0.36408200691096165,191.37706027615718,37.08846253646331,154.28859773969387,39.213004028116245,30.01976311473716,7.45581882952048
65,2.6,-3.1824269796743456,-3.6620446504882085,-0.1577585604444578,-9.038899695526924,0.8450581830513502,-0.5769298610085298,0.19406540763759156,50.26603655623298,15.012406330041134,7.3449185504563275,27.39464075265533,-13.261257176574574,13.17294285545994,0.360626662280357,188.8380740858099,37.673817365033536,151.16425672077636,37.93060393924869,29.13786129046934,7.4597265956916115
66,2.64,-3.1482982121211425,-3.685216677385031,-0.15003570089210694,-8.596412437404927,0.8532191888300759,-0.5793006724205523,0.19307148880877684,49.136827915364535,15.658625809221721,7.2271564015593075,26.69484453181821,-12.526607128013048,13.001054168003416,0.35727741870691015,186.2721747631386,38.21702811037773,148.05514665276087,36.66305268618744,28.267342730851038,7.463464309841829
67,2.68,-3.113862542508868,-3.708465358314071,-0.1423539093906494,-8.156278205271947,0.8608917403068623,-0.5812170232260135,0.1920447875364418,48.01881488855206,16.28941548212622,7.112609092043108,25.995794447139296,-11.80991369503767,12.834082837593723,0.35403352357389123,183.6819084481573,38.71799346060954,144.96391498754775,35.41069310024891,27.40835632807863,7.4670356618065705
68,2.72,-3.0791393075647764,-3.7317731084507217,-0.13471438690049986,-7.718565809091105,0.8680808736022915,-0.5826937534162615,0.19098806225374176,46.912270184667555,16.904917232635256,7.001117871503123,25.297937898544376,-11.111177375176982,12.67185586298053,0.3508940951008011,181.0698150730481,39.176725739099396,141.8930893339487,34.17385353940438,26.56104392421643,7.470444448093353
69,2.7600000000000002,-3.044147633940193,-3.7551229309949137,-0.12711822983605048,-7.283338068779671,0.8747918406145901,-0.5837455636048008,0.1899039266112342,45.817453271210205,17.505281760860353,6.892531325646852,24.60171938789744,-10.430377901571775,12.514205655805055,0.3478581323636598,178.4384225656553,39.59334471490911,138.84507785074618,32.95284743653631,25.72553997125759,7.473694516796191
70,2.8000000000000003,-3.0089064297288313,-3.7784984111599034,-0.11956643560621139,-6.850652131658643,0.8810301052840396,-0.584387004124739,0.18879485574597163,44.73461031269844,18.09066802457776,6.7867050829685684,23.9075791127521,-9.767474916493047,12.360969895988356,0.34492452484487457,175.790241356362,39.968071496589104,135.8221698597729,31.747972777643145,24.901971145450158,7.476789824952743
71,2.84,-2.973434376166218,-3.8018837097449047,-0.1120599079137432,-6.42055977608214,0.8868013390653381,-0.5846324646250315,0.1876631923116998,43.66397414350639,18.661242689628907,6.683501531879816,23.215951777098706,-9.122408756102494,12.211991402203259,0.34209206157310384,173.12775918110646,40.301222512520276,132.8265366685862,30.559511843122813,24.09045613167542,7.4797343645545995
72,2.88,-2.9377499195364973,-3.8252635563139554,-0.10459946182243351,-5.993107701765223,0.8921114157430164,-0.5844961642262679,0.18651115228273693,42.605764270641316,19.217179592133107,6.582789547657859,22.527265426868755,-8.495101200448929,12.067117996275131,0.339359439799415,170.4534361835104,40.59320359155153,129.8602325919589,29.387730887400004,23.291105368912717,7.482532186177049
73,2.92,-2.901871263312071,-3.848623242002367,-0.09718582860099101,-5.56833780731859,0.896966405610652,-0.5839921422102848,0.18534083053606235,41.56018690628493,19.758659212047625,6.484444229117111,21.841940417246015,-7.885456266961775,11.926202373853265,0.33672527326356566,167.76970030891624,40.84450414743509,126.92519616148117,28.23287994075216,22.504020874731903,7.4851873852372215
74,2.96,-2.865816360548175,-3.8719486119729334,-0.08981966035217148,-5.146287455477959,0.9013725690974024,-0.5831342492641656,0.18415420622048576,40.52743502745491,20.285868159388688,6.388346644604649,21.160388473288247,-7.293361017002563,11.789101977285986,0.33418810005134625,165.0789429886816,41.05569147623425,124.02325151244735,27.095192670129403,21.729296108005702,7.487704092453168
75,3.0,-2.829602906552097,-3.895226057544177,-0.08250153443537034,-4.726989726499948,0.9053363499019493,-0.5819361392810926,0.18295314792002781,39.507688460976254,20.798998673741764,6.294383587032563,20.48301184425592,-6.718686373478641,11.655678870624467,0.3317463900484308,162.38351511089914,41.227405173697825,121.15610993720132,25.974886300981414,20.9670158715905,7.490086464011301
76,3.04,-2.7932483318443526,-3.9184425080129497,-0.07523195769063395,-4.310473660180101,0.9088643676936109,-0.5804112617193168,0.18173941861840512,38.501113991907246,21.298248137644826,6.202447337669232,19.81020255229733,-6.161287953685563,11.52579961475377,0.32939855203232377,159.6857232735466,41.36035167941314,118.32537159413349,24.872161608979752,20.21725625745569,7.49233866851407
77,3.08,-2.7567697954267447,-3.9415854221938678,-0.06801137047181083,-3.8967644869354308,0.9119634104401989,-0.57857285452295,0.18051468047058042,37.50786549351431,21.783818604524924,6.112435438469557,19.142341622572545,-5.621006808001916,11.399335179959714,0.3271429403512058,156.9878263160316,41.45529895445674,115.53252736157485,23.787202763650594,19.480084515378152,7.494464925127854
78,3.12,-2.720184178372536,-3.964642779695624,-0.060840150495783174,-3.485883848349139,0.9146404263552161,-0.5764339375439116,0.17928049940069385,36.52808407944265,22.255916339363615,6.024250471797179,18.479798719933907,-5.097670452287163,11.276160749417517,0.3249778612592295,154.29203211871885,41.513071292626975,112.77896082609189,22.720177835664266,18.755559299332138,7.496469382999785
79,3.16,-2.683508077744251,-3.9876030719609474,-0.05371861651610388,-3.07785000765451,0.9169025157071282,-0.574007306633079,0.1780383494919773,35.56189826899116,22.714751379119736,5.937799850077601,17.822931370843417,-4.591093457736673,11.156155692413153,0.3229015789089895,151.60049468282574,41.534544288546726,110.06595039427903,21.67123842394535,18.043730419970377,7.498356237048536
80,3.2,-2.6467578008543295,-4.010455293086308,-0.04664703182664809,-2.672678050479363,0.9187569222480279,-0.5713055281340245,0.17678961723639838,34.60942417507885,23.160537103164327,5.85299561091003,17.172084651947433,-4.101078386841403,11.039203404686063,0.3209123209989657,148.9153114585835,41.52063994047782,107.39467151810567,20.64052006434717,17.34463904263804,7.500129654565926
81,3.24,-2.609949359872738,-4.033188930445474,-0.03962560760264777,-2.2703800762732254,0.9202110245397802,-0.5683409339791403,0.17553560560001216,33.67076570443407,23.593489821898714,5.769754220808284,16.52759078027677,-3.627416570621584,10.925191207693242,0.3190082840946891,146.23852093718793,41.4723219137881,104.76619902339984,19.628142360499044,16.658317731737178,7.5017937813856985
82,3.2800000000000002,-2.573098466787908,-4.055793955137039,-0.03265450608541309,-1.8709653807784334,0.9212723271207451,-0.565125617289114,0.17427753793087186,32.74601477232149,24.01382838027527,5.687996385896193,15.889768797201075,-3.1698889008142475,10.814010239655172,0.3171876386372998,143.57210049112516,41.39059095959199,102.18150953153317,18.634209203050244,15.984790547956953,7.503352733895058
83,3.3200000000000003,-2.536220528725119,-4.078260812276231,-0.025733843616964958,-1.4744406299017652,0.921948451569727,-0.5616714284798131,0.17301656171120006,31.83525152975323,24.421773776862448,5.607646869591122,15.258924323473895,-2.7282666169385603,10.705555344960986,0.3154485336505113,140.91796445788816,41.27648049333826,99.6414839645499,17.658809037682534,15.324073175821987,7.504810585771711
84,3.36,-2.4993306436247216,-4.100580411150983,-0.01886369353065076,-1.0808100253345234,0.9222471275099378,-0.5579899718687905,0.17175375215785724,30.938544601615682,24.817548798637635,5.528634317146892,14.635349432579428,-2.3023121263185145,10.599724945444951,0.31378910115787856,138.27796246071063,41.131052336497376,97.14691012421324,16.702015269706838,14.676173130946628,7.50617132459
85,3.4,-2.4624435962797966,-4.122744115262827,-0.012044088903889083,-0.6900754622731903,0.9221761836231263,-0.5540926027960952,0.17049011566904415,30.05595133303631,25.201377672559456,5.450891087343901,14.019321840553646,-1.8917792203779875,10.49642115287502,0.3122074603221208,135.65387796221904,40.955392626592634,94.69848533562642,15.763885371948067,14.041089237149743,7.5074391654867565
86,3.44,-2.4255738547489285,-4.144743732258803,-0.005275025175517367,-0.30223667938240145,0.9217435382717049,-0.5499904248994131,0.1692265932092961,29.18751805964949,25.573485720388966,5.374353085125849,13.411106347024134,-1.49641503071266,10.39554916643493,0.3107017213190319,133.04742700591717,40.75060785854276,92.29681914737442,14.844463965513343,13.41881334981998,7.508617801929369
87,3.48,-2.3887355671066564,-4.166571503801422,0.0014435373594938739,0.08270859826845806,0.9209571910568088,-0.5456942885654849,0.1679640633752796,28.33328035040102,25.934099056722552,5.298959612998699,12.810953112120298,-1.1159593985539906,10.297017717984167,0.3092699889530664,130.4602572513165,40.51782117394719,89.94243607736931,13.943780154707314,12.809328835865859,7.509711199934222
88,3.52,-2.3519425585689673,-4.18822009536243,0.008111671180770053,0.4647645234560251,0.9198252134422273,-0.5412147890251944,0.1667033455319016,27.49326329485058,26.283444271655707,5.224653214637774,12.219098581446415,-0.7501463059273556,10.200738669862268,0.3079103660341473,127.89394712818924,40.258168729795216,87.63577839839402,13.061849556091271,12.212611706697256,7.510723144165719
89,3.56,-2.31520832896854,-4.209682585974768,0.014729479289141256,0.84393699769315,0.9183557400106808,-0.536562265308444,0.1654452027092776,26.667481774839096,26.621748145115305,5.1513795319753,11.635764989749806,-0.3987041330933493,10.106627088314895,0.3066209565183868,125.35000523794949,39.97279628397762,85.37720895397187,12.198673732147325,11.628630287060762,7.511657483153334
90,3.6,-2.278546050588123,-4.23095245794918,0.021297093066748207,1.2202335486219995,0.916556959510433,-0.5317467993603018,0.16419034444017336,25.855940752718503,26.949237366471788,5.07908716361182,11.061161637686677,-0.061357206469174724,10.014600764423605,0.30539986842814015,122.82986991822844,39.6628559206904,83.16701399753804,11.354242690402629,11.057346616764594,7.5125175397426
91,3.64,-2.2419685663186346,-4.2520235865922205,0.02781467024032036,1.5936632133184878,0.9144371067372093,-0.5267782160760103,0.16293942933930677,25.05863553563328,27.266138289101676,5.007727538305016,10.495481885976165,0.26217588825109384,9.924581106500872,0.3042452165582546,120.33490904936951,39.32950300336768,81.00540604600184,10.52852984697994,10.498713597699144,7.5133075947299846
92,3.68,-2.2054883882096594,-4.272890229885956,0.03428239295750446,1.9642364280740217,0.9120044527243746,-0.5216660823433825,0.1616930679296013,24.275552113505597,27.57267664631147,4.93725476895257,10.246727179132549,0.351419662475067,9.740113366010497,0.3031811434544241,117.86641988031026,38.973893135811565,78.8925267444987,10.252751865062356,10.252751516678225,7.365063611585131
93,3.72,-2.169110453490436,-4.293552212544868,0.040699067739729866,2.331884811603564,0.909448367980576,-0.5165495664728124,0.16041686955563625,23.49961290050858,27.874136627043697,4.870036063608785,10.041954448633279,0.40892397772934364,9.54776313588915,0.30224534867239267,115.44041258831784,38.612318477028765,76.82809411128908,10.050277023545512,10.050277009515094,7.195496658015096
94,3.7600000000000002,-2.132838618052132,-4.314010107743985,0.04706342224750637,2.696535464224218,0.906795885957602,-0.5114473799779333,0.15910886269441515,22.7298831668623,28.1712430250171,4.806236021985182,9.841563346072,0.46351992673362813,9.359849134547265,0.3014377959954635,113.05890132421287,38.24714362555602,74.81175769865685,9.8524727788397,9.852472776781829,7.023443034936693
95,3.8000000000000003,-2.0966765983980458,-4.3342645516958935,0.05337428634004793,3.0581213418075075,0.904050491352161,-0.5063610987977095,0.1577716023135398,21.966319690170977,28.464070995014403,4.74570898966371,9.645442703748701,0.5153080527006606,9.176238165738066,0.300757978351047,110.72188165658264,37.87873253669593,72.84314911988672,9.659198069237076,9.659198069222786,6.849134591044361
96,3.84,-2.0606279755712036,-4.354316240691721,0.059630587103487454,3.4165809709170674,0.9012155706710516,-0.5012922248956718,0.15640751908598555,21.208879728208927,28.75269432263682,4.68831543081485,9.45348556075919,0.564385792501101,8.99680163200007,0.30020516384588847,108.42931758165376,37.50743434763591,70.92188323401786,9.470318079739295,9.470317870602841,6.672812639918836
97,3.88,-2.024696198946008,-4.374165928243057,0.06583134409367153,3.7718581762408583,0.8982944156298883,-0.4962421887834178,0.15501892475460594,20.457520980768436,29.037185451603243,4.633921677584246,9.265587168983364,0.610848737340154,8.821415883731738,0.299778400181511,106.18114308387105,37.13358380463353,69.04755927923752,9.285700930244456,9.285700930244266,6.494727185177092
98,3.92,-1.9888845899321326,-4.393814422294208,0.07197566479221962,4.123901820242537,0.8952902253468914,-0.49121235127878554,0.15360801746369956,19.712201595189313,29.317615483654848,4.5823996766007244,9.081647660387516,0.6547887286548675,8.649961152331512,0.2994765241571705,103.9772635635568,36.75750160478019,67.21976195877662,9.105222265646455,9.105222265633909,6.315133758273145
99,3.96,-1.9531963455287313,-4.41326258254891,0.0780627402540226,4.4726655537814946,0.8922061100850309,-0.4862040063675412,0.1521768865450762,18.972880109458373,29.5940542231404,4.533626767983842,8.901569056685886,0.6962958078448567,8.482322232185393,0.29929816708610935,101.81755735156074,36.379494873511156,65.43806247804957,8.928760246249093,8.928760245575528,6.134293009875223
100,4.0,-1.9176345418007341,-4.432511317864559,0.08409184095038791,4.818107577942612,0.8890450931999282,-0.48121838289123203,0.1507275174091321,18.23951546162035,29.86657017861624,4.487485452515273,8.725256542595492,0.7354572832302303,8.31838786837731,0.2992417650843016,99.70187704324806,35.99985750537104,63.70201953787702,8.75619775655681,8.756197756421553,5.952468174718017
101,4.04,-1.8822021372479982,-4.4515615837352795,0.09006231279312349,5.160190416233057,0.8858101138183968,-0.47625664676800267,0.1492617960683921,17.512066968852878,30.135230586830808,4.443863179459939,8.552618060467372,0.7723579481804126,8.158050672232314,0.29930556875919445,97.63005085464903,35.61887057074177,62.01118028390726,8.587421760247171,8.58742176024621,5.769923368831269
102,4.08,-1.8469019760778653,-4.470414379857847,0.0959735733329592,5.498880696767867,0.8825040292533222,-0.4713199030641977,0.1477815134958881,16.79049431424253,30.400101433027842,4.402652141434153,8.38356416326332,0.807080103515894,8.001206966249404,0.2994876541653304,95.60188392051637,35.23680270634877,60.365081214167596,8.422323113046678,8.422323098352631,5.58692179937159
103,4.12,-1.8117367913854923,-4.489070747779179,0.10182510812486623,5.834148944018103,0.8791296173093281,-0.46640919803329,0.1462883697976763,16.07475753549734,30.66124747196531,4.363749077906789,8.218007986192235,0.8397036627740929,7.847756618506561,0.29978593340094706,93.617159547593,34.853910501246574,58.76324904634643,8.260796432115706,8.260796420587763,5.403723957372444
104,4.16,-1.7767092082434899,-4.507531768622127,0.1076164672529143,6.165969379699821,0.8756895785500594,-0.4615255210736978,0.1447839782012024,15.3648170129415,30.918732247731562,4.327055087393859,8.055865017877576,0.8703060799778164,7.697602920012382,0.3001981680558747,91.67564042600087,34.470438879796546,57.20520154620432,8.102739908827699,8.10273989827577,5.22058603125724
105,4.2,-1.7418217467071093,-4.5257985608905535,0.11334726200813705,6.494319732429793,0.8721865384095162,-0.4566698067106643,0.14326986888056817,14.660633461409006,31.172618116378526,4.2924754470716415,7.8970530933207375,0.8989624791950036,7.550652427347223,0.3007219806538214,89.77706979594865,34.08662147719521,55.69044831875345,7.9480551826973285,7.948055177068604,5.037758294542342
106,4.24,-1.707076824735934,-4.543872278349885,0.11901716171257526,6.819181055756576,0.86862304927938,-0.4518429364832728,0.14174749261096034,13.962167921045975,31.4229662667616,4.2599194404984555,7.741492270666339,0.9257456553396645,7.406814848698641,0.3013548680196232,87.9211725740569,33.70268101056752,54.21849156348939,7.796647206229957,7.796647202173953,4.855483665461903
107,4.28,-1.672476761035766,-4.561754107982414,0.12462589068349761,7.1405375542231795,0.8650015925042014,-0.4470457408132304,0.14021822427306163,13.269381749698738,31.66983674248068,4.229300192173433,7.589104764774455,0.950726144873378,7.266002908011816,0.302094214027049,86.10765643854502,33.31882964345647,52.78882679508855,7.648424111247118,7.648424107832157,4.673996409653915
108,4.32,-1.6380237778230167,-4.579445268014993,0.13017322533165654,7.458376417109376,0.861324580318735,-0.44227900081447447,0.13868336620396796,12.582236615640468,31.913288463309858,4.200534509315988,7.439814859502456,0.97397225994769,7.128132233433887,0.3029373028777969,84.33621287451074,32.93526934364701,51.40094353086373,7.5032970855851655,7.503297082404585,4.493520983968638
109,4.36,-1.603720003514399,-4.596947006017619,0.135658991387976,7.772687659532606,0.8575943577154426,-0.43754345006566314,0.13714415140798783,11.90069449115876,32.153379246918064,4.17354273009097,7.29354883626681,0.9955501380708679,6.993121244633323,0.3038813321582491,82.60651818010732,32.55219223384327,50.054325946264036,7.361180255300502,7.36118025213497,4.314271039773749
110,4.4,-1.5695674753443032,-4.61426059707109,0.14108306125321946,8.08346397059515,0.8538132042523954,-0.4328397763367682,0.1356017466310832,11.224717646672246,32.39016583050335,4.148248578154641,7.1502349064824635,1.0155237916091955,6.860891046018653,0.30492342574818393,80.91823443464577,32.169780935000084,48.74845349964569,7.221990572656094,7.221990569725538,4.136448587613373
111,4.44,-1.5355681419121263,-4.6313873420019025,0.14644535146542514,8.390700568278847,0.8499833358044213,-0.4281686232702991,0.13405725530514684,10.55426864532302,32.623703892317025,4.124579023225378,7.009803147742852,1.0339551573708465,6.731365325061838,0.30606064646987724,79.27101042957308,31.788208902074505,47.48280152749858,7.085647709410974,7.085647707694715,3.960243324717031
112,4.48,-1.5017238656617171,-4.648328565682604,0.1517458202801385,8.694395060802632,0.8461069062602284,-0.42353059201753696,0.13251172036783837,9.889310337992534,32.8540480730489,4.102464147409233,6.87218544187241,1.0509041437973932,6.604470258117517,0.30729000841183524,77.66448256328343,31.40764075200977,46.25684181127366,6.9520739552719,6.952073954363088,3.7858321196353684
113,4.5200000000000005,-1.4680364252950324,-4.665085615395869,0.1569844653587147,8.994547314172026,0.842186009167116,-0.41892624283160873,0.1309661269643991,9.229805858730373,33.08125199710198,4.081837016957275,6.737315421249147,1.0664286853436515,6.480134414846574,0.30860848872408947,76.09827570072832,31.028232583809377,45.07004311691895,6.821194120636439,6.821194120264088,3.6133786576592555
114,4.5600000000000005,-1.4345075181218871,-4.681659859260412,0.16216132156009255,9.291159325657105,0.8382226793286308,-0.4143560966135797,0.12942140503444904,8.575718620437325,33.30536829356591,4.06263355936081,6.605128414472287,1.080584791062332,6.358288672028072,0.31001303897053617,74.57200399880199,30.650132290614827,43.92187170818717,6.69293544448509,6.692935444358059,3.4430332280343103
115,4.6000000000000005,-1.401138762347678,-4.6980526847170285,0.16727645883171638,9.584235102951213,0.8342188943552274,-0.4098206364154152,0.12787843179059213,7.927012310845633,33.52644861699446,4.0447924454241075,6.475561395440556,1.0934265950622133,6.238866129572532,0.3115005958832128,73.08527169846818,30.273479863722116,42.81179183474607,6.567227505410327,6.567227505188883,3.274932651773056
116,4.64,-1.367931699300863,-4.714265497072994,0.1723299801954301,9.873780548771206,0.8301765761703785,-0.4053203088991159,0.1263380340928454,7.283650888746326,33.74454366791825,4.0282549761417545,6.348552935884016,1.1050064075726505,6.121802030062275,0.31306809148610404,71.63767388456476,29.898407688478972,41.73926619608579,6.444002136911045,6.444002136909808,3.1092003357133904
117,4.68,-1.3348877956018794,-4.730299718103077,0.17732201982436102,10.159803350671002,0.8260975924745891,-0.4008555257520815,0.12480099072327006,6.6455985804107165,33.95970321305294,4.012964974178537,6.22404316101873,1.1153747632334596,6.007033681834671,0.31471246258504143,70.22879721425352,29.525040832072186,40.703756382181325,6.323193349306475,6.323193349303983,2.945946440601057
118,4.72,-1.3020084452750975,-4.746156784705507,0.18225274120696344,10.44231287584903,0.8219837581695452,-0.3964266650607481,0.12326803456505685,6.012819876159625,34.17197610524059,3.998868679754578,6.101973704192818,1.1245804723199766,5.894500386183133,0.31643065954688276,68.85822061512376,29.153497323288274,39.70472329183548,6.204737248746947,6.204737248698291,2.785268152546528
119,4.76,-1.2692949718054103,-4.7618381476111535,0.18712233539457968,10.721320070740877,0.8178368367421806,-0.3920340726411646,0.12173985469040141,5.38527952712699,34.381410303031934,3.9859146507283576,5.982287667163732,1.1326706691928559,5.784143366692441,0.318219654400551,67.52551595372807,28.78388842413235,38.74162752959572,6.088571965625744,6.088571965374892,2.62725004130285
120,4.8,-1.2367486301409163,-4.777345270144296,0.1919310193290058,10.996837365195859,0.8136585416123504,-0.38767806332854604,0.1202170983606558,4.762942542112679,34.588052889947846,3.9740536667248314,5.864929579987939,1.1396908613753243,5.675905702223403,0.32007644822811443,66.23024867562478,28.416318893519595,37.81392978210518,5.974637582604648,5.9746375821232816,2.4719644948697717
121,4.84,-1.2043706086431472,-4.792679627033329,0.1966790342467135,11.268878581045664,0.8094505374442271,-0.3833589222258213,0.118700372942689,4.145774184554899,34.791950093381104,3.9632386371215897,5.749845363429296,1.145684977314225,5.569732262069099,0.3219980778639838,64.97197841774565,28.050887243027308,36.92109117471834,5.8628760671373605,5.862876066453466,2.3194722169357522
122,4.88,-1.1721620309862175,-4.807842703269823,0.20136664415650296,11.5374588448803,0.8052144414232398,-0.3790769059123346,0.11719024774473587,3.533739969586108,34.993147303144454,3.953424512747455,5.636982293761776,1.1506954143947,5.4655696455630745,0.3239816219028673,63.750259594018736,27.687685984836136,36.0625736091826,5.7532312070696445,5.753231206625784,2.1698227702431674
123,4.92,-1.140123958006206,-4.82283599301434,0.20599413438753267,11.802594504856321,0.8009518245002928,-0.37483224361292755,0.11568725577574382,2.9268056611378164,35.191689089635396,3.944568201094202,5.526288966946534,1.1547630839072802,5.363366119767627,0.3260242060542862,62.5646419551432,27.32680187198735,35.23784008315585,5.645648548311648,5.645648547877387,2.0230551686898304
124,4.96,-1.108257389502078,-4.8376609985475225,0.21056181020472442,12.064303051365378,0.7966642126031998,-0.3706251383295663,0.11419189542979587,2.3249372691282844,35.38761922166405,3.936628485006061,5.417715265036684,1.1579274590759796,5.263071565776437,0.32812300782503506,61.41467112332753,26.968316131020394,34.446354992307135,5.540075333088756,5.540075332835617,1.8791984845748422
125,5.0,-1.0765632659893998,-4.852319229264885,0.21506999548876315,12.322603041403784,0.7923530878169559,-0.36645576793406687,0.11270463210096283,1.7281010467012727,35.58098068385178,3.9295659445497773,5.311212324867504,1.1602266185661787,5.164637422243643,0.330275260612332,60.29988910283514,26.612304687119366,33.68758441571577,5.43646044475686,5.436460444650911,1.7382724819265742
126,5.04,-1.0450424704080206,-4.866812200713882,0.21951903147794916,12.577514026485952,0.7880198895344831,-0.3623242862249426,0.11122589972964775,1.136263487482136,35.77181569368099,3.923342882058739,5.206732505963145,1.161697291232927,5.0680166333581065,0.33247825719260166,59.219834767230594,26.25883838196962,32.96099638526098,5.334754350996298,5.334754350962298,1.6002882563093828
127,5.08,-1.013695829784914,-4.881141433671802,0.22390927556931217,12.8290564839533,0.7836660155776662,-0.3582308239479826,0.10975610228407214,0.549391322886617,35.960165718146584,3.9179232501651686,5.104229360466997,1.1623748992866094,4.973163598300421,0.334729352663045,58.17404432405269,25.907983184384474,32.26606113966822,5.234909050865376,5.234909050857033,1.465248875780966
128,5.12,-0.9825241168533079,-4.895308453263075,0.2282411001764868,13.077251751535323,0.7792928232901511,-0.354175489781833,0.10829561517937088,-0.03254848054635673,36.14607149002345,3.913272582712663,5.0036576039729255,1.1622936005441082,4.880034122631932,0.3370259668649365,57.16205175774391,25.559800393889727,31.60225136385418,5.136878023826965,5.136878023825548,1.3331500161750731
129,5.16,-0.9515280516292,-4.909314788114653,0.23251489164196082,13.322121965026016,0.7749016306026985,-0.3501583712894486,0.10684478663685193,-0.6095887238017426,36.32957302375071,3.9093579284325752,4.904973087133337,1.1614863297662887,4.788585371533073,0.339365586324433,56.183389251605014,25.214346837416326,30.96904241418869,5.040616180561385,5.040616180561292,1.2039805849151797
130,5.2,-0.9207083029463276,-4.9231619695481035,0.23673104920139565,13.563689998943808,0.7704937170718104,-0.34617953583627364,0.10540393898587107,-1.1817619780169366,36.51070963093288,3.906147787272838,4.808132768047363,1.1599848390357284,4.698775824788532,0.34174576574766397,55.23758758952214,24.871675059253295,30.365912530268847,4.9460798155677494,4.946079815567431,1.0777233284472811
131,5.24,-0.890065489950634,-4.936851530807145,0.24088998399782202,13.801979410049139,0.7660703248923388,-0.34223903147602885,0.10397336991066204,-1.7491005870936576,36.68951993546057,3.9036120492728186,4.713094685403773,1.1578197371504582,4.610565233431327,0.3441641291065999,54.32417653819742,24.53183350441847,29.792343033778952,4.853226561507095,4.853226561506936,0.9543554192860596
132,5.28,-0.8596001835552433,-4.950385006319344,0.24499211814359656,14.037014383598525,0.7616326598847661,-0.3383368878049895,0.10255335364436062,-2.3116366702952718,36.866041888253854,3.901721935882726,4.619817932342833,1.1550205280184076,4.52391457796192,0.3466183703515574,53.442685210596004,24.194866695607836,29.247818514988168,4.762015345223121,4.762015345223104,0.8338490195048235
133,5.32,-0.8293129078569306,-4.963763930990769,0.2490378838280911,14.268819682218918,0.7571818924578171,-0.33447311678563757,0.10114414211236447,-2.8694021248307173,37.04031278163268,3.900449943630595,4.5282626309834,1.1516156480546986,4.438786028076217,0.349106253785094,52.59264241130363,23.86081540388602,28.731827007417607,4.672406345343388,4.672406345343387,0.7161718182429683
134,5.36,-0.7992041415150495,-4.976989839532392,0.2530277224691746,14.497420597291214,0.7527191585470279,-0.3306477135405641,0.09974596602708276,-3.422428628425873,37.212369263318834,3.899769790043748,4.438389907583636,1.147632502575258,4.355142903828586,0.3516256141309146,51.77357696446906,23.529716813280963,28.2438601511881,4.5843609513985095,4.584360951398507,0.6012875414778037
135,5.4,-0.7692743190938547,-4.990064265817091,0.25696208390661646,14.722842902735657,0.7482455605298698,-0.326860657117491,0.09835903593604173,-3.9707476418825394,37.38224735007485,3.899656361735933,4.350161868299749,1.143097501189515,4.272949638167466,0.35417435632985983,50.9850180249873,23.201604679446426,27.783413345540872,4.497841724386806,4.497841724386806,0.48915643289278515
136,5.44,-0.7395238323691347,-5.002988742266142,0.2608414256356255,14.945112811096859,0.7437621681180003,-0.32311191122627375,0.09698354322523119,-4.514390411624781,37.54998244098581,3.9000856645748323,4.263541575512617,1.1380360921960475,4.1921717407833,0.3567504550934143,50.226495373560276,22.876509482555296,27.34998589100498,4.412812358719263,4.412812358719263,0.37973570519057276
137,5.48,-0.709953031600047,-5.015764799264091,0.26466621207880525,15.164256931829911,0.7392700192271913,-0.3194014249487347,0.09561966107949911,-5.053387972232141,37.7156093303901,3.9010347758483004,4.178493024697034,1.1324727959869112,4.112775763211594,0.3593519542433999,49.497539696253114,22.554458574586477,26.94308112166664,4.329237645485888,4.329237645485887,0.2729799616409423
138,5.5200000000000005,-0.6805622267670285,-5.028393964600978,0.26843691389487434,15.380302231692985,0.734770120825463,-0.3157291334221661,0.09426754540172698,-5.587771148958911,37.87916222046578,3.902481798351147,4.094981121810486,1.1264312374687027,4.034729265137676,0.36197696586467665,48.797682849145694,22.235476321166683,26.56220652797901,4.247083436987027,4.247083436987027,0.168841588028396
139,5.5600000000000005,-0.6513516887766311,-5.040877762940871,0.27215400732257233,15.593275997155896,0.7302634497599354,-0.3120949584973288,0.09292733569244753,-6.117570560238402,38.040674733479406,3.9044058163173974,4.012971648876191,1.1199341604338606,3.95800078713372,0.3646236694218541,48.12645810866066,21.919584238127275,26.20687387053338,4.166316609174782,4.166316596034295,0.06727112220080429
140,5.6000000000000005,-0.622321650634405,-5.053217715316143,0.27581797355830906,15.803205798742047,0.7257509535556514,-0.30849880938180463,0.09159915589341429,-6.642816619889032,38.20017992409601,3.906786852993976,3.932431313221839,1.1130035359191852,3.882559790573216,0.3672903100767534,47.483400408020444,21.60680112280735,25.87659928521309,4.086905061786668,4.086905052013839,-0.0010870407281319769
141,5.64,-0.5934723085849711,-5.065415338644685,0.2794292981656805,16.01011945719617,0.7212335512358464,-0.30494058321355283,0.09028311518429068,-7.163539540922859,38.35771028958745,3.9096058306374672,3.8533275969413525,1.1056604425568737,3.8083766824991487,0.3699751984632058,46.868046561415994,21.297143181375784,25.57090338004021,4.008817630682561,4.008817604180175,-0.0010458979541237959
142,5.68,-0.5648038232231333,-5.077472145272663,0.2829884705162673,16.214045011444448,0.7167121340459451,-0.3014201656994506,0.08897930876466463,-7.6797693363907165,38.51329778312304,3.9128445307579556,3.7756287506420647,1.097925270716918,3.7354227548411814,0.37267670773007744,46.27993547385252,20.990624149612845,25.28931132423967,3.932023952464402,3.9320239524644016,-0.0010062109268035978
143,5.72,-0.5363163205764506,-5.089389642537773,0.2864959832598979,16.415010688242834,0.7121875661670669,-0.29793743162773995,0.0876878185907605,-8.191535820513728,38.66697382276067,3.916485556736302,3.6993040223127025,1.0898175801698278,3.663670117288183,0.37539327432934133,45.71860833699645,20.687255407234915,25.031352929761542,3.8564948603033513,3.856494860303351,-0.0009679261730920352
144,5.76,-0.5080098931541529,-5.1011693323561484,0.28995233182253344,16.613044873407958,0.7076606855574432,-0.29449224545937897,0.08640871406589443,-8.698868615483171,38.81876930400396,3.920512298923942,3.6243232923393096,1.081356266139664,3.593091740868269,0.3781233943182705,45.18360882239081,20.387046096784474,24.79656272560634,3.7822018324929156,3.7822018324929156,-0.0009309923687592777
145,5.8,-0.4798846009713041,-5.112812710828795,0.2933580139315817,16.808176084619635,0.7031323045712198,-0.2910844618161497,0.08514205272620133,-9.201797150395056,38.96871460890476,3.9249088994059154,3.550657246826119,1.0725595128530305,3.523661389907939,0.38086562296367144,44.67448325209183,20.090003226740635,24.584480025351194,3.7091172525346736,3.7091172525346736,-0.0008953603219046609
146,5.84,-0.45194047254436853,-5.124321267868455,0.29671352916683347,17.00043294569141,0.6986032106733884,-0.2877139259914959,0.08388788088129032,-9.700350664523913,39.116839616519755,3.9296602192138206,3.4782773181437134,1.0634448345534486,3.4553536051020046,0.38361857289435153,44.19078076488414,19.79613177673039,24.39464898815375,3.6372143211600045,3.6372143211600045,-0.0008609828574144458
147,5.88,-0.4241775058598478,-5.1356964868457515,0.3000193785360219,17.189844162251894,0.6940741671130175,-0.28438047443242687,0.08264623422970649,-10.194558209658314,39.26317371273025,3.9347518066609988,3.4071556662994302,1.054029099698274,3.388143678677141,0.3863809124777513,43.732053470861864,19.50543479731338,24.226618673548483,3.566467030186466,3.5664670301864656,-0.0008278147242535901
148,5.92,-0.3965956693166803,-5.146939844253858,0.30327606407390517,17.376438498773897,0.6895459135791888,-0.2810839352026521,0.08141713844708061,-10.684448652408847,39.40774579979336,3.9401698669703604,3.337265160699962,1.0443285543310157,3.3220076303640713,0.389151364180983,43.297856596148264,19.217913505818913,24.079943090329355,3.4968501372253376,3.496850137225336,-0.0007958125073589629
149,5.96,-0.369194902643079,-5.158052809390962,0.306484088463828,17.560244756891507,0.6850191668400317,-0.2778241284276089,0.08020060974807246,-11.170050676487309,39.55058430563222,3.945901233144766,3.2685793622947235,1.0343588446477932,3.256922184145016,0.39192870292531534,42.88774861817049,18.933567378369503,23.954181239800985,3.4283391412052766,3.4283391412052713,-0.0007649345438894604
150,6.0,-0.34197511778846945,-5.169036844059843,0.3096439546807548,17.74129175494738,0.6804946213652401,-0.2746008667220268,0.07899665542316821,-11.651392784955856,39.69171719287324,3.9519333380320125,3.201072506102323,1.0241350387810757,3.1928647457577406,0.3947117544420343,42.50129139189103,18.65239423822181,23.848897153669224,3.360910258692345,3.360910258692327,-0.0007351408436085403
151,6.04,-0.31493619979117143,-5.179893402283869,0.3127561656548088,17.919608308714974,0.6759729499324509,-0.2714139556006542,0.07780527435135424,-12.128503302445019,39.831171967637715,3.958254187538066,3.1347194840817605,1.0136716478109955,3.1298133808976285,0.39749939363659503,42.13805026738379,18.374390340552882,23.763659926830908,3.2945404009448516,3.2945404009448236,-0.0007063930131683822
152,6.08,-0.28807800762245783,-5.19062393003878,0.31582122395439427,18.095223213242768,0.6714548042178407,-0.2682631938727592,0.07662645748963794,-12.601410377338958,39.96897568809556,3.964852334944723,3.069495828391826,1.0029826460403637,3.0677467941418697,0.4002905429670551,41.79759419912742,18.09955045381541,23.69804374531201,3.2292071517282745,3.2292071517282617,-0.000678654184115181
153,6.12,-0.2614003750076052,-5.201229864999619,0.3188396314880091,18.268165225769387,0.666940815371315,-0.26514837402099184,0.07546018834036591,-13.070141983927444,40.10515497278855,3.9717168562884657,3.005377695105626,0.9920814905785204,3.0066443086443915,0.4030841708419382,41.47949584737755,17.827867937783925,23.65162790959363,3.1648887459414627,3.1648887459414596,-0.0006518889444530418
154,6.16,-0.23490311122453697,-5.2117126363022255,0.32181188922390014,18.438463049661056,0.662431594576706,-0.2620692825651598,0.07430644339727967,-13.534725924525938,40.23973600872948,3.9788373267569446,2.9423418481907775,0.9809811401957284,2.94648584639463,0.40587929004191065,41.18333167196711,17.559334818412175,23.623996853554935,3.1015640488364298,3.101564048836398,-0.0006260632735007236
155,6.2,-0.20858600188064605,-5.222073664318685,0.32473849692674595,18.606145319324597,0.6579277335972727,-0.25902570041149026,0.07316519257114532,-13.99518983156086,40.372744559285074,3.986203798065781,2.8803656431827185,0.9696940732755387,2.8872519084488237,0.40867495616896776,40.90868201886695,17.29394185961396,23.61474015925299,3.0392125352092765,3.0392125352092605,-0.0006011444796377611
156,6.24,-0.18244880966838745,-5.232314360446207,0.3276199529105681,18.771240586050325,0.6534298053064648,-0.25601740318804356,0.07203639959555512,-14.451561169604362,40.50420597185462,3.993806776794183,2.8194270131138985,0.9582323057430353,2.8289235576852456,0.41147026612621257,40.6551311998127,17.03167863206185,23.623452567750846,2.9778142712476225,2.9778142712476168,-0.0005771011418654766
157,6.28,-0.15649127510017097,-5.2424361269088635,0.33045675380714457,18.93377730474308,0.6489383642054121,-0.2530441615664249,0.07092002241440575,-14.903867237401554,40.63414518533686,4.001637203594505,2.759504452625263,0.9466074076374489,2.7714823999888862,0.4142643566307446,40.422267565356975,16.772533579161642,23.649733986195333,2.917349894725139,2.9173498947251324,-0.0005539030532884359
158,6.32,-0.13071311722312298,-5.252440356571692,0.33324939434918566,19.093783821499162,0.6444539469261995,-0.25010574157071885,0.0698160135510287,-15.35213516984063,40.76258673740792,4.009686433295158,2.7005770032740224,0.9348305193451243,2.7149105668671334,0.41705640276169503,40.20968357158957,16.516494080250922,23.69318949133865,2.8578005967022353,2.8578005967022215,-0.0005315211676801579
159,6.36,-0.10511403431425254,-5.262328432766651,0.335998367167587,19.251288361989744,0.6399770727217612,-0.2472019048739679,0.06872432046003753,-15.796391939884863,40.8895547716104,4.017946215840925,2.6426242397755715,0.9229123674424059,2.659190699224434,0.4198456165449989,40.01697584083609,16.263546511146487,23.753429329689602,2.799148104446742,2.7991481044467017,-0.0005099275488477497
160,6.4,-0.07969370455652969,-5.272101729129953,0.3387041626021001,19.40631902061311,0.6355082439430714,-0.2443324090825409,0.06764488586282619,-16.23666436048,41.01507304425542,4.026408678022982,2.585626255411707,0.9108632795597924,2.604305930506192,0.42263124557610704,39.843745216626246,16.013676302154344,23.8300689144719,2.741374663690677,2.7413746636906065,-0.0004890953219661406
161,6.44,-0.054451786696399246,-5.281761609450316,0.3413672685247793,19.55890375037892,0.6310479465032611,-0.2414970080090818,0.06657764806697605,-16.67297908641034,41.1391649311527,4.035066305996492,2.5295636486984816,0.8986931990069309,2.5502398713023027,0.4254125716815019,39.68959681316868,15.766867993608258,23.922728819560422,2.684463022423406,2.684463022423309,-0.00046899862759885996
162,6.48,-0.0293879206832183,-5.291309427527688,0.34398817017560246,19.70907035348996,0.6265966503295236,-0.23869545193428637,0.06552254127057947,-17.10536261612466,41.26185343416739,4.043911928531703,2.47441750994077,0.8864116987072298,2.4969765940191686,0.428188909619578,39.554140059611534,15.5231052890533,24.031034770558236,2.6283964147569367,2.628396414756822,-0.0004496125777416464
163,6.5200000000000005,-0.004501728291103981,-5.300746527042008,0.34656735000968064,19.85684647258789,0.622154809802858,-0.23592748785801826,0.0644794958519533,-17.53384129352211,41.38316118761289,4.052938700980406,2.420169408185349,0.8740279946379762,2.4445006181231963,0.43095960582118525,39.43698873932368,15.28237110615293,24.154617633170755,2.5731585453927495,2.573158545392628,-0.00043091321398513414
164,6.5600000000000005,0.020207186276335977,-5.310074241431614,0.3491052875554961,20.002259582630906,0.617722864185999,-0.23319285974015574,0.0634484386453843,-17.958441309700024,41.503110464484664,4.062140089927528,2.3668013784820583,0.8615509587646523,2.3927968958542754,0.43372403716991054,39.33776102443511,15.044647625408398,24.293113399026716,2.51873357458336,2.5187335745832393,-0.0004128774676575855
165,6.6000000000000005,0.04473923579792902,-5.319293893780877,0.35160245928363576,20.1453369833727,0.6133012380398261,-0.23049130873156332,0.06242929320349207,-18.379188704663687,41.62172318254045,4.071509858500847,2.314295909448198,0.8489891314871172,2.3418507983943546,0.43648160982196954,39.25607950586327,14.809916336774293,24.446163169088976,2.465106103572922,2.465106103572808,-0.0003954831218485514
166,6.640000000000001,0.06909484946307055,-5.3284067967167,0.35405933848550664,20.28610579241337,0.6088903416285384,-0.22782257339556794,0.06142198004677277,-18.796109368998152,41.73902091023238,4.081042052312858,2.2626359311315496,0.8363507336149709,2.2916481024769495,0.4392317580654184,39.19157121904354,14.578158084251164,24.61341313479237,2.412261160501976,2.412261160501871,-0.0003787087752196136
167,6.68,0.09327447231562562,-5.337414252313512,0.35647639516154106,20.424592938794063,0.6044905713138766,-0.22518638992030673,0.06042641690086469,-19.209229045502326,41.855024872495946,4.090730986009781,2.2118048031672206,0.8236436778889522,2.2421749774237822,0.44197394321824607,39.143867665573026,14.349353108533432,24.79451455703959,2.360184186761806,2.3601841867617086,-0.00036253380751323283
168,6.72,0.11727856471317233,-5.346317552006404,0.35885409591842343,20.560825157108486,0.6001023099386679,-0.22258249232229857,0.059442518922055806,-19.618573330785512,41.969755956401045,4.100571230403609,2.161786303223734,0.8108755800648644,2.1934179725954377,0.44470765256478956,39.112604830968884,14.123481087788171,24.989123743180713,2.308861023784605,2.308861023784513,-0.00034693834667543064
169,6.76,0.14110760180117093,-5.355117976512068,0.3611929038748847,20.69482898210533,0.595725927199965,-0.22001061264157995,0.05847019891153308,-20.024167676826774,42.08323471666965,4.110557600164084,2.1125646157334734,0.7980537695759902,2.1453640052431204,0.44743239832981163,39.09742319873385,13.900521176637756,25.196902022096097,2.2582779002558504,2.2582779002557603,-0.0003319032375123302
170,6.8,0.1647620730016527,-5.3638167957572165,0.36349327857563907,20.826630743757228,0.5913617800120439,-0.21747048112873216,0.05750936751885391,-20.42603739249733,42.195481381065015,4.120685142048162,2.0641243209027116,0.7851852997895681,2.0980003487491237,0.45014771668949605,39.09796776091432,13.68045204341669,25.417515717497633,2.2084214197358527,2.2084214197357612,-0.0003174100118047599
171,6.84,0.1882424815160335,-5.372415268814181,0.3657556759130429,20.9562565627721,0.5870102128595204,-0.21496182642411493,0.05655993343510121,-20.824207645046577,42.306515855656706,4.130949123645653,2.0164503839963444,0.7722769578724082,2.0513146212439697,0.4528531668185474,39.11388802532861,13.463251905770663,25.65063611955795,2.159278548677793,2.159278548677698,-0.00030344085980901244
172,6.88,0.21154934384166713,-5.380914643843365,0.3679805480560896,21.083732346524904,0.5826715581408404,-0.21248437572961007,0.055621803576165495,-21.218703461551947,42.41635772996594,4.141345022620161,1.9695281448925568,0.7593352742803634,2.005294774588687,0.45554832997252886,39.14483801963562,13.24889856466332,25.895939454972304,2.1108366048301246,2.110836604830026,-0.00028997860307559796
173,6.92,0.23468318930176285,-5.389316158042292,0.37016834338635274,21.20908378538741,0.5783461365023927,-0.21003785497316646,0.05469488325658009,-21.60954973033323,42.52502628199533,4.151868516425654,1.9233433079026008,0.7463665318858727,1.9599290837110266,0.4582328086045254,39.19047629240757,13.037369436853968,26.1531068555536,2.0630832460115327,2.0630832460114314,-0.00027700666852130423
174,6.96,0.25764455958830246,-5.397621037600949,0.3723195064405256,21.332336349435987,0.5740342571634894,-0.20762198896642733,0.053779076354318806,-21.996771202331857,42.63254048314701,4.162515472479273,1.8778819318507587,0.7333767747573652,1.9152061362846813,0.46090622551519284,39.250465911363186,12.828641585907134,26.421824325456054,2.016006459246959,2.016006459246858,-0.00026450906369317114
175,7.0,0.2804340083176005,-5.405830497663177,0.3744344778592037,21.45351528551704,0.5697362182324511,-0.20523650155570958,0.052874285466949174,-22.380392492455552,42.73891900303322,4.173281938772133,1.8331304204095864,0.7203718166038495,1.871114822740955,0.46356822303522555,39.32447445891195,12.622691751792699,26.701782707119254,1.9695945502535648,1.969594550253467,-0.0002524703531661213
176,7.04,0.30305210059816184,-5.413945742293841,0.3765136943415843,21.57264561465149,0.5654523070140337,-0.20288111576659476,0.051980412059519004,-22.760438080889166,42.84418021418277,4.18416413490025,1.7890755126855966,0.7073572488976313,1.8276443266026967,0.46621846223926494,39.41217402515282,12.419496379133212,26.992677646019608,1.92383613326593,1.9238361332658394,-0.00024087563601897556
177,7.08,0.32549941261049875,-5.421967964451536,0.3785575886057657,21.689752129760077,0.5611828003084226,-0.20055555394238114,0.051097356604538936,-23.13693231437203,42.948342196647346,4.19515844349854,1.7457042740503028,0.6943384486875716,1.7847841151304276,0.4688566221902595,39.51324119846579,12.21903164415285,27.29420955431294,1.8787201211898645,1.8787201211897844,-0.00022971052433632368
178,7.12,0.34777653119857954,-5.429898345966602,0.3805665893543422,21.80485939369213,0.55692796470202,-0.19825953787663664,0.05022501871440931,-23.50989940744267,43.05142274251063,4.20626140206152,1.703004087211879,0.6813205861150083,1.7425239302711788,0.47148239921328944,39.6273570538281,12.021273480380552,27.606083573447545,1.8342357160748755,1.834235716074808,-0.0002189611226864706
179,7.16,0.3698840534725893,-5.437738057524205,0.38254112124500717,21.91799173754122,0.5526880568502432,-0.19599278894008298,0.04936329726662588,-23.87936344365139,43.15343936030408,4.217469695134834,1.6609626435224536,0.668308631643956,1.700853779900638,0.47409550619786894,39.7542071389819,11.826197603157832,27.928009535824064,1.7903723998953693,1.790372399895316,-0.00020861400852812534
180,7.2,0.39182258642269124,-5.445488258652286,0.3844816048658908,22.029173259232117,0.5484633237525482,-0.19375502820203283,0.04851209052208541,-24.245348376741422,43.254409279332116,4.228780146862379,1.619567934516095,0.6553073630168041,1.6597639293494868,0.47669567192774936,39.89348145857421,11.633779532999942,28.259701925574266,1.7471199256310097,1.7471199256309704,-0.00019865621350089726
